username,followers,bio,shortcode,caption,likesCount,commentsCount,viewCount,videoUrl,timestamp
minaaaparkerx,108273,check my highlights✨,DdXRswosxw9,don’t lie pls,334,26,20278,https://scontent-bru2-1.cdninstagram.com/o1/v/t16/f2/m84/AQPg_DG_pn_tlDOCFTPpoosBO4BuK2ldQCNnWogFqczgxxtk23WWTpYhF5Nkr_eDuVhdfx-Ej_7aFMISfPpUeo0J_B2_AF00U99m3jk.mp4?_nc_cat=100&_nc_sid=5e9851&_nc_ht=scontent-bru2-1.cdninstagram.com&_nc_ohc=ZmJLZxZM10wQ7kNvwFW8n1i&efg=eyJ2ZW5jb2RlX3RhZyI6Inhwdl9wcm9ncmVzc2l2ZS5JTlNUQUdSQU0uQ0xJUFMuQzMuNzIwLmRhc2hfYmFzZWxpbmVfMV92MSIsInhwdl9hc3NldF9pZCI6NDQ4OTgxNzg3MTMzNDI0MCwiYXNzZXRfYWdlX2RheXMiOjIsInZpX3VzZWNhc2VfaWQiOjEwODI3LCJkdXJhdGlvbl9zIjo1LCJ1cmxnZW5fc291cmNlIjoid3d3In0%3D&ccb=17-1&vs=c306734a026656b7&_nc_vs=HBksFQIYTGlnX2JhY2tmaWxsX3RpbWVsaW5lX3ZvZC9GMDRCQkIyRkYyQTQ4MzNCM0M5QkQ0MjQ3ODg2NzlBMl92aWRlb19kYXNoaW5pdC5tcDQVAALIARIAFQIYUWlnX3hwdl9wbGFjZW1lbnRfcGVybWFuZW50X3YyLzVGNDI1Q0ZGRkMyMjQ0Qjc2Q0MxNDk5NTA0MDhFOEE3X2F1ZGlvX2Rhc2hpbml0Lm1wNBUCAsgBEgAoABgAGwKIB3VzZV9vaWwBMRJwcm9ncmVzc2l2ZV9yZWNpcGUBMRUAACbA7Z315d35DxUCKAJDMywXQBQAAAAAAAAYEmRhc2hfYmFzZWxpbmVfMV92MREAdf4HZZapAQA&_nc_gid=G-9oFKMLUo78TNHlUvISkw&_nc_ss=7a3ba&_nc_zt=28&oh=00_AQK-blpnMaeL1Zz5IKCaQLpNdzqthGQIt3dMy4Tnk9aYgQ&oe=6AB06AF4,1789594960
minaaaparkerx,108273,check my highlights✨,DdPLitSsbFD,"would u be mad? 😩

#fyp#explore#usa",1230,80,23052,https://scontent-bru2-1.cdninstagram.com/o1/v/t16/f2/m84/AQN0KC7R97bEFdgZeNYPpzsXThWWmnfJzn-j_80tdnQCIr8ZFWj5RQm3-IFQyW4-JOI-lDJzHfL5UWRcoEP6vIRrVdfMRRI0acdTL7s.mp4?_nc_cat=101&_nc_sid=5e9851&_nc_ht=scontent-bru2-1.cdninstagram.com&_nc_ohc=lzV86TnjqHwQ7kNvwGg0IIk&efg=eyJ2ZW5jb2RlX3RhZyI6Inhwdl9wcm9ncmVzc2l2ZS5JTlNUQUdSQU0uQ0xJUFMuQzMuNzIwLmRhc2hfYmFzZWxpbmVfMV92MSIsInhwdl9hc3NldF9pZCI6MzM3MDQxMzIwMzEzNzIzMiwiYXNzZXRfYWdlX2RheXMiOjUsInZpX3VzZWNhc2VfaWQiOjEwODI3LCJkdXJhdGlvbl9zIjo5LCJ1cmxnZW5fc291cmNlIjoid3d3In0%3D&ccb=17-1&vs=93cd2e43d4516b79&_nc_vs=HBksFQIYTGlnX2JhY2tmaWxsX3RpbWVsaW5lX3ZvZC80MTREMTkzNThBRDg3Njk4REM4RDk5MjkwNjFGMjhCNF92aWRlb19kYXNoaW5pdC5tcDQVAALIARIAFQIYUWlnX3hwdl9wbGFjZW1lbnRfcGVybWFuZW50X3YyL0I0NEY4RTE5ODY0REE2MkMwQjM0RUI0MDlGMUNCMUE2X2F1ZGlvX2Rhc2hpbml0Lm1wNBUCAsgBEgAoABgAGwKIB3VzZV9vaWwBMRJwcm9ncmVzc2l2ZV9yZWNpcGUBMRUAACagi8Gb79f8CxUCKAJDMywXQCK7ZFocrAgYEmRhc2hfYmFzZWxpbmVfMV92MREAdf4HZZapAQA&_nc_gid=G-9oFKMLUo78TNHlUvISkw&_nc_ss=7a3ba&_nc_zt=28&oh=00_AQLermzWOUePNroEIWMVLhuuE4lfyCpeTkYCPJwTI7khZA&oe=6AB07177,1789323335
minaaaparkerx,108273,check my highlights✨,DdU3niRMF38,"heyy

#fypppppppppppppppppppppppppppppppppppppppppppppppppppppppppppppppppppppp #explore#usa#reels#viral",840,35,19160,https://scontent-bru2-1.cdninstagram.com/o1/v/t16/f2/m84/AQPsrrj-_FzaHA9wIl4hMRQ66A5eL7MIxzi5KFEGimzV4KYPhETNnAdPfkkTtmeL_sxQc10iA3bz6IteQ_iN8yfmtluKHbVH5FkNapE.mp4?_nc_cat=107&_nc_sid=5e9851&_nc_ht=scontent-bru2-1.cdninstagram.com&_nc_ohc=szFv4IbgE9QQ7kNvwHSJ90e&efg=eyJ2ZW5jb2RlX3RhZyI6Inhwdl9wcm9ncmVzc2l2ZS5JTlNUQUdSQU0uQ0xJUFMuQzMuNzIwLmRhc2hfYmFzZWxpbmVfMV92MSIsInhwdl9hc3NldF9pZCI6MTQxOTc0NzY5MzQxOTQ4NCwiYXNzZXRfYWdlX2RheXMiOjMsInZpX3VzZWNhc2VfaWQiOjEwODI3LCJkdXJhdGlvbl9zIjo1LCJ1cmxnZW5fc291cmNlIjoid3d3In0%3D&ccb=17-1&vs=ae0c65d57d38b2ef&_nc_vs=HBksFQIYTGlnX2JhY2tmaWxsX3RpbWVsaW5lX3ZvZC9GRjQ4NkFGODQ3REY0MjlCNEE0NEIxQjZCREEwRTU4Ml92aWRlb19kYXNoaW5pdC5tcDQVAALIARIAFQIYUWlnX3hwdl9wbGFjZW1lbnRfcGVybWFuZW50X3YyLzNBNDgwNEIyM0M3NzY5QzlCQkFCMUZDMjkwREYwMkFDX2F1ZGlvX2Rhc2hpbml0Lm1wNBUCAsgBEgAoABgAGwKIB3VzZV9vaWwBMRJwcm9ncmVzc2l2ZV9yZWNpcGUBMRUAACa47_7OmNCFBRUCKAJDMywXQBaIMSbpeNUYEmRhc2hfYmFzZWxpbmVfMV92MREAdf4HZZapAQA&_nc_gid=G-9oFKMLUo78TNHlUvISkw&_nc_ss=7a3ba&_nc_zt=28&oh=00_AQLePfmoYj8Z39s5P_oLJHAC21lFNWw900tAp7oOhp-9fw&oe=6AB06571,1789514211
minaaaparkerx,108273,check my highlights✨,DdU3eRCsmEf,where are they?,290,18,11031,https://scontent-bru2-1.cdninstagram.com/o1/v/t16/f2/m84/AQMje1LB-Ksu-bNFYFWJvCd0guNZ2n0qrkr0T-zhcQIIGqW0rIKP5vz5nTnh7GIKWXWNPGV-AqzuWo_lB79BMX6C58fw2jK5AGng4n0.mp4?_nc_cat=106&_nc_sid=5e9851&_nc_ht=scontent-bru2-1.cdninstagram.com&_nc_ohc=SXSsz5z8FCUQ7kNvwG0uwd9&efg=eyJ2ZW5jb2RlX3RhZyI6Inhwdl9wcm9ncmVzc2l2ZS5JTlNUQUdSQU0uQ0xJUFMuQzMuNzIwLmRhc2hfYmFzZWxpbmVfMV92MSIsInhwdl9hc3NldF9pZCI6MTk2NzM5MTYyNDIzNTQ3MiwiYXNzZXRfYWdlX2RheXMiOjMsInZpX3VzZWNhc2VfaWQiOjEwODI3LCJkdXJhdGlvbl9zIjoxMywidXJsZ2VuX3NvdXJjZSI6Ind3dyJ9&ccb=17-1&vs=41c3a45fbe973831&_nc_vs=HBksFQIYTGlnX2JhY2tmaWxsX3RpbWVsaW5lX3ZvZC9GNzQxOUNERDI5MkFFOUM0Qjk2RTREQUU2NTE5NzZCOF92aWRlb19kYXNoaW5pdC5tcDQVAALIARIAFQIYUWlnX3hwdl9wbGFjZW1lbnRfcGVybWFuZW50X3YyL0VCNEY2QTVCQThBMDY0RTM4Mzc0MTQxQkY5ODc2Q0IzX2F1ZGlvX2Rhc2hpbml0Lm1wNBUCAsgBEgAoABgAGwKIB3VzZV9vaWwBMRJwcm9ncmVzc2l2ZV9yZWNpcGUBMRUAACagp6zuodX-BhUCKAJDMywXQCszMzMzMzMYEmRhc2hfYmFzZWxpbmVfMV92MREAdf4HZZapAQA&_nc_gid=G-9oFKMLUo78TNHlUvISkw&_nc_ss=7a3ba&_nc_zt=28&oh=00_AQJUjOfI7YJUOTptlF43ykhHZc38Em4RcKLoweWnLqa52A&oe=6AB04196,1789514117
minaaaparkerx,108273,check my highlights✨,DdR2vOsMkux,,12476,209,266293,https://scontent-bru2-1.cdninstagram.com/o1/v/t16/f2/m84/AQPX6pfjCMc7IKkUfsGraCFcClSupSoD-DCYRGbbENLJ7i33txUBacwebeJZGst2NhN1NHgHOxJNwLC2HuJIeR2iBSMThsi7nI2fszk.mp4?_nc_cat=100&_nc_sid=5e9851&_nc_ht=scontent-bru2-1.cdninstagram.com&_nc_ohc=oxwBjdJ_1aUQ7kNvwFTx3Ph&efg=eyJ2ZW5jb2RlX3RhZyI6Inhwdl9wcm9ncmVzc2l2ZS5JTlNUQUdSQU0uQ0xJUFMuQzMuNzIwLmRhc2hfYmFzZWxpbmVfMV92MSIsInhwdl9hc3NldF9pZCI6MzA3MDM3NjI0OTk3MDIwMiwiYXNzZXRfYWdlX2RheXMiOjQsInZpX3VzZWNhc2VfaWQiOjEwODI3LCJkdXJhdGlvbl9zIjo5LCJ1cmxnZW5fc291cmNlIjoid3d3In0%3D&ccb=17-1&vs=52e8c6adf50ffda3&_nc_vs=HBksFQIYTGlnX2JhY2tmaWxsX3RpbWVsaW5lX3ZvZC9FNzRGMzdFNDI1Q0E0NkQ3Mzc1Q0E2MEMzRDUwMkNCNF92aWRlb19kYXNoaW5pdC5tcDQVAALIARIAFQIYUWlnX3hwdl9wbGFjZW1lbnRfcGVybWFuZW50X3YyLzg0NDVBNzRDNjdDNzhFQTI4RjdDMUUyMTFGMDdFN0E1X2F1ZGlvX2Rhc2hpbml0Lm1wNBUCAsgBEgAoABgAGwKIB3VzZV9vaWwBMRJwcm9ncmVzc2l2ZV9yZWNpcGUBMRUAACa0uKbbtZ_0ChUCKAJDMywXQCPdsi0OVgQYEmRhc2hfYmFzZWxpbmVfMV92MREAdf4HZZapAQA&_nc_gid=G-9oFKMLUo78TNHlUvISkw&_nc_ss=7a3ba&_nc_zt=28&oh=00_AQLZXRbsj33bxjYAzs7uWydpd0ZZXxJLI_LsX_fASGyIDw&oe=6AB07140,1789413054
minaaaparkerx,108273,check my highlights✨,DdRsU0Dsp-j,send to that person😋,2652,115,119778,https://scontent-bru2-1.cdninstagram.com/o1/v/t16/f2/m84/AQPUK0cm7CZ2NLlU6_EmepERtOJJeO2PeBZxKTJQK6TFuUmscFkHd_x8XL_O-D3L8nX1X4YUTjPjs-7nYQK4CLFTDTKcDAzzHXbSB5Y.mp4?_nc_cat=100&_nc_sid=5e9851&_nc_ht=scontent-bru2-1.cdninstagram.com&_nc_ohc=IrKGWFD8z_8Q7kNvwHxkYmj&efg=eyJ2ZW5jb2RlX3RhZyI6Inhwdl9wcm9ncmVzc2l2ZS5JTlNUQUdSQU0uQ0xJUFMuQzMuNzIwLmRhc2hfYmFzZWxpbmVfMV92MSIsInhwdl9hc3NldF9pZCI6Mjg4MTA1MzIxODg1NzI5MTksImFzc2V0X2FnZV9kYXlzIjo0LCJ2aV91c2VjYXNlX2lkIjoxMDgyNywiZHVyYXRpb25fcyI6NywidXJsZ2VuX3NvdXJjZSI6Ind3dyJ9&ccb=17-1&vs=219c959491bb860&_nc_vs=HBksFQIYTGlnX2JhY2tmaWxsX3RpbWVsaW5lX3ZvZC81MzQ2NTIyRDEwNkIyMTQwM0RBMzY1MzNGRkYyNTNBMl92aWRlb19kYXNoaW5pdC5tcDQVAALIARIAFQIYUWlnX3hwdl9wbGFjZW1lbnRfcGVybWFuZW50X3YyL0JCNDE0N0Y5ODlCQjFBQTM1NjkwQ0E3QzM0MEVCN0JCX2F1ZGlvX2Rhc2hpbml0Lm1wNBUCAsgBEgAoABgAGwKIB3VzZV9vaWwBMRJwcm9ncmVzc2l2ZV9yZWNpcGUBMRUAACbus56O2MGtZhUCKAJDMywXQBwAAAAAAAAYEmRhc2hfYmFzZWxpbmVfMV92MREAdf4HZZapAQA&_nc_gid=G-9oFKMLUo78TNHlUvISkw&_nc_ss=7a3ba&_nc_zt=28&oh=00_AQLH5kxm2oCUUs47-Pxezt4nW2xP8d7DvAr7FNfcYums9w&oe=6AB04BDC,1789407613
minaaaparkerx,108273,check my highlights✨,DdRg9kFsr10,#fyp#explore#usa#reels#american,583,7,33305,https://scontent-bru2-1.cdninstagram.com/o1/v/t16/f2/m84/AQOo9DIbDojmMgBmpV4X_UAEK8vCPPQjcTue8hhCIES1zB12EZ3QPOiT17LIcYHAP5vlzuMYPUMpTaQIJ5WmUO5jr0aad0Q_WP4HLFc.mp4?_nc_cat=100&_nc_sid=5e9851&_nc_ht=scontent-bru2-1.cdninstagram.com&_nc_ohc=PmNZxBuTus0Q7kNvwEyKDPD&efg=eyJ2ZW5jb2RlX3RhZyI6Inhwdl9wcm9ncmVzc2l2ZS5JTlNUQUdSQU0uQ0xJUFMuQzMuNzIwLmRhc2hfYmFzZWxpbmVfMV92MSIsInhwdl9hc3NldF9pZCI6MTc0ODE1NDM1MzE3OTk1NSwiYXNzZXRfYWdlX2RheXMiOjQsInZpX3VzZWNhc2VfaWQiOjEwODI3LCJkdXJhdGlvbl9zIjoxMCwidXJsZ2VuX3NvdXJjZSI6Ind3dyJ9&ccb=17-1&vs=145bb43966001690&_nc_vs=HBksFQIYTGlnX2JhY2tmaWxsX3RpbWVsaW5lX3ZvZC8zODQ2MTM3Q0VBMjdBOTAxMTdDNzUwRkM3MDFERUM4Q192aWRlb19kYXNoaW5pdC5tcDQVAALIARIAFQIYUWlnX3hwdl9wbGFjZW1lbnRfcGVybWFuZW50X3YyLzM4NEI3QkQ3MURFRjg1NTRDNjVFRDFCMUVBODA0NjkwX2F1ZGlvX2Rhc2hpbml0Lm1wNBUCAsgBEgAoABgAGwKIB3VzZV9vaWwBMRJwcm9ncmVzc2l2ZV9yZWNpcGUBMRUAACbm9N7z_PuaBhUCKAJDMywXQCQhysCDEm8YEmRhc2hfYmFzZWxpbmVfMV92MREAdf4HZZapAQA&_nc_gid=G-9oFKMLUo78TNHlUvISkw&_nc_ss=7a3ba&_nc_zt=28&oh=00_AQLIjVsNPVcXmObTA-sH0LqOMmGYHxpV2uGqz2czHUJTMg&oe=6AB05090,1789401690
minaaaparkerx,108273,check my highlights✨,DdPG-wNswR9,got ya 😋,4332,257,158987,https://scontent-bru2-1.cdninstagram.com/o1/v/t16/f2/m84/AQOEsF9KmZkJalY7T14vz_etjDS9JBIdYiAlYmH8KuF5ayZzLPSn0Asfj2qWp1v9iyNaJhEqq-D0bijqSmJU_jyC_u-5Y7Z9qtlf4As.mp4?_nc_cat=100&_nc_sid=5e9851&_nc_ht=scontent-bru2-1.cdninstagram.com&_nc_ohc=gNtw2OnD7LYQ7kNvwEVc7mK&efg=eyJ2ZW5jb2RlX3RhZyI6Inhwdl9wcm9ncmVzc2l2ZS5JTlNUQUdSQU0uQ0xJUFMuQzMuNzIwLmRhc2hfYmFzZWxpbmVfMV92MSIsInhwdl9hc3NldF9pZCI6MTA1MTY4MTc4MDk4OTMyNiwiYXNzZXRfYWdlX2RheXMiOjUsInZpX3VzZWNhc2VfaWQiOjEwODI3LCJkdXJhdGlvbl9zIjoxNywidXJsZ2VuX3NvdXJjZSI6Ind3dyJ9&ccb=17-1&vs=b7f9d7c82a80d807&_nc_vs=HBksFQIYTGlnX2JhY2tmaWxsX3RpbWVsaW5lX3ZvZC9EMDQ3RDU2MEZFMEY2NTRFM0U4MTBBQkY4MTVBODg4N192aWRlb19kYXNoaW5pdC5tcDQVAALIARIAFQIYUWlnX3hwdl9wbGFjZW1lbnRfcGVybWFuZW50X3YyL0VGNEY4MjA2RTNDMUZBMDUwQkI5QTY1QjNDOTdCQ0FEX2F1ZGlvX2Rhc2hpbml0Lm1wNBUCAsgBEgAoABgAGwKIB3VzZV9vaWwBMRJwcm9ncmVzc2l2ZV9yZWNpcGUBMRUAACac9sfv95_eAxUCKAJDMywXQDGKfvnbItEYEmRhc2hfYmFzZWxpbmVfMV92MREAdf4HZZapAQA&_nc_gid=G-9oFKMLUo78TNHlUvISkw&_nc_ss=7a3ba&_nc_zt=28&oh=00_AQIcqXaC0ZXm0q-SvcBFnuu5ZzItzvht8UTupXa6Y4sEIg&oe=6AB063D8,1789320963
minaaaparkerx,108273,check my highlights✨,DdN_eLOsnJB,🤷‍♀️,1451,508,49496,https://scontent-arn2-1.cdninstagram.com/o1/v/t16/f2/m84/AQO3OT_PFbbn3i219Cpdj6QWmzovkOSw3tbaB9vJMbAhLQZcRTvxX0svRsGu9_UPlV8L9o4wazQeQfJujQUc9l_46bwl2AH5WNQG_iE.mp4?_nc_cat=107&_nc_sid=5e9851&_nc_ht=scontent-arn2-1.cdninstagram.com&_nc_ohc=fm3KCZZ6wmAQ7kNvwHtlyVG&efg=eyJ2ZW5jb2RlX3RhZyI6Inhwdl9wcm9ncmVzc2l2ZS5JTlNUQUdSQU0uQ0xJUFMuQzMuNzIwLmRhc2hfYmFzZWxpbmVfMV92MSIsInhwdl9hc3NldF9pZCI6MTYyMTkxMjQ0NjI5NTEwNiwiYXNzZXRfYWdlX2RheXMiOjYsInZpX3VzZWNhc2VfaWQiOjEwODI3LCJkdXJhdGlvbl9zIjoxOSwidXJsZ2VuX3NvdXJjZSI6Ind3dyJ9&ccb=17-1&vs=84f43609d65f4248&_nc_vs=HBksFQIYTGlnX2JhY2tmaWxsX3RpbWVsaW5lX3ZvZC8yNjQ2M0Y5Qzk3REYyMjhEQzI4MEQ0RTA1OTA2NjA5Ql92aWRlb19kYXNoaW5pdC5tcDQVAALIARIAFQIYUWlnX3hwdl9wbGFjZW1lbnRfcGVybWFuZW50X3YyLzM2NENDQ0VCNzBDMEVCOUVGRjlEOEVGMjZEODFCQTkxX2F1ZGlvX2Rhc2hpbml0Lm1wNBUCAsgBEgAoABgAGwKIB3VzZV9vaWwBMRJwcm9ncmVzc2l2ZV9yZWNpcGUBMRUAACaE8b6z3cfhBRUCKAJDMywXQDMiDEm6XjUYEmRhc2hfYmFzZWxpbmVfMV92MREAdf4HZZapAQA&_nc_gid=IoedUuSzsp61FqfQdVex5Q&_nc_ss=7a3ba&_nc_zt=28&oh=00_AQKioQDyrO1kGzUc9xrmAeZUlFcN82VAonkeqqL7QwUVhg&oe=6AB05331,1789283438
minaaaparkerx,108273,check my highlights✨,DdN_PPsMSLl,💅💅💅,272,1,22563,https://scontent-arn2-1.cdninstagram.com/o1/v/t16/f2/m84/AQP3YwxZ14_0t4oiod0n2XrT0Cu4vRbhF8yZHQeJgpVnL7wuY3zAAIOschb-T_kU8dBx25t6rrHu1TQ-CcaNiOohFqHi8TUY4csALy4.mp4?_nc_cat=100&_nc_sid=5e9851&_nc_ht=scontent-arn2-1.cdninstagram.com&_nc_ohc=J2aBJ0C2ivkQ7kNvwHJPSyk&efg=eyJ2ZW5jb2RlX3RhZyI6Inhwdl9wcm9ncmVzc2l2ZS5JTlNUQUdSQU0uQ0xJUFMuQzMuNzIwLmRhc2hfYmFzZWxpbmVfMV92MSIsInhwdl9hc3NldF9pZCI6MTA0NjM1NDQ4ODE3NTgzNywiYXNzZXRfYWdlX2RheXMiOjYsInZpX3VzZWNhc2VfaWQiOjEwODI3LCJkdXJhdGlvbl9zIjo4LCJ1cmxnZW5fc291cmNlIjoid3d3In0%3D&ccb=17-1&vs=8d01981dc4793cc1&_nc_vs=HBksFQIYTGlnX2JhY2tmaWxsX3RpbWVsaW5lX3ZvZC81MzQxMjE1QTYyQjYzQzU2RjBDNzIxMTQ2ODJCMDJCNV92aWRlb19kYXNoaW5pdC5tcDQVAALIARIAFQIYUWlnX3hwdl9wbGFjZW1lbnRfcGVybWFuZW50X3YyL0E2NDdERkNGMEI1QTIwODJBNTAzOUE3QzM2OEZFODhEX2F1ZGlvX2Rhc2hpbml0Lm1wNBUCAsgBEgAoABgAGwKIB3VzZV9vaWwBMRJwcm9ncmVzc2l2ZV9yZWNpcGUBMRUAACa6s5257OnbAxUCKAJDMywXQCAQ5WBBiTcYEmRhc2hfYmFzZWxpbmVfMV92MREAdf4HZZapAQA&_nc_gid=IoedUuSzsp61FqfQdVex5Q&_nc_ss=7a3ba&_nc_zt=28&oh=00_AQKhOM_km-TPfYLY2pwgXG-upkzHrU6KnhPZYPzOgHlAyw&oe=6AB04F6C,1789283304
minaaaparkerx,108273,check my highlights✨,DdMh6mMs_Bu,😘,472,12,22543,https://scontent-arn2-1.cdninstagram.com/o1/v/t16/f2/m84/AQNgLs_INBTaCoVnDJZe0ayNbhNtgU2tNew1pNNpTalSnD47LR9LqRJ4NPoAWUA1ABQoPfMKcFqQXK4ZzvOM_S9tHgvG1OGOt7ODz6M.mp4?_nc_cat=103&_nc_sid=5e9851&_nc_ht=scontent-arn2-1.cdninstagram.com&_nc_ohc=3zOue92Ix7wQ7kNvwFcc7xt&efg=eyJ2ZW5jb2RlX3RhZyI6Inhwdl9wcm9ncmVzc2l2ZS5JTlNUQUdSQU0uQ0xJUFMuQzMuNzIwLmRhc2hfYmFzZWxpbmVfMV92MSIsInhwdl9hc3NldF9pZCI6MjUzOTU2NzgxMzE3MzEyMSwiYXNzZXRfYWdlX2RheXMiOjYsInZpX3VzZWNhc2VfaWQiOjEwODI3LCJkdXJhdGlvbl9zIjoxMSwidXJsZ2VuX3NvdXJjZSI6Ind3dyJ9&ccb=17-1&vs=acfd4f68bde1dbf1&_nc_vs=HBksFQIYTGlnX2JhY2tmaWxsX3RpbWVsaW5lX3ZvZC9DRjQ0N0NFQTM0MTBFRTYyNTAxNTU2QjA1QjJDRTU4Rl92aWRlb19kYXNoaW5pdC5tcDQVAALIARIAFQIYUWlnX3hwdl9wbGFjZW1lbnRfcGVybWFuZW50X3YyLzAzNEUyRkRGREYzRjZDRDlBMTUyODQ0OEM3NkRFNEE2X2F1ZGlvX2Rhc2hpbml0Lm1wNBUCAsgBEgAoABgAGwKIB3VzZV9vaWwBMRJwcm9ncmVzc2l2ZV9yZWNpcGUBMRUAACaC_pjWpu6CCRUCKAJDMywXQCYhysCDEm8YEmRhc2hfYmFzZWxpbmVfMV92MREAdf4HZZapAQA&_nc_gid=IoedUuSzsp61FqfQdVex5Q&_nc_ss=7a3ba&_nc_zt=28&oh=00_AQIjRqOMxcSoZzQZ2HleBBU6teDaudDxhK8iRrdm_Lr9cg&oe=6AB06F15,1789234383
minaaaparkerx,108273,check my highlights✨,DdMSEvKMP8k,Hmm,392,27,24211,https://scontent-arn2-1.cdninstagram.com/o1/v/t16/f2/m84/AQNXwepuMPwq7jGJ2xxd4p39Rfv2kb0UVCHz-DqF4zSrf4V_gm3foUXyT3ocsrYTJqPt0MIbXe3OhUKTDiiRou4_74rL5ybSKfn8Pl0.mp4?_nc_cat=100&_nc_sid=5e9851&_nc_ht=scontent-arn2-1.cdninstagram.com&_nc_ohc=KMclpL5xJY0Q7kNvwFUyQAj&efg=eyJ2ZW5jb2RlX3RhZyI6Inhwdl9wcm9ncmVzc2l2ZS5JTlNUQUdSQU0uQ0xJUFMuQzMuNzIwLmRhc2hfYmFzZWxpbmVfMV92MSIsInhwdl9hc3NldF9pZCI6MTcwNzU5MzM1MDMyMjgyNSwiYXNzZXRfYWdlX2RheXMiOjYsInZpX3VzZWNhc2VfaWQiOjEwODI3LCJkdXJhdGlvbl9zIjo3LCJ1cmxnZW5fc291cmNlIjoid3d3In0%3D&ccb=17-1&vs=69a964b91ee0a133&_nc_vs=HBksFQIYTGlnX2JhY2tmaWxsX3RpbWVsaW5lX3ZvZC80QTRFNjZFNkI3RjEzQTA1NEE2Q0VFN0U0RjcxM0I5NV92aWRlb19kYXNoaW5pdC5tcDQVAALIARIAFQIYUWlnX3hwdl9wbGFjZW1lbnRfcGVybWFuZW50X3YyLzhCNEI2RjVERDc0Qjg2NTUzMUY3NzExNTFBNjM0REE4X2F1ZGlvX2Rhc2hpbml0Lm1wNBUCAsgBEgAoABgAGwKIB3VzZV9vaWwBMRJwcm9ncmVzc2l2ZV9yZWNpcGUBMRUAACaS6ojxgcOIBhUCKAJDMywXQByp--dsi0QYEmRhc2hfYmFzZWxpbmVfMV92MREAdf4HZZapAQA&_nc_gid=IoedUuSzsp61FqfQdVex5Q&_nc_ss=7a3ba&_nc_zt=28&oh=00_AQLSkt1X62l79JJIDGVYIMjb2g90H7Cdz9TiwbM1yHv41Q&oe=6AB03AE8,1789226072
minaaaparkerx,108273,check my highlights✨,DdK6n36IMWi,,437,12,19973,https://scontent-arn2-1.cdninstagram.com/o1/v/t16/f2/m84/AQN2YXi6Ykw5jV3N4kF7gLcfpbMVkNQZODbti_SvF8LYpHTXGIQj6xGpfKY48u0YOUIXNOWCImoAxnwLukZZ60PAOz-fs3N475ZX-ks.mp4?_nc_cat=111&_nc_sid=5e9851&_nc_ht=scontent-arn2-1.cdninstagram.com&_nc_ohc=jO99-3AbOqUQ7kNvwGCr5gZ&efg=eyJ2ZW5jb2RlX3RhZyI6Inhwdl9wcm9ncmVzc2l2ZS5JTlNUQUdSQU0uQ0xJUFMuQzMuNzIwLmRhc2hfYmFzZWxpbmVfMV92MSIsInhwdl9hc3NldF9pZCI6MTgwOTgxNTExMDE4OTkyMSwiYXNzZXRfYWdlX2RheXMiOjcsInZpX3VzZWNhc2VfaWQiOjEwODI3LCJkdXJhdGlvbl9zIjoxNCwidXJsZ2VuX3NvdXJjZSI6Ind3dyJ9&ccb=17-1&vs=9dffbbbd31c323a&_nc_vs=HBksFQIYTGlnX2JhY2tmaWxsX3RpbWVsaW5lX3ZvZC9BNjRFMDhCMjk3MUYxODFFMDYyRUJFOUQ3NjcyRkE5RV92aWRlb19kYXNoaW5pdC5tcDQVAALIARIAFQIYUWlnX3hwdl9wbGFjZW1lbnRfcGVybWFuZW50X3YyLzk3NDNBRTYwRUQwODYzNTNDMUE5QjM2QzlEMTJGMkJFX2F1ZGlvX2Rhc2hpbml0Lm1wNBUCAsgBEgAoABgAGwKIB3VzZV9vaWwBMRJwcm9ncmVzc2l2ZV9yZWNpcGUBMRUAACbCjYSsjYG3BhUCKAJDMywXQCzdsi0OVgQYEmRhc2hfYmFzZWxpbmVfMV92MREAdf4HZZapAQA&_nc_gid=IoedUuSzsp61FqfQdVex5Q&_nc_ss=7a3ba&_nc_zt=28&oh=00_AQLktNmUyWeITL6TyDgX7lbbh5nGpMR-zflVE_wd9q0sew&oe=6AB06ACD,1789180212
minaaaparkerx,108273,check my highlights✨,DdJB_kAMDZ-,#fyp#explore#reels#usa#19,409,10,34635,https://scontent-arn2-1.cdninstagram.com/o1/v/t16/f2/m84/AQM3Qnb-6CzAIIYhXbLW9R05Xi8a04r1_ATMi2CqAGxLM6q4rM4ui1uaI_n2xW5ciR8BRhwQag6G92UConmuw8cPL1KfQBwO_kf5cf4.mp4?_nc_cat=101&_nc_sid=5e9851&_nc_ht=scontent-arn2-1.cdninstagram.com&_nc_ohc=wAhJ6nCystAQ7kNvwF3F2Z6&efg=eyJ2ZW5jb2RlX3RhZyI6Inhwdl9wcm9ncmVzc2l2ZS5JTlNUQUdSQU0uQ0xJUFMuQzMuNzIwLmRhc2hfYmFzZWxpbmVfMV92MSIsInhwdl9hc3NldF9pZCI6MjUwNTc1MzQxOTkwMjE3NiwiYXNzZXRfYWdlX2RheXMiOjgsInZpX3VzZWNhc2VfaWQiOjEwODI3LCJkdXJhdGlvbl9zIjo2LCJ1cmxnZW5fc291cmNlIjoid3d3In0%3D&ccb=17-1&vs=a8da2bf966d26444&_nc_vs=HBksFQIYTGlnX2JhY2tmaWxsX3RpbWVsaW5lX3ZvZC9ENzQyQjVEMUFEQ0Y0MjRBQ0VBOUZCNUVBOTk1QTQ5Nl92aWRlb19kYXNoaW5pdC5tcDQVAALIARIAFQIYUWlnX3hwdl9wbGFjZW1lbnRfcGVybWFuZW50X3YyLzlDNDM5RTcxMTlDRDE0MjRFNDM4OEJBMDYyQzlFNkIzX2F1ZGlvX2Rhc2hpbml0Lm1wNBUCAsgBEgAoABgAGwKIB3VzZV9vaWwBMRJwcm9ncmVzc2l2ZV9yZWNpcGUBMRUAACbAs-fnhb7zCBUCKAJDMywXQBqp--dsi0QYEmRhc2hfYmFzZWxpbmVfMV92MREAdf4HZZapAQA&_nc_gid=IoedUuSzsp61FqfQdVex5Q&_nc_ss=7a3ba&_nc_zt=28&oh=00_AQI4CGdopho9BJYws4Ptqk9KSvlFOAM4tjndL2Z4B1wIrQ&oe=6AB06F6B,1789117004
minaaaparkerx,108273,check my highlights✨,DdFXPPxsAve,,403,18,28540,https://scontent-arn2-1.cdninstagram.com/o1/v/t16/f2/m84/AQNmmT_szpnVJXnBspdV6Fh3KmA18C4RZAybCmJxVaYTXP515saJv8GJjt6Bq-D1UmFNE4llGAR1XSsu4uCcZOMGumtA0hX0FdoJiLo.mp4?_nc_cat=109&_nc_sid=5e9851&_nc_ht=scontent-arn2-1.cdninstagram.com&_nc_ohc=eHPCkg0VLHsQ7kNvwG_zJOm&efg=eyJ2ZW5jb2RlX3RhZyI6Inhwdl9wcm9ncmVzc2l2ZS5JTlNUQUdSQU0uQ0xJUFMuQzMuNzIwLmRhc2hfYmFzZWxpbmVfMV92MSIsInhwdl9hc3NldF9pZCI6MTUxODU4NjAxNjYxNjMwNywiYXNzZXRfYWdlX2RheXMiOjksInZpX3VzZWNhc2VfaWQiOjEwODI3LCJkdXJhdGlvbl9zIjoxMCwidXJsZ2VuX3NvdXJjZSI6Ind3dyJ9&ccb=17-1&vs=7e2a53b4b1c1ae56&_nc_vs=HBksFQIYTGlnX2JhY2tmaWxsX3RpbWVsaW5lX3ZvZC9FNzQyRDIzMDFDRDEyNjdENDk3MTQ5ODZBQTVGMjBBQV92aWRlb19kYXNoaW5pdC5tcDQVAALIARIAFQIYUWlnX3hwdl9wbGFjZW1lbnRfcGVybWFuZW50X3YyLzg3NDBEMUJDREYyN0ZCNDY2MTEyRUREMEREQkI3MUFEX2F1ZGlvX2Rhc2hpbml0Lm1wNBUCAsgBEgAoABgAGwKIB3VzZV9vaWwBMRJwcm9ncmVzc2l2ZV9yZWNpcGUBMRUAACbmvabBq8myBRUCKAJDMywXQCWqfvnbItEYEmRhc2hfYmFzZWxpbmVfMV92MREAdf4HZZapAQA&_nc_gid=IoedUuSzsp61FqfQdVex5Q&_nc_ss=7a3ba&_nc_zt=28&oh=00_AQLeDYaWETVixAwJr2qiXVrrU9EJscDZyH6Qyt0nE6ky7A&oe=6AB04CA3,1788993900
minaaaparkerx,108273,check my highlights✨,DdFXBfiszjJ,it is never yours…,7239,236,135363,https://scontent-arn2-1.cdninstagram.com/o1/v/t16/f2/m84/AQOSqjVxPtPV3HHgTPkfe-6AlHx9aWijCqGvahZWdMvcqBpDl0qTXj1YSYjoi5lcmA9vcyZCc5D-tNywvhRAkw39UdzeEjZwXOUDB4M.mp4?_nc_cat=111&_nc_sid=5e9851&_nc_ht=scontent-arn2-1.cdninstagram.com&_nc_ohc=e0nMB-UG388Q7kNvwHONEpA&efg=eyJ2ZW5jb2RlX3RhZyI6Inhwdl9wcm9ncmVzc2l2ZS5JTlNUQUdSQU0uQ0xJUFMuQzMuNzIwLmRhc2hfYmFzZWxpbmVfMV92MSIsInhwdl9hc3NldF9pZCI6MjI0NzQ2MjY4NjAzMDc5NiwiYXNzZXRfYWdlX2RheXMiOjksInZpX3VzZWNhc2VfaWQiOjEwODI3LCJkdXJhdGlvbl9zIjoxMywidXJsZ2VuX3NvdXJjZSI6Ind3dyJ9&ccb=17-1&vs=af70892e9eacc3fe&_nc_vs=HBksFQIYTGlnX2JhY2tmaWxsX3RpbWVsaW5lX3ZvZC9BNTQyNzU5MDkxQzkxMUU0OThEQ0E1QTMyNDZBRjA4M192aWRlb19kYXNoaW5pdC5tcDQVAALIARIAFQIYUWlnX3hwdl9wbGFjZW1lbnRfcGVybWFuZW50X3YyL0I3NENFNDAyNzg4NTQ0OTlFMTY3RUMwMDc0RDU5RkEwX2F1ZGlvX2Rhc2hpbml0Lm1wNBUCAsgBEgAoABgAGwKIB3VzZV9vaWwBMRJwcm9ncmVzc2l2ZV9yZWNpcGUBMRUAACaY79_wxYP-BxUCKAJDMywXQCqIMSbpeNUYEmRhc2hfYmFzZWxpbmVfMV92MREAdf4HZZapAQA&_nc_gid=IoedUuSzsp61FqfQdVex5Q&_nc_ss=7a3ba&_nc_zt=28&oh=00_AQJ4jotlcjIJd2i5xG2Z2Qn1UVAgsLt27n-DVMfwNfcWkA&oe=6AB03E45,1788993810
imyourmoonaria,90787,Check my highlight🤫,DagE-nTlsXp,Make me surprised,289,16,16198,https://scontent-cph2-1.cdninstagram.com/o1/v/t2/f2/m86/AQN-P59AKbjEIprumIKQg0IoG-2BvY74B1OnDSiui6LyA7g_c4pcexg398ngqSrXzEEHwbw48zrsWELTK4tGMKfCrMdJEeA0mdCNJuY.mp4?_nc_cat=102&_nc_sid=5e9851&_nc_ht=scontent-cph2-1.cdninstagram.com&_nc_ohc=tSgDm4QOs3sQ7kNvwFw2nxP&efg=eyJ2ZW5jb2RlX3RhZyI6Inhwdl9wcm9ncmVzc2l2ZS5JTlNUQUdSQU0uQ0xJUFMuQzMuNzIwLmRhc2hfYmFzZWxpbmVfMV92MSIsInhwdl9hc3NldF9pZCI6MTAzMDM3ODg5OTM2NDgyNCwiYXNzZXRfYWdlX2RheXMiOjczLCJ2aV91c2VjYXNlX2lkIjoxMDgyNywiZHVyYXRpb25fcyI6MTAsInVybGdlbl9zb3VyY2UiOiJ3d3cifQ%3D%3D&ccb=17-1&vs=a6266f4928a3e131&_nc_vs=HBksFQIYUmlnX3hwdl9yZWVsc19wZXJtYW5lbnRfc3JfcHJvZC9GNDQwMEVBRTlCNjdGQzdCOTI1RDRBMzA4NTcwRDVBMF92aWRlb19kYXNoaW5pdC5tcDQVAALIARIAFQIYUWlnX3hwdl9wbGFjZW1lbnRfcGVybWFuZW50X3YyL0E4NDdGRTA0NTc4QUU1QkYwNzIzMzVCMTcwRDM5RTlEX2F1ZGlvX2Rhc2hpbml0Lm1wNBUCAsgBEgAoABgAGwKIB3VzZV9vaWwBMRJwcm9ncmVzc2l2ZV9yZWNpcGUBMRUAACaw776E-cfUAxUCKAJDMywXQCREGJN0vGoYEmRhc2hfYmFzZWxpbmVfMV92MREAdf4HZZapAQA&_nc_gid=BZoLxJuqpSe_M2UmufYS6w&_nc_ss=7a3ba&_nc_zt=28&oh=00_AQKN5P5b9ONUkrV7BoSUIwQ2hxqVu0-jqLi4Z_F9TJ9ONw&oe=6AB04E83,1783447830
imyourmoonaria,90787,Check my highlight🤫,DagEledh4xF,Do you want wasian gf?,116,6,11483,https://scontent-cph2-1.cdninstagram.com/o1/v/t2/f2/m86/AQPL5VaOOSZFE4bXCUP6fiwxCLZXJshnvM4saePCyRSbXxm2eM4I8zzcuycjvaDuFOd26R3YqZiNSA8inDnpGXgOTMfkJjLnndX-Dn0.mp4?_nc_cat=111&_nc_sid=5e9851&_nc_ht=scontent-cph2-1.cdninstagram.com&_nc_ohc=GXye6ukYNAYQ7kNvwGCn-am&efg=eyJ2ZW5jb2RlX3RhZyI6Inhwdl9wcm9ncmVzc2l2ZS5JTlNUQUdSQU0uQ0xJUFMuQzMuNzIwLmRhc2hfYmFzZWxpbmVfMV92MSIsInhwdl9hc3NldF9pZCI6MjA2NjYzMTk3NzM5ODY2MSwiYXNzZXRfYWdlX2RheXMiOjczLCJ2aV91c2VjYXNlX2lkIjoxMDgyNywiZHVyYXRpb25fcyI6MTAsInVybGdlbl9zb3VyY2UiOiJ3d3cifQ%3D%3D&ccb=17-1&vs=2d68def80999d514&_nc_vs=HBksFQIYUmlnX3hwdl9yZWVsc19wZXJtYW5lbnRfc3JfcHJvZC80RjQ0MTVEMTA1Q0U1NzRDRkQwRkU1MEZDRTUyMjM4MV92aWRlb19kYXNoaW5pdC5tcDQVAALIARIAFQIYUWlnX3hwdl9wbGFjZW1lbnRfcGVybWFuZW50X3YyLzUxNEE5QkVBRTMxRTUzQUQ1QTlGNjVBNUYzRjdEREI2X2F1ZGlvX2Rhc2hpbml0Lm1wNBUCAsgBEgAoABgAGwKIB3VzZV9vaWwBMRJwcm9ncmVzc2l2ZV9yZWNpcGUBMRUAACaKxqeO6OWrBxUCKAJDMywXQCQQ5WBBiTcYEmRhc2hfYmFzZWxpbmVfMV92MREAdf4HZZapAQA&_nc_gid=BZoLxJuqpSe_M2UmufYS6w&_nc_ss=7a3ba&_nc_zt=28&oh=00_AQKFxYzHe0gYE8fw5mGdk3ssJ4Bq4L9Xa8tFm3GG30h3kg&oe=6AB04D38,1783447619
imyourmoonaria,90787,Check my highlight🤫,DYrlRkWuCcD,What’s in ur mind?xD,2039,155,73673,https://scontent-cph2-1.cdninstagram.com/o1/v/t2/f2/m86/AQM3DOR1r9CFQfi35uaPw8a1CWgP17ZcOlAubimigTiZRti9p2wxTziOGsVmKgYVfKeIXKKvuNovtcdQHvp20hRZ6WqzaP0Ucn_QHGY.mp4?_nc_cat=111&_nc_sid=5e9851&_nc_ht=scontent-cph2-1.cdninstagram.com&_nc_ohc=3NLnWGhumfYQ7kNvwFw--3y&efg=eyJ2ZW5jb2RlX3RhZyI6Inhwdl9wcm9ncmVzc2l2ZS5JTlNUQUdSQU0uQ0xJUFMuQzMuNzIwLmRhc2hfYmFzZWxpbmVfMV92MSIsInhwdl9hc3NldF9pZCI6MTAyMDQyNDE1MDY2ODQzNSwiYXNzZXRfYWdlX2RheXMiOjExOCwidmlfdXNlY2FzZV9pZCI6MTA4MjcsImR1cmF0aW9uX3MiOjcsInVybGdlbl9zb3VyY2UiOiJ3d3cifQ%3D%3D&ccb=17-1&vs=c677562217158bcb&_nc_vs=HBksFQIYUmlnX3hwdl9yZWVsc19wZXJtYW5lbnRfc3JfcHJvZC81RjRENzQ2NjEwOTA3MDg0QUQ0MEJBQkIxNkI3RDU5RF92aWRlb19kYXNoaW5pdC5tcDQVAALIARIAFQIYUWlnX3hwdl9wbGFjZW1lbnRfcGVybWFuZW50X3YyLzQ5NEQ1NjIzRjVGMDk4ODcyNTg5NEVBRTQ3QjVCNjgxX2F1ZGlvX2Rhc2hpbml0Lm1wNBUCAsgBEgAoABgAGwKIB3VzZV9vaWwBMRJwcm9ncmVzc2l2ZV9yZWNpcGUBMRUAACam0qqwwITQAxUCKAJDMywXQB2ZmZmZmZoYEmRhc2hfYmFzZWxpbmVfMV92MREAdf4HZZapAQA&_nc_gid=BZoLxJuqpSe_M2UmufYS6w&_nc_ss=7a3ba&_nc_zt=28&oh=00_AQKS8RwJqEsVzHhmrPJU_7N4aghmv1CrGyOoHXJ10I-RjA&oe=6AB040E0,1779538887
imyourmoonaria,90787,Check my highlight🤫,DW5nN1xjUH0,🤭,1782,76,187002,https://scontent-cph2-1.cdninstagram.com/o1/v/t2/f2/m86/AQMIKqzIhNwwc36-_4K2PF7dyUDp7uakh4HmcDe-iYsyw92Pzb9gVo2ZEo7dlKOBhyeZtOTil8LkxJTijdz3AEFntBboGiQsYsrx-hI.mp4?_nc_cat=101&_nc_sid=5e9851&_nc_ht=scontent-cph2-1.cdninstagram.com&_nc_ohc=cfqI5fn3SvgQ7kNvwHPqDFS&efg=eyJ2ZW5jb2RlX3RhZyI6Inhwdl9wcm9ncmVzc2l2ZS5JTlNUQUdSQU0uQ0xJUFMuQzMuNzIwLmRhc2hfYmFzZWxpbmVfMV92MSIsInhwdl9hc3NldF9pZCI6MTc4NTU5MTQxNTU2ODc3MzAsImFzc2V0X2FnZV9kYXlzIjoxNjMsInZpX3VzZWNhc2VfaWQiOjEwODI3LCJkdXJhdGlvbl9zIjoxNCwidXJsZ2VuX3NvdXJjZSI6Ind3dyJ9&ccb=17-1&vs=d38bc56eb0b50b84&_nc_vs=HBksFQIYUmlnX3hwdl9yZWVsc19wZXJtYW5lbnRfc3JfcHJvZC84RTQ0MzhBNUNENUUxQTc2RkZGNzUxNzNGODZEMzJCQ192aWRlb19kYXNoaW5pdC5tcDQVAALIARIAFQIYUWlnX3hwdl9wbGFjZW1lbnRfcGVybWFuZW50X3YyL0EzNDgzODM4Njg4MUJBMDNEN0QxNUJGMDFEQ0UyN0E1X2F1ZGlvX2Rhc2hpbml0Lm1wNBUCAsgBEgAoABgAGwKIB3VzZV9vaWwBMRJwcm9ncmVzc2l2ZV9yZWNpcGUBMRUAACbk_J3G__a3PxUCKAJDMywXQCzMzMzMzM0YEmRhc2hfYmFzZWxpbmVfMV92MREAdf4HZZapAQA&_nc_gid=BZoLxJuqpSe_M2UmufYS6w&_nc_ss=7a3ba&_nc_zt=28&oh=00_AQLqwMFzLPVcw61ZBslHml3V-phTRxO0qcsd274nAWe5wA&oe=6AB07062,1775714699
imyourmoonaria,90787,Check my highlight🤫,DV3Wubpjc66,Catching my breath 😝,6588,214,435189,https://scontent-cph2-1.cdninstagram.com/o1/v/t2/f2/m86/AQOed1q3ptJsxuKFlapmezVJ8kMH-0Wyq4AgRoL31tFKnJQkp4XrXTOBpN1P7Del9_P118o6n5XwWX0Ixd8--6TAeDMIxxk9xYLCFno.mp4?_nc_cat=100&_nc_sid=5e9851&_nc_ht=scontent-cph2-1.cdninstagram.com&_nc_ohc=oscTa2l6bEUQ7kNvwG1dvZA&efg=eyJ2ZW5jb2RlX3RhZyI6Inhwdl9wcm9ncmVzc2l2ZS5JTlNUQUdSQU0uQ0xJUFMuQzMuNzIwLmRhc2hfYmFzZWxpbmVfMV92MSIsInhwdl9hc3NldF9pZCI6MTc4NTEwNjMwNzE2ODc3MzAsImFzc2V0X2FnZV9kYXlzIjoxODgsInZpX3VzZWNhc2VfaWQiOjEwODI3LCJkdXJhdGlvbl9zIjoxMywidXJsZ2VuX3NvdXJjZSI6Ind3dyJ9&ccb=17-1&vs=8a6dd1736b708a7f&_nc_vs=HBksFQIYUmlnX3hwdl9yZWVsc19wZXJtYW5lbnRfc3JfcHJvZC9FNjQ1MURGQjg4Mjk2MjI2N0FGMTdCMzE1NzlFRjQ5MV92aWRlb19kYXNoaW5pdC5tcDQVAALIARIAFQIYUWlnX3hwdl9wbGFjZW1lbnRfcGVybWFuZW50X3YyLzA2NEE3QzBDQzU2QUM3MENEOTJEQ0Q2MTVCOThEODlEX2F1ZGlvX2Rhc2hpbml0Lm1wNBUCAsgBEgAoABgAGwKIB3VzZV9vaWwBMRJwcm9ncmVzc2l2ZV9yZWNpcGUBMRUAACbkkIKU0Ny1PxUCKAJDMywXQCqIMSbpeNUYEmRhc2hfYmFzZWxpbmVfMV92MREAdf4HZZapAQA&_nc_gid=BZoLxJuqpSe_M2UmufYS6w&_nc_ss=7a3ba&_nc_zt=28&oh=00_AQKOYp99XEFCxiBFIodshbF6reO87BAYx6DwWfNd59hytg&oe=6AB03B55,1773491462
imyourmoonaria,90787,Check my highlight🤫,DV3W4YJDX6N,Try me,3338,163,354336,https://scontent-cph2-1.cdninstagram.com/o1/v/t2/f2/m86/AQOMNgGEZsbD1CeMjDPSjXwkzcf1K9d03W4ztHuipIJD885li77nPnh68FJJ1cyuj0CJ2Dq1cQJCxzd2j2BaE1PdsU0UlHiXGd51MSw.mp4?_nc_cat=103&_nc_sid=5e9851&_nc_ht=scontent-cph2-1.cdninstagram.com&_nc_ohc=Tck_GSYi49QQ7kNvwHWBi9N&efg=eyJ2ZW5jb2RlX3RhZyI6Inhwdl9wcm9ncmVzc2l2ZS5JTlNUQUdSQU0uQ0xJUFMuQzMuNzIwLmRhc2hfYmFzZWxpbmVfMV92MSIsInhwdl9hc3NldF9pZCI6MTc4NTEwNjMyNTQ2ODc3MzAsImFzc2V0X2FnZV9kYXlzIjoxODgsInZpX3VzZWNhc2VfaWQiOjEwODI3LCJkdXJhdGlvbl9zIjo2LCJ1cmxnZW5fc291cmNlIjoid3d3In0%3D&ccb=17-1&vs=181aafc7df34281&_nc_vs=HBksFQIYUmlnX3hwdl9yZWVsc19wZXJtYW5lbnRfc3JfcHJvZC9GMzQ5NkVFMzY3Rjk1REUxQ0E0MzdGMDJCRDQwNDFCNl92aWRlb19kYXNoaW5pdC5tcDQVAALIARIAFQIYUWlnX3hwdl9wbGFjZW1lbnRfcGVybWFuZW50X3YyL0JCNDhDMTEwNUZEQjUxN0IyMDZCQUNFNzFFMjdEQkFBX2F1ZGlvX2Rhc2hpbml0Lm1wNBUCAsgBEgAoABgAGwKIB3VzZV9vaWwBMRJwcm9ncmVzc2l2ZV9yZWNpcGUBMRUAACbk_8TC0dy1PxUCKAJDMywXQBqp--dsi0QYEmRhc2hfYmFzZWxpbmVfMV92MREAdf4HZZapAQA&_nc_gid=BZoLxJuqpSe_M2UmufYS6w&_nc_ss=7a3ba&_nc_zt=28&oh=00_AQKUfgT5lEfP87ZfFEi_PIVsWhMmmGJDBGIR2-bhhQ2qbQ&oe=6AB05874,1773491540
imyourmoonaria,90787,Check my highlight🤫,DVIJ1t3jZMS,Say hi🥰,25415,3155,534002,https://scontent-cph2-1.cdninstagram.com/o1/v/t2/f2/m86/AQPkTm0A7SahfnFI502sUXmlsqwYMkA29dJ59OiGKY7r1XjFDB9-ou3SxwA8mpP1PmYBoYb_pN0eqMlSDGoeVy-fDerMnORAt2q_JrQ.mp4?_nc_cat=100&_nc_sid=5e9851&_nc_ht=scontent-cph2-1.cdninstagram.com&_nc_ohc=vDPmuYWcFqsQ7kNvwGQ5CTD&efg=eyJ2ZW5jb2RlX3RhZyI6Inhwdl9wcm9ncmVzc2l2ZS5JTlNUQUdSQU0uQ0xJUFMuQzMuNzIwLmRhc2hfYmFzZWxpbmVfMV92MSIsInhwdl9hc3NldF9pZCI6MTc4NDc4Mzc5ODQ2ODc3MzAsImFzc2V0X2FnZV9kYXlzIjoyMDcsInZpX3VzZWNhc2VfaWQiOjEwODI3LCJkdXJhdGlvbl9zIjo4LCJ1cmxnZW5fc291cmNlIjoid3d3In0%3D&ccb=17-1&vs=ba05e6481967f421&_nc_vs=HBksFQIYUmlnX3hwdl9yZWVsc19wZXJtYW5lbnRfc3JfcHJvZC9ENDQ2NjEwN0Y5Q0JBQkE4MTQ5NjYxOTkxRTM5RkZBRV92aWRlb19kYXNoaW5pdC5tcDQVAALIARIAFQIYUWlnX3hwdl9wbGFjZW1lbnRfcGVybWFuZW50X3YyL0FCNDZFQUM0Q0ZGNzczMjQ2MEM1NkJFNkZDM0VGRTk4X2F1ZGlvX2Rhc2hpbml0Lm1wNBUCAsgBEgAoABgAGwKIB3VzZV9vaWwBMRJwcm9ncmVzc2l2ZV9yZWNpcGUBMRUAACbkmbCx86C0PxUCKAJDMywXQCAU_fO2RaIYEmRhc2hfYmFzZWxpbmVfMV92MREAdf4HZZapAQA&_nc_gid=BZoLxJuqpSe_M2UmufYS6w&_nc_ss=7a3ba&_nc_zt=28&oh=00_AQL12Sbm5DnpbDazD3TSA2XO9B6gEk4VvdDyXNEfaCN-AA&oe=6AB04C6D,1771907665
imyourmoonaria,90787,Check my highlight🤫,DV07roDjbMQ,🫣,8012,100,509852,https://scontent-cph2-1.cdninstagram.com/o1/v/t2/f2/m86/AQOiml5HqsX-taq0t3zTP_yRE6wE7ihK6-42bAq-CpKwKFE6QS4lG5-1Td9pTulsjsxBj4ae-zE_CSy4bx9O74SJmVjal_NjdmF2iWw.mp4?_nc_cat=110&_nc_sid=5e9851&_nc_ht=scontent-cph2-1.cdninstagram.com&_nc_ohc=EvCtUUI8hmQQ7kNvwFTxQH3&efg=eyJ2ZW5jb2RlX3RhZyI6Inhwdl9wcm9ncmVzc2l2ZS5JTlNUQUdSQU0uQ0xJUFMuQzMuNzIwLmRhc2hfYmFzZWxpbmVfMV92MSIsInhwdl9hc3NldF9pZCI6MTc4NTA5MDk1Mjg2ODc3MzAsImFzc2V0X2FnZV9kYXlzIjoxODksInZpX3VzZWNhc2VfaWQiOjEwODI3LCJkdXJhdGlvbl9zIjoyOSwidXJsZ2VuX3NvdXJjZSI6Ind3dyJ9&ccb=17-1&vs=a92d1358c4f4e61b&_nc_vs=HBksFQIYUmlnX3hwdl9yZWVsc19wZXJtYW5lbnRfc3JfcHJvZC8zNzQwMDVGQUYxRkU0RDEzNDc2Njg0QkRENDUyRDNCMV92aWRlb19kYXNoaW5pdC5tcDQVAALIARIAFQIYUWlnX3hwdl9wbGFjZW1lbnRfcGVybWFuZW50X3YyLzUzNEU2M0E4MzU5ODAwQjAwMjhERkI5MURBQTA1RTgxX2F1ZGlvX2Rhc2hpbml0Lm1wNBUCAsgBEgAoABgAGwKIB3VzZV9vaWwBMRJwcm9ncmVzc2l2ZV9yZWNpcGUBMRUAACbkkYCW2NO1PxUCKAJDMywXQD3dsi0OVgQYEmRhc2hfYmFzZWxpbmVfMV92MREAdf4HZZapAQA&_nc_gid=BZoLxJuqpSe_M2UmufYS6w&_nc_ss=7a3ba&_nc_zt=28&oh=00_AQJdw-iTrnZRH_08ztstCu6NyBS0xvuUUTiEx6KGrhYQyQ&oe=6AB055C3,1773410183
imyourmoonaria,90787,Check my highlight🤫,DV52I8Tje6u,Close them👀,77129,803,4194677,https://scontent-cph2-1.cdninstagram.com/o1/v/t2/f2/m86/AQMHZH7yJxApZl8LI6s5Q8gC9lfkXzPLsevKJVl8wIHTCOhzIjLGa0Edfy5lUOSBlSPu7Z5k_HEQCobsrKHBwD2n3Mz-BEvFUQg8cvc.mp4?_nc_cat=111&_nc_sid=5e9851&_nc_ht=scontent-cph2-1.cdninstagram.com&_nc_ohc=fJAv5-_a8kcQ7kNvwH-FAjH&efg=eyJ2ZW5jb2RlX3RhZyI6Inhwdl9wcm9ncmVzc2l2ZS5JTlNUQUdSQU0uQ0xJUFMuQzMuNzIwLmRhc2hfYmFzZWxpbmVfMV92MSIsInhwdl9hc3NldF9pZCI6MTc4NTEyMjMyMjY2ODc3MzAsImFzc2V0X2FnZV9kYXlzIjoxODgsInZpX3VzZWNhc2VfaWQiOjEwODI3LCJkdXJhdGlvbl9zIjoxNCwidXJsZ2VuX3NvdXJjZSI6Ind3dyJ9&ccb=17-1&vs=958868054d929b0&_nc_vs=HBksFQIYUmlnX3hwdl9yZWVsc19wZXJtYW5lbnRfc3JfcHJvZC9GODQ1RkE4MTRFMEMwRTYxNjQ0MDQzQUZEODJDQ0I4OV92aWRlb19kYXNoaW5pdC5tcDQVAALIARIAFQIYUWlnX3hwdl9wbGFjZW1lbnRfcGVybWFuZW50X3YyLzJFNEYxM0NEREJBREQ0RDBDMjU4QzkyMjhBQkZEREExX2F1ZGlvX2Rhc2hpbml0Lm1wNBUCAsgBEgAoABgAGwKIB3VzZV9vaWwBMRJwcm9ncmVzc2l2ZV9yZWNpcGUBMRUAACbkg92z-eW1PxUCKAJDMywXQC3dsi0OVgQYEmRhc2hfYmFzZWxpbmVfMV92MREAdf4HZZapAQA&_nc_gid=BZoLxJuqpSe_M2UmufYS6w&_nc_ss=7a3ba&_nc_zt=28&oh=00_AQIkoyjltj4LP1WHuvF57CzUUhNvLkyQzToVG20L6R1S5g&oe=6AB061B8,1773575048
imyourmoonaria,90787,Check my highlight🤫,DVvqMufjeIG,❤️,4443,647,444847,https://scontent-cph2-1.cdninstagram.com/o1/v/t2/f2/m86/AQPWyCNCFhNSOUwKrpiU60BiQQRL2qN1hO-jXd6Qzx6JA529MnnruOLjEjnbgqjq88Er_w1LARxKj98lmCAyhythIQF-ogSx9ry59jQ.mp4?_nc_cat=110&_nc_sid=5e9851&_nc_ht=scontent-cph2-1.cdninstagram.com&_nc_ohc=9sJu4lb00JcQ7kNvwGxgeAx&efg=eyJ2ZW5jb2RlX3RhZyI6Inhwdl9wcm9ncmVzc2l2ZS5JTlNUQUdSQU0uQ0xJUFMuQzMuNzIwLmRhc2hfYmFzZWxpbmVfMV92MSIsInhwdl9hc3NldF9pZCI6MTc4NTA1NjUyNDg2ODc3MzAsImFzc2V0X2FnZV9kYXlzIjoxOTEsInZpX3VzZWNhc2VfaWQiOjEwODI3LCJkdXJhdGlvbl9zIjo2LCJ1cmxnZW5fc291cmNlIjoid3d3In0%3D&ccb=17-1&vs=56a66589fb3e987d&_nc_vs=HBksFQIYUmlnX3hwdl9yZWVsc19wZXJtYW5lbnRfc3JfcHJvZC84MTQ4NjQ3RDlGNkNCNzAwOTZFQTZGREE0RkZGRUVCQ192aWRlb19kYXNoaW5pdC5tcDQVAALIARIAFQIYUWlnX3hwdl9wbGFjZW1lbnRfcGVybWFuZW50X3YyL0I2NDczRUMwRkE0NDgwMDFDMDg5NjdFODYxODczRTlDX2F1ZGlvX2Rhc2hpbml0Lm1wNBUCAsgBEgAoABgAGwKIB3VzZV9vaWwBMRJwcm9ncmVzc2l2ZV9yZWNpcGUBMRUAACbk-YCL07-1PxUCKAJDMywXQBghysCDEm8YEmRhc2hfYmFzZWxpbmVfMV92MREAdf4HZZapAQA&_nc_gid=BZoLxJuqpSe_M2UmufYS6w&_nc_ss=7a3ba&_nc_zt=28&oh=00_AQJc4SQBISwNI2SLvwCJ2qI3BVL4abA9g2l-t3FBDMnM9w&oe=6AB06DB7,1773233235
imyourmoonaria,90787,Check my highlight🤫,DVqqF4RjY0d,Are we friends? 🤝,12200,250,1173830,https://scontent-cph2-1.cdninstagram.com/o1/v/t2/f2/m86/AQNoOPkWUuRgnmWyeFyVI-XEwcn-njTI-BP9pCaWRc7dznVnrErTk6LaMXWzPnYaiudU7hzoP1-V1UpXm3Gd0KnLnWlcQSpihLUZIlA.mp4?_nc_cat=101&_nc_sid=5e9851&_nc_ht=scontent-cph2-1.cdninstagram.com&_nc_ohc=Vy78tAY8xuEQ7kNvwHim-U5&efg=eyJ2ZW5jb2RlX3RhZyI6Inhwdl9wcm9ncmVzc2l2ZS5JTlNUQUdSQU0uQ0xJUFMuQzMuNzIwLmRhc2hfYmFzZWxpbmVfMV92MSIsInhwdl9hc3NldF9pZCI6MTc4NTAyNTA3Nzk2ODc3MzAsImFzc2V0X2FnZV9kYXlzIjoxOTMsInZpX3VzZWNhc2VfaWQiOjEwODI3LCJkdXJhdGlvbl9zIjo2LCJ1cmxnZW5fc291cmNlIjoid3d3In0%3D&ccb=17-1&vs=73a4fb65a5cae01b&_nc_vs=HBksFQIYUmlnX3hwdl9yZWVsc19wZXJtYW5lbnRfc3JfcHJvZC80MzRGRjU0REMyNkIxMDU4ODZBNDIyQzI3RTYyRkM5MF92aWRlb19kYXNoaW5pdC5tcDQVAALIARIAFQIYUWlnX3hwdl9wbGFjZW1lbnRfcGVybWFuZW50X3YyLzAyNDBBQ0RCQjJCOEIwMjdBNjk4QkRBMkVGNkQ2NTk4X2F1ZGlvX2Rhc2hpbml0Lm1wNBUCAsgBEgAoABgAGwKIB3VzZV9vaWwBMRJwcm9ncmVzc2l2ZV9yZWNpcGUBMRUAACbk7P-NrK21PxUCKAJDMywXQBiIMSbpeNUYEmRhc2hfYmFzZWxpbmVfMV92MREAdf4HZZapAQA&_nc_gid=ZjiyMnuLU7q3K9hSz9lFEw&_nc_ss=7a3ba&_nc_zt=28&oh=00_AQIFkOSyqbY30MZiEq6uh9wWlbVeExaVclG_qtbC3HrU2g&oe=6AB05636,1773065432
imyourmoonaria,90787,Check my highlight🤫,DVtFZhXDY5n,Nebraska 🩷,1861,28,434271,https://scontent-cph2-1.cdninstagram.com/o1/v/t2/f2/m86/AQM4KqcPxJpBlo_Vblpxtzf1wlbr8AsX51P0hZe87SwFrmFnONd1swZUhyvO52cW1UzHLqIht8_C3T0VZOBrDGI2Nf0jxUi9JpytGho.mp4?_nc_cat=103&_nc_sid=5e9851&_nc_ht=scontent-cph2-1.cdninstagram.com&_nc_ohc=MNDjKSya0DkQ7kNvwHYYXDe&efg=eyJ2ZW5jb2RlX3RhZyI6Inhwdl9wcm9ncmVzc2l2ZS5JTlNUQUdSQU0uQ0xJUFMuQzMuNzIwLmRhc2hfYmFzZWxpbmVfMV92MSIsInhwdl9hc3NldF9pZCI6MTc4NTA0MDI2ODQ2ODc3MzAsImFzc2V0X2FnZV9kYXlzIjoxOTIsInZpX3VzZWNhc2VfaWQiOjEwODI3LCJkdXJhdGlvbl9zIjo5LCJ1cmxnZW5fc291cmNlIjoid3d3In0%3D&ccb=17-1&vs=82bb53e07f8c2985&_nc_vs=HBksFQIYUmlnX3hwdl9yZWVsc19wZXJtYW5lbnRfc3JfcHJvZC9FRjRENjlCQjA4RjcxNUE1QUQxQzMzRTlEQTY1QzU4M192aWRlb19kYXNoaW5pdC5tcDQVAALIARIAFQIYUWlnX3hwdl9wbGFjZW1lbnRfcGVybWFuZW50X3YyL0MxNDE2Mjg4RTg0QURGMTExOUNBMDJFMDU3MUQyREJCX2F1ZGlvX2Rhc2hpbml0Lm1wNBUCAsgBEgAoABgAGwKIB3VzZV9vaWwBMRJwcm9ncmVzc2l2ZV9yZWNpcGUBMRUAACbk1fLxl7a1PxUCKAJDMywXQCNmZmZmZmYYEmRhc2hfYmFzZWxpbmVfMV92MREAdf4HZZapAQA&_nc_gid=ZjiyMnuLU7q3K9hSz9lFEw&_nc_ss=7a3ba&_nc_zt=28&oh=00_AQIvTY7lFwaaPhz4Qa69DFGpvC6_GyWGvh7l3fMKvtXXbA&oe=6AB05D84,1773146848
imyourmoonaria,90787,Check my highlight🤫,DVYssS0jeBN,Let them bounce,3985,95,399616,https://scontent-cph2-1.cdninstagram.com/o1/v/t2/f2/m86/AQNBtNDZD7jdJIbXoFbyqiqPsv8HcQZc60roa9IPcdBtLpW03st2tdppULPywISgDtGZSezee9KwWQ6748u0ZwE1DHTa9SXojAA3YFY.mp4?_nc_cat=103&_nc_sid=5e9851&_nc_ht=scontent-cph2-1.cdninstagram.com&_nc_ohc=H21z1B8oMkYQ7kNvwHBlAkr&efg=eyJ2ZW5jb2RlX3RhZyI6Inhwdl9wcm9ncmVzc2l2ZS5JTlNUQUdSQU0uQ0xJUFMuQzMuNzIwLmRhc2hfYmFzZWxpbmVfMV92MSIsInhwdl9hc3NldF9pZCI6MTc4NDg5OTE4NTk2ODc3MzAsImFzc2V0X2FnZV9kYXlzIjoyMDAsInZpX3VzZWNhc2VfaWQiOjEwODI3LCJkdXJhdGlvbl9zIjo3LCJ1cmxnZW5fc291cmNlIjoid3d3In0%3D&ccb=17-1&vs=ef0901168aa3f699&_nc_vs=HBksFQIYUmlnX3hwdl9yZWVsc19wZXJtYW5lbnRfc3JfcHJvZC84MDRGNjU5M0QxMTc3RTk4MUYyOTRFQzQ4REVEMTY5NF92aWRlb19kYXNoaW5pdC5tcDQVAALIARIAFQIYUWlnX3hwdl9wbGFjZW1lbnRfcGVybWFuZW50X3YyL0VCNDYwRjQ4RDlGN0M5MzJGM0RBRkQxMjk5Qzg2QTkxX2F1ZGlvX2Rhc2hpbml0Lm1wNBUCAsgBEgAoABgAGwKIB3VzZV9vaWwBMRJwcm9ncmVzc2l2ZV9yZWNpcGUBMRUAACbkhKq2iOS0PxUCKAJDMywXQB7ul41P3zsYEmRhc2hfYmFzZWxpbmVfMV92MREAdf4HZZapAQA&_nc_gid=ZjiyMnuLU7q3K9hSz9lFEw&_nc_ss=7a3ba&_nc_zt=28&oh=00_AQJliSiFKPx5mYAcE9nuCcui0lYtjTHdRmxnaERxu7mbCQ&oe=6AB06780,1772462900
imyourmoonaria,90787,Check my highlight🤫,DVOLDgBjfeZ,Ready for practice?,3833,46,558882,https://scontent-cph2-1.cdninstagram.com/o1/v/t2/f2/m86/AQOK0eGz6OJtq3DAxNtqPAPFWwBr6yAMjv2bmjt0-O6RE_pm90KLnkfGux1yNAAqiWVpJlqKxQ_vp2BEPHvTb-A3fQCuHyMyScm2FPg.mp4?_nc_cat=106&_nc_sid=5e9851&_nc_ht=scontent-cph2-1.cdninstagram.com&_nc_ohc=Ph6xLV26Mi0Q7kNvwEoYVeb&efg=eyJ2ZW5jb2RlX3RhZyI6Inhwdl9wcm9ncmVzc2l2ZS5JTlNUQUdSQU0uQ0xJUFMuQzMuNzIwLmRhc2hfYmFzZWxpbmVfMV92MSIsInhwdl9hc3NldF9pZCI6MTc4NDgyMjU4NTc2ODc3MzAsImFzc2V0X2FnZV9kYXlzIjoyMDQsInZpX3VzZWNhc2VfaWQiOjEwODI3LCJkdXJhdGlvbl9zIjoxNSwidXJsZ2VuX3NvdXJjZSI6Ind3dyJ9&ccb=17-1&vs=68e4c9780a517895&_nc_vs=HBksFQIYUmlnX3hwdl9yZWVsc19wZXJtYW5lbnRfc3JfcHJvZC80MzQxMzk0MTM5MDVGQzc0NDc5ODFBMEVGODYyMURCMl92aWRlb19kYXNoaW5pdC5tcDQVAALIARIAFQIYUWlnX3hwdl9wbGFjZW1lbnRfcGVybWFuZW50X3YyLzM5NDMyRDUyRjlBRkUzMUNGN0Y5MTcwQUUwQkVFM0E1X2F1ZGlvX2Rhc2hpbml0Lm1wNBUCAsgBEgAoABgAGwKIB3VzZV9vaWwBMRJwcm9ncmVzc2l2ZV9yZWNpcGUBMRUAACbkwvKhvbe0PxUCKAJDMywXQC4zMzMzMzMYEmRhc2hfYmFzZWxpbmVfMV92MREAdf4HZZapAQA&_nc_gid=ZjiyMnuLU7q3K9hSz9lFEw&_nc_ss=7a3ba&_nc_zt=28&oh=00_AQLRRbMplKrRaQ7lsalOkrzJFuR35VfPTSq3Jk9Cd1M-6Q&oe=6AB03DEB,1772109623
imyourmoonaria,90787,Check my highlight🤫,DVTAqB9DnbT,I’m serious,2402,143,418192,https://scontent-cph2-1.cdninstagram.com/o1/v/t2/f2/m86/AQNADUdRwpGYLxBiZTPdAgNuuoGFDJgTSfY6uF3HFW2p9FMCPS66WDmEbYYrFLxxPxlmQdBm3LQcSq7DxE8LDfciTM82UwFBKBgwY24.mp4?_nc_cat=108&_nc_sid=5e9851&_nc_ht=scontent-cph2-1.cdninstagram.com&_nc_ohc=FNl_-ZQ0C3kQ7kNvwE6c1oV&efg=eyJ2ZW5jb2RlX3RhZyI6Inhwdl9wcm9ncmVzc2l2ZS5JTlNUQUdSQU0uQ0xJUFMuQzMuNzIwLmRhc2hfYmFzZWxpbmVfMV92MSIsInhwdl9hc3NldF9pZCI6MTc4NDg1NzM3NjQ2ODc3MzAsImFzc2V0X2FnZV9kYXlzIjoyMDMsInZpX3VzZWNhc2VfaWQiOjEwODI3LCJkdXJhdGlvbl9zIjoxMiwidXJsZ2VuX3NvdXJjZSI6Ind3dyJ9&ccb=17-1&vs=2b9c77195d37c66b&_nc_vs=HBksFQIYUmlnX3hwdl9yZWVsc19wZXJtYW5lbnRfc3JfcHJvZC9GNDQxQzI2QzVFMDg3NkQ2MEUxQUU5MzZDRjZCQjQ4OF92aWRlb19kYXNoaW5pdC5tcDQVAALIARIAFQIYUWlnX3hwdl9wbGFjZW1lbnRfcGVybWFuZW50X3YyLzUzNDAzOTBBNDY5MjQxNTEwNzkxREVGMDY5NkY2NzkzX2F1ZGlvX2Rhc2hpbml0Lm1wNBUCAsgBEgAoABgAGwKIB3VzZV9vaWwBMRJwcm9ncmVzc2l2ZV9yZWNpcGUBMRUAACbk3e6v3cu0PxUCKAJDMywXQCmIMSbpeNUYEmRhc2hfYmFzZWxpbmVfMV92MREAdf4HZZapAQA&_nc_gid=ZjiyMnuLU7q3K9hSz9lFEw&_nc_ss=7a3ba&_nc_zt=28&oh=00_AQJ_SYKiN9qX-M36oOUy8d8GugT_vPqPhxZ9RfYXlVWOqQ&oe=6AB052D5,1772271947
imyourmoonaria,90787,Check my highlight🤫,DVQ6VXPjVWd,How’s my form?,6663,104,573380,https://scontent-cph2-1.cdninstagram.com/o1/v/t2/f2/m86/AQPXFbUEmS-QaXviio-UqYoHWkMCiGzsyMjcJO3x1UOlH51cp4QVP6uXisuIG1zg4yWo28Zp6BCL_QfoRhsocpG9jwZaS_eJN1XMuD8.mp4?_nc_cat=107&_nc_sid=5e9851&_nc_ht=scontent-cph2-1.cdninstagram.com&_nc_ohc=YUhHXIswkA4Q7kNvwG1fNqh&efg=eyJ2ZW5jb2RlX3RhZyI6Inhwdl9wcm9ncmVzc2l2ZS5JTlNUQUdSQU0uQ0xJUFMuQzMuNzIwLmRhc2hfYmFzZWxpbmVfMV92MSIsInhwdl9hc3NldF9pZCI6MTc4NDg0MjI4NzM2ODc3MzAsImFzc2V0X2FnZV9kYXlzIjoyMDMsInZpX3VzZWNhc2VfaWQiOjEwODI3LCJkdXJhdGlvbl9zIjoxMiwidXJsZ2VuX3NvdXJjZSI6Ind3dyJ9&ccb=17-1&vs=cde470bc253db7f4&_nc_vs=HBksFQIYUmlnX3hwdl9yZWVsc19wZXJtYW5lbnRfc3JfcHJvZC85RTQwQTU1MDg2QUQyMUFEQTk3RUFCOEI4NjUxQUI5NV92aWRlb19kYXNoaW5pdC5tcDQVAALIARIAFQIYUWlnX3hwdl9wbGFjZW1lbnRfcGVybWFuZW50X3YyLzM5NEU4RUIxQkZCODZFRDNBMUVCMkVENUE2NDlCMzk3X2F1ZGlvX2Rhc2hpbml0Lm1wNBUCAsgBEgAoABgAGwKIB3VzZV9vaWwBMRJwcm9ncmVzc2l2ZV9yZWNpcGUBMRUAACbkmv-S-cK0PxUCKAJDMywXQCkAAAAAAAAYEmRhc2hfYmFzZWxpbmVfMV92MREAdf4HZZapAQA&_nc_gid=ZjiyMnuLU7q3K9hSz9lFEw&_nc_ss=7a3ba&_nc_zt=28&oh=00_AQKhkxP9oekC-EReHrRkhfh2cpuGDfFDSVuvAPazQ8HK-w&oe=6AB04824,1772201530
imyourmoonaria,90787,Check my highlight🤫,DVOKXxLDd_v,Did I win?,11810,93,724716,https://scontent-cph2-1.cdninstagram.com/o1/v/t2/f2/m86/AQNOfNp1T-M3FS7VMUJk54upVBRy6bLaUyVV_eZEUZCv1b-Lsy8zuGvpMkpk1UpUldj3nmanF6Q6Su0HODiIbptSml2JX1q6Iz4XGAM.mp4?_nc_cat=102&_nc_sid=5e9851&_nc_ht=scontent-cph2-1.cdninstagram.com&_nc_ohc=Mta0Bmuk4BkQ7kNvwFDo_fU&efg=eyJ2ZW5jb2RlX3RhZyI6Inhwdl9wcm9ncmVzc2l2ZS5JTlNUQUdSQU0uQ0xJUFMuQzMuNzIwLmRhc2hfYmFzZWxpbmVfMV92MSIsInhwdl9hc3NldF9pZCI6MTc4NDgyMjQ4MDc2ODc3MzAsImFzc2V0X2FnZV9kYXlzIjoyMDQsInZpX3VzZWNhc2VfaWQiOjEwODI3LCJkdXJhdGlvbl9zIjoyMywidXJsZ2VuX3NvdXJjZSI6Ind3dyJ9&ccb=17-1&vs=eae47df57ff10281&_nc_vs=HBksFQIYUmlnX3hwdl9yZWVsc19wZXJtYW5lbnRfc3JfcHJvZC84OTRFNzZDRjBGOEQ2OEEyMTYzNjhBRDkwRDIwMUU4Ml92aWRlb19kYXNoaW5pdC5tcDQVAALIARIAFQIYUWlnX3hwdl9wbGFjZW1lbnRfcGVybWFuZW50X3YyL0Q0NDdGRjMzQjJFNTFFMTgxQkI3REIyNjI1MEFBMkJBX2F1ZGlvX2Rhc2hpbml0Lm1wNBUCAsgBEgAoABgAGwKIB3VzZV9vaWwBMRJwcm9ncmVzc2l2ZV9yZWNpcGUBMRUAACbk2MS4tbe0PxUCKAJDMywXQDeiDEm6XjUYEmRhc2hfYmFzZWxpbmVfMV92MREAdf4HZZapAQA&_nc_gid=ZjiyMnuLU7q3K9hSz9lFEw&_nc_ss=7a3ba&_nc_zt=28&oh=00_AQLKMSeUza46g5bxg11wS9jcz9w02850fMjZp4tRB9aN6w&oe=6AB0630F,1772109267
imyourmoonaria,90787,Check my highlight🤫,DU_0K8IDWGP,Hurry up for me,9640,175,685445,https://scontent-cph2-1.cdninstagram.com/o1/v/t2/f2/m86/AQPGuJJ12q5Z_VVByYsJep3p_ympMUdJujvF_GzYPSujCjtTD9bUPj6ndgwhMwva5b38gfLmh1IBPPLXNhVk15sQmJxiuIH-KXrFSMk.mp4?_nc_cat=108&_nc_sid=5e9851&_nc_ht=scontent-cph2-1.cdninstagram.com&_nc_ohc=LvP8pRjq0QUQ7kNvwGjr6V8&efg=eyJ2ZW5jb2RlX3RhZyI6Inhwdl9wcm9ncmVzc2l2ZS5JTlNUQUdSQU0uQ0xJUFMuQzMuNzIwLmRhc2hfYmFzZWxpbmVfMV92MSIsInhwdl9hc3NldF9pZCI6MTc4NDcxODYwMjE2ODc3MzAsImFzc2V0X2FnZV9kYXlzIjoyMTAsInZpX3VzZWNhc2VfaWQiOjEwODI3LCJkdXJhdGlvbl9zIjoxMSwidXJsZ2VuX3NvdXJjZSI6Ind3dyJ9&ccb=17-1&vs=d93a131cb604902a&_nc_vs=HBksFQIYUmlnX3hwdl9yZWVsc19wZXJtYW5lbnRfc3JfcHJvZC85RDRDMzdDQzU3RDFERjFDQjE1OEJBQzYzRDk3NjFCN192aWRlb19kYXNoaW5pdC5tcDQVAALIARIAFQIYUWlnX3hwdl9wbGFjZW1lbnRfcGVybWFuZW50X3YyLzg2NDQ2OTlDMkQ3MjYwMTFGN0M5NUQ1Mzk0RDY3MzlFX2F1ZGlvX2Rhc2hpbml0Lm1wNBUCAsgBEgAoABgAGwKIB3VzZV9vaWwBMRJwcm9ncmVzc2l2ZV9yZWNpcGUBMRUAACbkhoHx-fqzPxUCKAJDMywXQCZmZmZmZmYYEmRhc2hfYmFzZWxpbmVfMV92MREAdf4HZZapAQA&_nc_gid=ZjiyMnuLU7q3K9hSz9lFEw&_nc_ss=7a3ba&_nc_zt=28&oh=00_AQLXeAkPp40144918SSHLa-D-WIrzBVgvkj4aZV1KmGF1Q&oe=6AB055F1,1771627873
samanthaeverly33,228844,Your girl next door ❤️🙃,DdXlZkHJRyU,Should I change my hair again? 🤔😏,3402,319,50913,https://scontent-arn2-1.cdninstagram.com/o1/v/t2/f2/m86/AQOwQEPQrR6PycMofu22bp944aEaAIdRc5V-Yy-jDriRsFsK7RD_Rt2dvLXYRyh1U2TglOp8J3Msek-II5Gtu4uHhh6kSlRvizybjvQ.mp4?_nc_cat=110&_nc_sid=5e9851&_nc_ht=scontent-arn2-1.cdninstagram.com&_nc_ohc=2DbZCeHfcHEQ7kNvwH1GoNL&efg=eyJ2ZW5jb2RlX3RhZyI6Inhwdl9wcm9ncmVzc2l2ZS5JTlNUQUdSQU0uQ0xJUFMuQzMuNzIwLmRhc2hfYmFzZWxpbmVfMV92MSIsInhwdl9hc3NldF9pZCI6MjY0NzMxOTUyOTEwMjYyNywiYXNzZXRfYWdlX2RheXMiOjIsInZpX3VzZWNhc2VfaWQiOjEwMDk5LCJkdXJhdGlvbl9zIjoxMywidXJsZ2VuX3NvdXJjZSI6Ind3dyJ9&ccb=17-1&vs=737625fcb165c63d&_nc_vs=HBksFQIYUmlnX3hwdl9yZWVsc19wZXJtYW5lbnRfc3JfcHJvZC8wRjRDQUVBOUM5MTRCMTYxMjdEMThBNzU0QkI1RUNCQl92aWRlb19kYXNoaW5pdC5tcDQVAALIARIAFQIYUWlnX3hwdl9wbGFjZW1lbnRfcGVybWFuZW50X3YyL0IyNEZBMDUyOTc1Nzg4QjhCM0ZGRTNCQkUwMkUyMzlBX2F1ZGlvX2Rhc2hpbml0Lm1wNBUCAsgBEgAoABgAGwKIB3VzZV9vaWwBMRJwcm9ncmVzc2l2ZV9yZWNpcGUBMRUAACbG9JzCo-6zCRUCKAJDMywXQCsQ5WBBiTcYEmRhc2hfYmFzZWxpbmVfMV92MREAdf4HZeadAQA&_nc_gid=zp8m_bcETdx3BN_mm7WuJg&_nc_ss=7a3ba&_nc_zt=28&oh=00_AQLgytVyZwfGyooFiU84JESQWxc79cIs0OFTh02_vK_Bjg&oe=6AB06FE3,1789605360
samanthaeverly33,228844,Your girl next door ❤️🙃,DdHcPdyJa9X,Ready for my first day on the job 😇,1492,170,29575,https://scontent-arn2-1.cdninstagram.com/o1/v/t2/f2/m86/AQOd4iqFBKmrd6s2x90dhVUzQTUNQVLI2CzSA9yNlMgcYEz8lQ6lKhubbqtRsx-FzTE2GNvQlr7B2-vGHpfZDpzTPFfiFbMLMWnwSFE.mp4?_nc_cat=109&_nc_sid=5e9851&_nc_ht=scontent-arn2-1.cdninstagram.com&_nc_ohc=SrVlIyw4Hc0Q7kNvwFcTH65&efg=eyJ2ZW5jb2RlX3RhZyI6Inhwdl9wcm9ncmVzc2l2ZS5JTlNUQUdSQU0uQ0xJUFMuQzMuNzIwLmRhc2hfYmFzZWxpbmVfMV92MSIsInhwdl9hc3NldF9pZCI6MTU2NDc5OTY2NTM4NzM3NiwiYXNzZXRfYWdlX2RheXMiOjgsInZpX3VzZWNhc2VfaWQiOjEwMDk5LCJkdXJhdGlvbl9zIjoxNCwidXJsZ2VuX3NvdXJjZSI6Ind3dyJ9&ccb=17-1&vs=833fb46e73abe8d5&_nc_vs=HBksFQIYUmlnX3hwdl9yZWVsc19wZXJtYW5lbnRfc3JfcHJvZC9FMjQ4RUFENzBBMzhERTYxRUM0M0JGNTRFODNFNjlBRV92aWRlb19kYXNoaW5pdC5tcDQVAALIARIAFQIYUWlnX3hwdl9wbGFjZW1lbnRfcGVybWFuZW50X3YyLzYxNDlBMjc2MDk3N0ZGRDVGNzBEMDdEMzZCMjJDMzk1X2F1ZGlvX2Rhc2hpbml0Lm1wNBUCAsgBEgAoABgAGwKIB3VzZV9vaWwBMRJwcm9ncmVzc2l2ZV9yZWNpcGUBMRUAACbg3ZmDqsvHBRUCKAJDMywXQCyqfvnbItEYEmRhc2hfYmFzZWxpbmVfMV92MREAdf4HZeadAQA&_nc_gid=zp8m_bcETdx3BN_mm7WuJg&_nc_ss=7a3ba&_nc_zt=28&oh=00_AQIcP-HcOthBQOr46PrG_Irv-PoCtjvz1G8Y-BwQm2LbsQ&oe=6AB069A2,1789063635
samanthaeverly33,228844,Your girl next door ❤️🙃,DceyrEsPboy,In my feels today… 😇,6362,326,80055,https://scontent-arn2-1.cdninstagram.com/o1/v/t2/f2/m86/AQPupruYifEYuNVJGO57cMoc2R7SphteYU4LxLu09KjTCo6FFuCoyy8YiQfUX3T_LK5w61a59aJQp7LSZEC0OUwnKVQsNF4MmnoRlyc.mp4?_nc_cat=108&_nc_sid=5e9851&_nc_ht=scontent-arn2-1.cdninstagram.com&_nc_ohc=NtfH6aOilF4Q7kNvwF_XMSW&efg=eyJ2ZW5jb2RlX3RhZyI6Inhwdl9wcm9ncmVzc2l2ZS5JTlNUQUdSQU0uQ0xJUFMuQzMuNzIwLmRhc2hfYmFzZWxpbmVfMV92MSIsInhwdl9hc3NldF9pZCI6MTYwNTYwMzc5NzkwMTI5OSwiYXNzZXRfYWdlX2RheXMiOjI0LCJ2aV91c2VjYXNlX2lkIjoxMDA5OSwiZHVyYXRpb25fcyI6MTMsInVybGdlbl9zb3VyY2UiOiJ3d3cifQ%3D%3D&ccb=17-1&vs=a8ee946e80a027ac&_nc_vs=HBksFQIYUmlnX3hwdl9yZWVsc19wZXJtYW5lbnRfc3JfcHJvZC8xMTQxQjBCRDMzQjM3QTJERDA2ODBGMzdBNjcyMDlCQV92aWRlb19kYXNoaW5pdC5tcDQVAALIARIAFQIYUWlnX3hwdl9wbGFjZW1lbnRfcGVybWFuZW50X3YyL0RENDhEMjYwNjE2RDJEOTlCOEEwMEZFQkUzOENCMjk0X2F1ZGlvX2Rhc2hpbml0Lm1wNBUCAsgBEgAoABgAGwKIB3VzZV9vaWwBMRJwcm9ncmVzc2l2ZV9yZWNpcGUBMRUAACbm_7DAuJLaBRUCKAJDMywXQCoAAAAAAAAYEmRhc2hfYmFzZWxpbmVfMV92MREAdf4HZeadAQA&_nc_gid=zp8m_bcETdx3BN_mm7WuJg&_nc_ss=7a3ba&_nc_zt=28&oh=00_AQIKlKN9aiSZxbukE9nF5_70HvfJnBw07LGM-ezbZftreA&oe=6AB043F9,1787699687
samanthaeverly33,228844,Your girl next door ❤️🙃,DcMqSBahUlZ,❤️🖤,4056,305,60009,https://scontent-arn2-1.cdninstagram.com/o1/v/t2/f2/m86/AQPo1uJBRuHAd6gdLL2bON3A4TFCtZ4nV-R_NL9S5zwqYJM2rWTHvZF8RlI6Owe6Ke7A9IarOlNFz-XHxXcnFKLEDTfXVF7zjPDTGYc.mp4?_nc_cat=105&_nc_sid=5e9851&_nc_ht=scontent-arn2-1.cdninstagram.com&_nc_ohc=dhd8wFR94xYQ7kNvwFerjRP&efg=eyJ2ZW5jb2RlX3RhZyI6Inhwdl9wcm9ncmVzc2l2ZS5JTlNUQUdSQU0uQ0xJUFMuQzMuNzIwLmRhc2hfYmFzZWxpbmVfMV92MSIsInhwdl9hc3NldF9pZCI6MTAzNjg1MTIzOTE1MTUxNiwiYXNzZXRfYWdlX2RheXMiOjMxLCJ2aV91c2VjYXNlX2lkIjoxMDA5OSwiZHVyYXRpb25fcyI6OCwidXJsZ2VuX3NvdXJjZSI6Ind3dyJ9&ccb=17-1&vs=fbe477e988993618&_nc_vs=HBksFQIYUmlnX3hwdl9yZWVsc19wZXJtYW5lbnRfc3JfcHJvZC9GMDRFRkQ2QkYwNjA0MDQ3RjY2QTJGOUNFQTBBQjlCQl92aWRlb19kYXNoaW5pdC5tcDQVAALIARIAFQIYUWlnX3hwdl9wbGFjZW1lbnRfcGVybWFuZW50X3YyL0I3NEUxQzg0OTA2REY1M0E1Qzc1MTE2NjM2RDNBQ0JDX2F1ZGlvX2Rhc2hpbml0Lm1wNBUCAsgBEgAoABgAGwKIB3VzZV9vaWwBMRJwcm9ncmVzc2l2ZV9yZWNpcGUBMRUAACa4ntvc18DXAxUCKAJDMywXQCC87ZFocrAYEmRhc2hfYmFzZWxpbmVfMV92MREAdf4HZeadAQA&_nc_gid=zp8m_bcETdx3BN_mm7WuJg&_nc_ss=7a3ba&_nc_zt=28&oh=00_AQK7bdZ5x_Nq8lOTLv-9qx7eZrbGos3_AXoFS3LF8fX8Ag&oe=6AB047A2,1787091305
samanthaeverly33,228844,Your girl next door ❤️🙃,Db4dmhLJjax,☺️❤️,2051,233,41979,https://scontent-arn2-1.cdninstagram.com/o1/v/t2/f2/m86/AQOvPssHxjTicMRkvryAfgcocUEFuJKpLiFhMi9zATXUU0DCbjCFCqqxRvLznfFSrkySJQePcybGTx2kLSvtaVlEafQIVHEzwvz3hUQ.mp4?_nc_cat=100&_nc_sid=5e9851&_nc_ht=scontent-arn2-1.cdninstagram.com&_nc_ohc=qCFvDJtvRL0Q7kNvwHDNR8S&efg=eyJ2ZW5jb2RlX3RhZyI6Inhwdl9wcm9ncmVzc2l2ZS5JTlNUQUdSQU0uQ0xJUFMuQzMuNzIwLmRhc2hfYmFzZWxpbmVfMV92MSIsInhwdl9hc3NldF9pZCI6MjA4NDY3MTczNTU5MjYwMywiYXNzZXRfYWdlX2RheXMiOjM5LCJ2aV91c2VjYXNlX2lkIjoxMDA5OSwiZHVyYXRpb25fcyI6MTQsInVybGdlbl9zb3VyY2UiOiJ3d3cifQ%3D%3D&ccb=17-1&vs=efb45841f3b38f96&_nc_vs=HBksFQIYUmlnX3hwdl9yZWVsc19wZXJtYW5lbnRfc3JfcHJvZC9BRDQ1NEUxRTM0RjZFQjYxODRENTE0RTU2ODU2QzNBOF92aWRlb19kYXNoaW5pdC5tcDQVAALIARIAFQIYUWlnX3hwdl9wbGFjZW1lbnRfcGVybWFuZW50X3YyLzRDNDhDNDI5NzgzMTY4N0MyN0NGQjkyNUYzRjIyMDk2X2F1ZGlvX2Rhc2hpbml0Lm1wNBUCAsgBEgAoABgAGwKIB3VzZV9vaWwBMRJwcm9ncmVzc2l2ZV9yZWNpcGUBMRUAACa22q_k7v-zBxUCKAJDMywXQCzT987ZFocYEmRhc2hfYmFzZWxpbmVfMV92MREAdf4HZeadAQA&_nc_gid=zp8m_bcETdx3BN_mm7WuJg&_nc_ss=7a3ba&_nc_zt=28&oh=00_AQK7T6HW7pK2G8FhvL7J0TDACrCpxE5OM6nKM4CPbWqD7A&oe=6AB04E81,1786413539
samanthaeverly33,228844,Your girl next door ❤️🙃,DbuJNOOJLpO,Gimme that 😈,1027,150,14913,https://scontent-arn2-1.cdninstagram.com/o1/v/t2/f2/m86/AQM6AHbwvTmzj960WYEYAhESBgpSBNXVXFlKsLo33hvbofWYP4brFzaM-Fp6_FwLZwWXN-RpFAkd-LM893hfSUO7vazFKTImFzytT3k.mp4?_nc_cat=106&_nc_sid=5e9851&_nc_ht=scontent-arn2-1.cdninstagram.com&_nc_ohc=iUwoSrBEOaAQ7kNvwFMlEnV&efg=eyJ2ZW5jb2RlX3RhZyI6Inhwdl9wcm9ncmVzc2l2ZS5JTlNUQUdSQU0uQ0xJUFMuQzMuNzIwLmRhc2hfYmFzZWxpbmVfMV92MSIsInhwdl9hc3NldF9pZCI6MjQ1NDg1MjE3NTAwNTEyMCwiYXNzZXRfYWdlX2RheXMiOjQzLCJ2aV91c2VjYXNlX2lkIjoxMDA5OSwiZHVyYXRpb25fcyI6MTUsInVybGdlbl9zb3VyY2UiOiJ3d3cifQ%3D%3D&ccb=17-1&vs=bf663a67aba3e44&_nc_vs=HBksFQIYUmlnX3hwdl9yZWVsc19wZXJtYW5lbnRfc3JfcHJvZC80QzQxNkE0Q0IwN0IyN0RGQ0E2NTk2MDQyMUJBRjRBQ192aWRlb19kYXNoaW5pdC5tcDQVAALIARIAFQIYUWlnX3hwdl9wbGFjZW1lbnRfcGVybWFuZW50X3YyLzdBNDUzNUYxN0QwNkJEQzUxRDY5MkM4MTgxNEU1QjhFX2F1ZGlvX2Rhc2hpbml0Lm1wNBUCAsgBEgAoABgAGwKIB3VzZV9vaWwBMRJwcm9ncmVzc2l2ZV9yZWNpcGUBMRUAACaAl_D9mavcCBUCKAJDMywXQC4qfvnbItEYEmRhc2hfYmFzZWxpbmVfMV92MREAdf4HZeadAQA&_nc_gid=zp8m_bcETdx3BN_mm7WuJg&_nc_ss=7a3ba&_nc_zt=28&oh=00_AQIjaLzFHvjU3TCBw6IvHWEsrZzniujsPR-HUdjc0L1VIQ&oe=6AB05283,1786067303
samanthaeverly33,228844,Your girl next door ❤️🙃,DbkgvfIJNpI,My everything ❤️ #horseoftheday,1339,163,19839,https://scontent-arn2-1.cdninstagram.com/o1/v/t2/f2/m86/AQPkMhfx25gb2q-lGCkx2akC6oddGwlAMCCR8p5fAe65gAkHyTSeQaT5uWP1csZ_CorfwZWnofQBT_jFnTOd82F_yU6rmJfU_h6U5Ks.mp4?_nc_cat=103&_nc_sid=5e9851&_nc_ht=scontent-arn2-1.cdninstagram.com&_nc_ohc=xtPq5v5uCP8Q7kNvwHX5oIV&efg=eyJ2ZW5jb2RlX3RhZyI6Inhwdl9wcm9ncmVzc2l2ZS5JTlNUQUdSQU0uQ0xJUFMuQzMuNzIwLmRhc2hfYmFzZWxpbmVfMV92MSIsInhwdl9hc3NldF9pZCI6MjEwODg1MTAxMzM4NjUyMiwiYXNzZXRfYWdlX2RheXMiOjQ3LCJ2aV91c2VjYXNlX2lkIjoxMDA5OSwiZHVyYXRpb25fcyI6MTEsInVybGdlbl9zb3VyY2UiOiJ3d3cifQ%3D%3D&ccb=17-1&vs=2625ed69171bd028&_nc_vs=HBksFQIYUmlnX3hwdl9yZWVsc19wZXJtYW5lbnRfc3JfcHJvZC84NTRCRTcwMkY4RTFENkM1QjFBOTk1OTM5ODFDNjJCNF92aWRlb19kYXNoaW5pdC5tcDQVAALIARIAFQIYUWlnX3hwdl9wbGFjZW1lbnRfcGVybWFuZW50X3YyLzI1NDlBQjU0RDAwRkUxOTQ2N0E5QzhGQTIwRDc5MzhFX2F1ZGlvX2Rhc2hpbml0Lm1wNBUCAsgBEgAoABgAGwKIB3VzZV9vaWwBMRJwcm9ncmVzc2l2ZV9yZWNpcGUBMRUAACa0hMy4pP--BxUCKAJDMywXQCaIMSbpeNUYEmRhc2hfYmFzZWxpbmVfMV92MREAdf4HZeadAQA&_nc_gid=zp8m_bcETdx3BN_mm7WuJg&_nc_ss=7a3ba&_nc_zt=28&oh=00_AQJnh-O9qGJhmjqm35eg73ACFwMtx3WuK724unWzf0EOsg&oe=6AB049DC,1785744099
samanthaeverly33,228844,Your girl next door ❤️🙃,DbT3IO6S6ml,Glowing 🌞,2128,213,31469,https://scontent-arn2-1.cdninstagram.com/o1/v/t2/f2/m86/AQNL36OynzXXaYaWW5IP7GPQwsPvE8ge9mGfc-fxRbMzjSDpCkYbnrYPIY6nVLmO9o-Y6Z8-o7rkrDBqK43xvls0B2L3FJuMFWCXPis.mp4?_nc_cat=101&_nc_sid=5e9851&_nc_ht=scontent-arn2-1.cdninstagram.com&_nc_ohc=-Qt8NYdyxHIQ7kNvwFeGjR9&efg=eyJ2ZW5jb2RlX3RhZyI6Inhwdl9wcm9ncmVzc2l2ZS5JTlNUQUdSQU0uQ0xJUFMuQzMuNzIwLmRhc2hfYmFzZWxpbmVfMV92MSIsInhwdl9hc3NldF9pZCI6MTAyODY1MjYzMDA5MDY2NSwiYXNzZXRfYWdlX2RheXMiOjUzLCJ2aV91c2VjYXNlX2lkIjoxMDA5OSwiZHVyYXRpb25fcyI6MTUsInVybGdlbl9zb3VyY2UiOiJ3d3cifQ%3D%3D&ccb=17-1&vs=59ce4b3861022384&_nc_vs=HBksFQIYUmlnX3hwdl9yZWVsc19wZXJtYW5lbnRfc3JfcHJvZC8yMTQ5RkI4QzRBM0M1ODMwRjAwQzFCQTYxN0IzN0VBMV92aWRlb19kYXNoaW5pdC5tcDQVAALIARIAFQIYUWlnX3hwdl9wbGFjZW1lbnRfcGVybWFuZW50X3YyLzE5NDFDOEI1MjJDOTlCMzZGOTIxQ0Y2QUE2MjhDN0IzX2F1ZGlvX2Rhc2hpbml0Lm1wNBUCAsgBEgAoABgAGwKIB3VzZV9vaWwBMRJwcm9ncmVzc2l2ZV9yZWNpcGUBMRUAACbSjumpu-PTAxUCKAJDMywXQC4hysCDEm8YEmRhc2hfYmFzZWxpbmVfMV92MREAdf4HZeadAQA&_nc_gid=zp8m_bcETdx3BN_mm7WuJg&_nc_ss=7a3ba&_nc_zt=28&oh=00_AQJJkHOqF-Nr8fYoE6W-j5Qtqn72gQApQ_50R80cyBcE8A&oe=6AB05EEA,1785185398
samanthaeverly33,228844,Your girl next door ❤️🙃,DbL2iR2plVp,My peace ❤️✌️,845,109,15335,https://scontent-arn2-1.cdninstagram.com/o1/v/t2/f2/m86/AQMzFO09jKJDFGedcpIcl23QwAX1PKCELLtY85ct3SzEfTaiUoS9oWBwZHM0bSCHiYU3ccrf0vZQeKTBr-C0UfFQdxWn17_eHtMeluE.mp4?_nc_cat=103&_nc_sid=5e9851&_nc_ht=scontent-arn2-1.cdninstagram.com&_nc_ohc=HH2m5UGBMo4Q7kNvwGxGJua&efg=eyJ2ZW5jb2RlX3RhZyI6Inhwdl9wcm9ncmVzc2l2ZS5JTlNUQUdSQU0uQ0xJUFMuQzMuNzIwLmRhc2hfYmFzZWxpbmVfMV92MSIsInhwdl9hc3NldF9pZCI6MTA4ODY3MTQ5NzA1NjM1NywiYXNzZXRfYWdlX2RheXMiOjU2LCJ2aV91c2VjYXNlX2lkIjoxMDA5OSwiZHVyYXRpb25fcyI6MTIsInVybGdlbl9zb3VyY2UiOiJ3d3cifQ%3D%3D&ccb=17-1&vs=bcf9a297fc4aec0&_nc_vs=HBksFQIYUmlnX3hwdl9yZWVsc19wZXJtYW5lbnRfc3JfcHJvZC82QTQ0ODlDRjc2RDgyMkZBQjhCRjYyRUE3NjZBRTJBNl92aWRlb19kYXNoaW5pdC5tcDQVAALIARIAFQIYUWlnX3hwdl9wbGFjZW1lbnRfcGVybWFuZW50X3YyLzJGNEY0OEY2MDEyODlGNDdGMUQ0MjdFNDMzQkQzQzg0X2F1ZGlvX2Rhc2hpbml0Lm1wNBUCAsgBEgAoABgAGwKIB3VzZV9vaWwBMRJwcm9ncmVzc2l2ZV9yZWNpcGUBMRUAACbKwd_dgonvAxUCKAJDMywXQCjul41P3zsYEmRhc2hfYmFzZWxpbmVfMV92MREAdf4HZeadAQA&_nc_gid=zp8m_bcETdx3BN_mm7WuJg&_nc_ss=7a3ba&_nc_zt=28&_nc_enc=QSivc8aWaGZSFgXtLhb3VFKT29quFcbIi9lgFjWJzmjh-6jVb8YKuOT2W8qC6d-RhoLQpILM_9SB3TjaDb8RM1BRzRO2ts8Vj-C_lRlE8EYnraaI0VhaD3QWu60&oh=00_AQJM3qi1kv2RAYx-0CCh84JQO-hQOa9MkTccT0T_OPeAmw&oe=6AB03C78,1784916672
samanthaeverly33,228844,Your girl next door ❤️🙃,DahhXmtpvnP,Late night shenanigans,3669,258,58695,https://scontent-arn2-1.cdninstagram.com/o1/v/t2/f2/m86/AQPATGyBxWnJfVmpMTOFL8gOmN-5rytirqXYuEGrCR5WMh7wmJfiJG8KjHJrC7nzep_CQCXLYTtuglEQNlKj7xja8OHJjZx-VGZJLj8.mp4?_nc_cat=103&_nc_sid=5e9851&_nc_ht=scontent-arn2-1.cdninstagram.com&_nc_ohc=CQJjKo0t4jkQ7kNvwFH503c&efg=eyJ2ZW5jb2RlX3RhZyI6Inhwdl9wcm9ncmVzc2l2ZS5JTlNUQUdSQU0uQ0xJUFMuQzMuNTkyLmRhc2hfYmFzZWxpbmVfMV92MSIsInhwdl9hc3NldF9pZCI6MTMzODA5NTU0NTEzNjMzMiwiYXNzZXRfYWdlX2RheXMiOjczLCJ2aV91c2VjYXNlX2lkIjoxMDA5OSwiZHVyYXRpb25fcyI6MTQsInVybGdlbl9zb3VyY2UiOiJ3d3cifQ%3D%3D&ccb=17-1&vs=90892ac84897c393&_nc_vs=HBksFQIYUmlnX3hwdl9yZWVsc19wZXJtYW5lbnRfc3JfcHJvZC8yNTRCRTAzNTFGQjhCNzAyNDExOTY1NDgyNTIxODFBQV92aWRlb19kYXNoaW5pdC5tcDQVAALIARIAFQIYUWlnX3hwdl9wbGFjZW1lbnRfcGVybWFuZW50X3YyLzczNDRFNzUxOEQ1MTQ3NDNERDg1MEMyRjQ5OUNCQTk5X2F1ZGlvX2Rhc2hpbml0Lm1wNBUCAsgBEgAoABgAGwKIB3VzZV9vaWwBMRJwcm9ncmVzc2l2ZV9yZWNpcGUBMRUAACaY06XatL_gBBUCKAJDMywXQCzDEm6XjVAYEmRhc2hfYmFzZWxpbmVfMV92MREAdf4HZeadAQA&_nc_gid=zp8m_bcETdx3BN_mm7WuJg&_nc_ss=7a3ba&_nc_zt=28&oh=00_AQL-GGa4Mz20VaNRfT-uleG6RDDZghSp5cccO1S9nxOacg&oe=6AB068C0,1783496278
samanthaeverly33,228844,Your girl next door ❤️🙃,DZzHqcWphTv,In my feels tonight 🤠 #country,5457,465,72818,https://scontent-arn2-1.cdninstagram.com/o1/v/t2/f2/m86/AQPsEorhNIMVY1NBw30hvJlmjlJNQBsNBp9dFby15mnQxDAaJfY8v3LaHSlrfgk2y_mesHDvtwaBXM5oj2fBgoA9o7quFybka-Pgp80.mp4?_nc_cat=107&_nc_sid=5e9851&_nc_ht=scontent-arn2-1.cdninstagram.com&_nc_ohc=PxNA1ArIyDwQ7kNvwGjGcsj&efg=eyJ2ZW5jb2RlX3RhZyI6Inhwdl9wcm9ncmVzc2l2ZS5JTlNUQUdSQU0uQ0xJUFMuQzMuNzIwLmRhc2hfYmFzZWxpbmVfMV92MSIsInhwdl9hc3NldF9pZCI6MTU3MTA3MzcxNzkzNTY4MSwiYXNzZXRfYWdlX2RheXMiOjkxLCJ2aV91c2VjYXNlX2lkIjoxMDA5OSwiZHVyYXRpb25fcyI6MTIsInVybGdlbl9zb3VyY2UiOiJ3d3cifQ%3D%3D&ccb=17-1&vs=4972c33ec916eae8&_nc_vs=HBksFQIYUmlnX3hwdl9yZWVsc19wZXJtYW5lbnRfc3JfcHJvZC82RDQ3OEM1QzI2QjdFMkZFNENEQTY0OUM4RDAyNURCQ192aWRlb19kYXNoaW5pdC5tcDQVAALIARIAFQIYUWlnX3hwdl9wbGFjZW1lbnRfcGVybWFuZW50X3YyLzJDNDIyNjBBMEIzQTU0NUQ0MjBGQkU3RTYwRDZFOThBX2F1ZGlvX2Rhc2hpbml0Lm1wNBUCAsgBEgAoABgAGwKIB3VzZV9vaWwBMRJwcm9ncmVzc2l2ZV9yZWNpcGUBMRUAACaC-fytw7jKBRUCKAJDMywXQCkAAAAAAAAYEmRhc2hfYmFzZWxpbmVfMV92MREAdf4HZeadAQA&_nc_gid=zp8m_bcETdx3BN_mm7WuJg&_nc_ss=7a3ba&_nc_zt=28&oh=00_AQIYt_OGdK3LQR0TwNsJ8YAIka-C-NxifXxWP1MysRl1hw&oe=6AB0491C,1781939323
samanthaeverly33,228844,Your girl next door ❤️🙃,DZIh1g7pfSH,Throwback to when we could post the good stuff on Instagram 😏 can we go back to how it was? 😂❤️,6824,592,77418,https://scontent-bru2-1.cdninstagram.com/o1/v/t2/f2/m86/AQOEmDXX4h2pwl6Gsc4vq79NHHJcd9CuOKGysd1TdbnPYEgLzMx1b1Olk91Fu2-zd220KX7gXQWKvwpGG5bw6iPjnUv1XjbLiMQnMVs.mp4?_nc_cat=110&_nc_sid=5e9851&_nc_ht=scontent-bru2-1.cdninstagram.com&_nc_ohc=ZEUYj84IP40Q7kNvwG4bkyD&efg=eyJ2ZW5jb2RlX3RhZyI6Inhwdl9wcm9ncmVzc2l2ZS5JTlNUQUdSQU0uQ0xJUFMuQzMuNzIwLmRhc2hfYmFzZWxpbmVfMV92MSIsInhwdl9hc3NldF9pZCI6MjQxNDQ1Nzc3MjMxNDEyNiwiYXNzZXRfYWdlX2RheXMiOjEwNywidmlfdXNlY2FzZV9pZCI6MTAwOTksImR1cmF0aW9uX3MiOjEyLCJ1cmxnZW5fc291cmNlIjoid3d3In0%3D&ccb=17-1&vs=691d92923bae240c&_nc_vs=HBksFQIYUmlnX3hwdl9yZWVsc19wZXJtYW5lbnRfc3JfcHJvZC80RTRENkZFNjlBMjM2MTQ3REJDQzVBQjAyRTIwRTg4MF92aWRlb19kYXNoaW5pdC5tcDQVAALIARIAFQIYUWlnX3hwdl9wbGFjZW1lbnRfcGVybWFuZW50X3YyLzdENEVCOTNBRDMyQzlDMzRFQzNBNDEzQUQwQUNFNzk3X2F1ZGlvX2Rhc2hpbml0Lm1wNBUCAsgBEgAoABgAGwKIB3VzZV9vaWwBMRJwcm9ncmVzc2l2ZV9yZWNpcGUBMRUAACacuMCd-PvJCBUCKAJDMywXQClKPXCj1woYEmRhc2hfYmFzZWxpbmVfMV92MREAdf4HZeadAQA&_nc_gid=1qENvyC0UKWr8N-JymVSTw&_nc_ss=7a3ba&_nc_zt=28&oh=00_AQJ1V0SPNpRxu1XiD6YbBoh85GyPLYJMsAY-hoWMIVDBKw&oe=6AB05A6F,1780510272
samanthaeverly33,228844,Your girl next door ❤️🙃,DYu7gbqhcK_,Rise and shine 😇❤️,1759,292,36653,https://scontent-bru2-1.cdninstagram.com/o1/v/t2/f2/m86/AQM8HEkzBYBqQWXMItYofrIpao3FW-cPSQzLyeL9Yr4LgGgjPVD6_LscNvXxnQ06kYMwrmZ8-MEOHyskoWQvcFVYFdUMX1a8sLX_7gI.mp4?_nc_cat=104&_nc_sid=5e9851&_nc_ht=scontent-bru2-1.cdninstagram.com&_nc_ohc=sg3YB0Rc1IsQ7kNvwHmL5Au&efg=eyJ2ZW5jb2RlX3RhZyI6Inhwdl9wcm9ncmVzc2l2ZS5JTlNUQUdSQU0uQ0xJUFMuQzMuNzIwLmRhc2hfYmFzZWxpbmVfMV92MSIsInhwdl9hc3NldF9pZCI6MTI5NzUzMjg5NTgzODc2MiwiYXNzZXRfYWdlX2RheXMiOjExNywidmlfdXNlY2FzZV9pZCI6MTAwOTksImR1cmF0aW9uX3MiOjYsInVybGdlbl9zb3VyY2UiOiJ3d3cifQ%3D%3D&ccb=17-1&vs=20515df69470719b&_nc_vs=HBkcFQIYUmlnX3hwdl9yZWVsc19wZXJtYW5lbnRfc3JfcHJvZC83NDQ1Q0JBMEM3OTI3QTU2QjVFNkEyMkNBMEY3QzBCOV92aWRlb19kYXNoaW5pdC5tcDQVAALIARIAKAAYABsCiAd1c2Vfb2lsATEScHJvZ3Jlc3NpdmVfcmVjaXBlATEVAAAm1Ii6ta2GzgQVAigCQzMsF0AbRaHKwIMSGBJkYXNoX2Jhc2VsaW5lXzFfdjERAHX-B2XmnQEA&_nc_gid=1qENvyC0UKWr8N-JymVSTw&_nc_ss=7a3ba&_nc_zt=28&oh=00_AQLqyjVBlUPytkpue8_E_VYcyBE1eKjFV287WFGnhzkSVg&oe=6AB045D9,1779651217
samanthaeverly33,228844,Your girl next door ❤️🙃,DV4N6Fpko2s,Spring break energy activated ☀️😈,5323,439,79980,https://scontent-bru2-1.cdninstagram.com/o1/v/t16/f2/m69/AQMkpkZh62AUE5kdLlJ8lL0cPRWWWNTiZXnbiSpIcFo1S40UZXOsYnH46sn-3WUWPBMaZtFoeUael_WErrad-svD.mp4?strext=1&_nc_cat=102&_nc_sid=5e9851&_nc_ht=scontent-bru2-1.cdninstagram.com&_nc_ohc=hqE56FPcADYQ7kNvwElPfxw&efg=eyJ2ZW5jb2RlX3RhZyI6Inhwdl9wcm9ncmVzc2l2ZS5JTlNUQUdSQU0uQ0xJUFMuQzMuNzIwLmRhc2hfYmFzZWxpbmVfMV92MSIsInhwdl9hc3NldF9pZCI6MTc5NDkzNTMzODgxMTcwMTcsImFzc2V0X2FnZV9kYXlzIjoxODgsInZpX3VzZWNhc2VfaWQiOjEwMDk5LCJkdXJhdGlvbl9zIjoxMywidXJsZ2VuX3NvdXJjZSI6Ind3dyJ9&ccb=17-1&vs=6594c938507a4cb7&_nc_vs=HBkcFQIYOnBhc3N0aHJvdWdoX2V2ZXJzdG9yZS9HR2NDeENiQldaV0YybU1FQUh4NzVBMlVIem9IYnNwVEFRQUYVAALIARIAKAAYABsCiAd1c2Vfb2lsATEScHJvZ3Jlc3NpdmVfcmVjaXBlATEVAAAmsrCsivC14j8VAigCQzMsF0Aru2RaHKwIGBJkYXNoX2Jhc2VsaW5lXzFfdjERAHX-B2XmnQEA&_nc_gid=1qENvyC0UKWr8N-JymVSTw&_nc_ss=7a3ba&_nc_zt=28&oh=00_AQJBryaIwDJ6tHWa_fETMUwKCY8_wFVEwgqKPp8mMeUEsg&oe=6AB44DFA,1773520408
samanthaeverly33,228844,Your girl next door ❤️🙃,DVIciNhiS4t,Don’t mind me 😏,5323,478,92637,https://scontent-bru2-1.cdninstagram.com/o1/v/t16/f2/m69/AQNRyfF3L0K9en0fZ-bK2z_EVbCvjvc7zwOX6i8zVn4p9Ser-z3pExayT9CTh3PZkAY-VG02DXskvk6-22kXJ8Sn.mp4?strext=1&_nc_cat=102&_nc_sid=5e9851&_nc_ht=scontent-bru2-1.cdninstagram.com&_nc_ohc=eYQwkp74GR8Q7kNvwGBOxGJ&efg=eyJ2ZW5jb2RlX3RhZyI6Inhwdl9wcm9ncmVzc2l2ZS5JTlNUQUdSQU0uQ0xJUFMuQzMuNzIwLmRhc2hfYmFzZWxpbmVfMV92MSIsInhwdl9hc3NldF9pZCI6MTc5NDQ1NDQwMzExMTcwMTcsImFzc2V0X2FnZV9kYXlzIjoyMDcsInZpX3VzZWNhc2VfaWQiOjEwMDk5LCJkdXJhdGlvbl9zIjoxOSwidXJsZ2VuX3NvdXJjZSI6Ind3dyJ9&ccb=17-1&vs=16b83251f315c272&_nc_vs=HBkcFQIYOnBhc3N0aHJvdWdoX2V2ZXJzdG9yZS9HTHdPQWlaX1U3R21yZm9GQVBoUTlpVU1TeUlVYnNwVEFRQUYVAALIARIAKAAYABsCiAd1c2Vfb2lsATEScHJvZ3Jlc3NpdmVfcmVjaXBlATEVAAAmsruMyved4D8VAigCQzMsF0AzVT987ZFoGBJkYXNoX2Jhc2VsaW5lXzFfdjERAHX-B2XmnQEA&_nc_gid=1qENvyC0UKWr8N-JymVSTw&_nc_ss=7a3ba&_nc_zt=28&oh=00_AQK9PB6el10dLkzcxz4hTGV96TtU079gX3Ikhx0kbCOkxA&oe=6AB43676,1771917554
samanthaeverly33,228844,Your girl next door ❤️🙃,DUh_n0ciYpk,Did your team win? 😉❤️,4243,321,65821,https://scontent-bru2-1.cdninstagram.com/o1/v/t16/f2/m69/AQNMo5K3MedJNXETWoO4H4GnZQAONfB-1LaYZfN_zvEj3zXI9hUaaKMTJYbRcDu2FGhAsQdnqtTLlJDUEgthTWbR.mp4?strext=1&_nc_cat=108&_nc_sid=5e9851&_nc_ht=scontent-bru2-1.cdninstagram.com&_nc_ohc=WsP8-a_CO1UQ7kNvwFMyUFr&efg=eyJ2ZW5jb2RlX3RhZyI6Inhwdl9wcm9ncmVzc2l2ZS5JTlNUQUdSQU0uQ0xJUFMuQzMuNzIwLmRhc2hfYmFzZWxpbmVfMV92MSIsInhwdl9hc3NldF9pZCI6MTc5NDEzODI4NDcxMTcwMTcsImFzc2V0X2FnZV9kYXlzIjoyMjIsInZpX3VzZWNhc2VfaWQiOjEwMDk5LCJkdXJhdGlvbl9zIjoxNSwidXJsZ2VuX3NvdXJjZSI6Ind3dyJ9&ccb=17-1&vs=566f75eb1c84061c&_nc_vs=HBksFQIYOnBhc3N0aHJvdWdoX2V2ZXJzdG9yZS9HS0lYTlNYamJKYkVla29FQURMLUQ4emt3cEF2YnNwVEFRQUYVAALIARIAFQIYUWlnX3hwdl9wbGFjZW1lbnRfcGVybWFuZW50X3YyLzlFNDQ3RTVBQjk4QUE3NUY4NjI1MzY4ODUxREExNUIxX2F1ZGlvX2Rhc2hpbml0Lm1wNBUCAsgBEgAoABgAGwKIB3VzZV9vaWwBMRJwcm9ncmVzc2l2ZV9yZWNpcGUBMRUAACay24329uXePxUCKAJDMywXQC4AAAAAAAAYEmRhc2hfYmFzZWxpbmVfMV92MREAdf4HZeadAQA&_nc_gid=1qENvyC0UKWr8N-JymVSTw&_nc_ss=7a3ba&_nc_zt=28&oh=00_AQKcvt3LCPGVfnQXOmtrHoUvmrjXpUW7ULJCa6LG9FgPoA&oe=6AB44D88,1770627227
samanthaeverly33,228844,Your girl next door ❤️🙃,DTfGrNgCfRn,Still up? 😉😘,2820,311,56138,https://scontent-bru2-1.cdninstagram.com/o1/v/t16/f2/m69/AQOwc1jWlcYLKDdbUBVzHYYiNN-qnuHHkmIg4cOfvIvRz6xLYfw3YWoZfw7aka9BfBVvRES-M2ozaKekRJU_VkA9.mp4?strext=1&_nc_cat=108&_nc_sid=5e9851&_nc_ht=scontent-bru2-1.cdninstagram.com&_nc_ohc=cNH7Go5aeP4Q7kNvwF3_9rv&efg=eyJ2ZW5jb2RlX3RhZyI6Inhwdl9wcm9ncmVzc2l2ZS5JTlNUQUdSQU0uQ0xJUFMuQzMuNzIwLmRhc2hfYmFzZWxpbmVfMV92MSIsInhwdl9hc3NldF9pZCI6NzMyMTA2Njk5OTU1OTQ2LCJhc3NldF9hZ2VfZGF5cyI6MjQ4LCJ2aV91c2VjYXNlX2lkIjoxMDA5OSwiZHVyYXRpb25fcyI6MTUsInVybGdlbl9zb3VyY2UiOiJ3d3cifQ%3D%3D&ccb=17-1&vs=7395212f69f8143f&_nc_vs=HBksFQIYOnBhc3N0aHJvdWdoX2V2ZXJzdG9yZS9HSHF2Z3lUZlZhcHdhcTRRQVB3OU1nd09NYk55YnNwVEFRQUYVAALIARIAFQIYR2lnX3hwdl9yZWVsc19wZXJtYW5lbnRfc3JfcHJvZC8xMDQ2NzI3NzMwOTkzNzgxXzg0NDg4NjYyMTM1NjYzNjY1MzYubXA0FQICyAESACgAGAAbAogHdXNlX29pbAExEnByb2dyZXNzaXZlX3JlY2lwZQExFQAAJtT7zvyb9swCFQIoAkMzLBdALip--dsi0RgSZGFzaF9iYXNlbGluZV8xX3YxEQB1_gdl5p0BAA&_nc_gid=1qENvyC0UKWr8N-JymVSTw&_nc_ss=7a3ba&_nc_zt=28&oh=00_AQKO7Hz5fgn9DFVaztNgLo0Y0xLSZnajaq0VAegHxGPiNw&oe=6AB45020,1768382782
samanthaeverly33,228844,Your girl next door ❤️🙃,DS4X-qqiUKg,Few days left this year ✨ Make it count 😉😘 #2025,4048,420,72208,https://scontent-bru2-1.cdninstagram.com/o1/v/t2/f2/m86/AQNLzznkXfQVzFuFhsUPWnQ4P0IeQEdoJ3Q207qUSmSqYrogXSQU5rtSeTEtPo5SOawLs9rpQeOLcBJCc4Ji8INL82qJCdHVBb4PIYc.mp4?_nc_cat=110&_nc_sid=5e9851&_nc_ht=scontent-bru2-1.cdninstagram.com&_nc_ohc=AJ9CQ_-CmrIQ7kNvwGrm6GO&efg=eyJ2ZW5jb2RlX3RhZyI6Inhwdl9wcm9ncmVzc2l2ZS5JTlNUQUdSQU0uQ0xJUFMuQzMuNzIwLmRhc2hfYmFzZWxpbmVfMV92MSIsInhwdl9hc3NldF9pZCI6ODgyNjU1MDM0NDU1Mzk1LCJhc3NldF9hZ2VfZGF5cyI6MjYzLCJ2aV91c2VjYXNlX2lkIjoxMDA5OSwiZHVyYXRpb25fcyI6MTUsInVybGdlbl9zb3VyY2UiOiJ3d3cifQ%3D%3D&ccb=17-1&vs=d64443b7545654f2&_nc_vs=HBksFQIYUmlnX3hwdl9yZWVsc19wZXJtYW5lbnRfc3JfcHJvZC9FNjQ2M0E4QzQyNTM5NUFENEM0OUVBRDgzNzNERUI4Rl92aWRlb19kYXNoaW5pdC5tcDQVAALIARIAFQIYR2lnX3hwdl9yZWVsc19wZXJtYW5lbnRfc3JfcHJvZC8xMTQ3MzkxOTMwNTUwNTYyXzM5MTUzMzMyMzQwNzQ0NDE0OTAubXA0FQICyAESACgAGAAbAogHdXNlX29pbAExEnByb2dyZXNzaXZlX3JlY2lwZQExFQAAJsbVzbyksZEDFQIoAkMzLBdALip--dsi0RgSZGFzaF9iYXNlbGluZV8xX3YxEQB1_gdl5p0BAA&_nc_gid=1qENvyC0UKWr8N-JymVSTw&_nc_ss=7a3ba&_nc_zt=28&oh=00_AQJXg_-qy7EagZbBmw3emjRvqmIwZiYNCe4ceYZh_x3adg&oe=6AB06DCF,1767083300
valentinabrunno,98200,"Little Kitty 🐱 
Sweet by day, trouble by night 🖤",DaS_WBDNG0M,"LET’S GOOOO USA 🇺🇸 On to the next round!! The Bay Area showed UP for this one — atmosphere was electric. So grateful I got to be here for it. San Francisco, you did that. ⚽️🔥",3,229,267996,https://scontent-arn2-1.cdninstagram.com/o1/v/t2/f2/m86/AQMIU65Y4Xi2ei_6fnfsAhjKnPzyKTnqBWJw2pR4oP5iEudoiLeZ3l-5RU4_IyypcKb0HZNGZdYvJU0cBwE1mwhboCAaZtkbdEzu2kM.mp4?_nc_cat=108&_nc_sid=5e9851&_nc_ht=scontent-arn2-1.cdninstagram.com&_nc_ohc=fM9nkJZ8GD4Q7kNvwGbfsLE&efg=eyJ2ZW5jb2RlX3RhZyI6Inhwdl9wcm9ncmVzc2l2ZS5JTlNUQUdSQU0uQ0xJUFMuQzMuNzIwLmRhc2hfYmFzZWxpbmVfMV92MSIsInhwdl9hc3NldF9pZCI6ODY5ODg4Njk2MTg4MjI2LCJhc3NldF9hZ2VfZGF5cyI6NzgsInZpX3VzZWNhc2VfaWQiOjEwODI3LCJkdXJhdGlvbl9zIjoxMSwidXJsZ2VuX3NvdXJjZSI6Ind3dyJ9&ccb=17-1&vs=245a3423af2f6140&_nc_vs=HBksFQIYUmlnX3hwdl9yZWVsc19wZXJtYW5lbnRfc3JfcHJvZC9CNDRFRjdENzM1OTk0QTgwNjlCMjFDMjM0NUYxODRBOV92aWRlb19kYXNoaW5pdC5tcDQVAALIARIAFQIYUWlnX3hwdl9wbGFjZW1lbnRfcGVybWFuZW50X3YyL0RCNDM3RUUzNTk1RjVERjc4NDhCN0M3QjkyNUNCN0FCX2F1ZGlvX2Rhc2hpbml0Lm1wNBUCAsgBEgAoABgAGwKIB3VzZV9vaWwBMRJwcm9ncmVzc2l2ZV9yZWNpcGUBMRUAACaE9dfrl8qLAxUCKAJDMywXQCcQ5WBBiTcYEmRhc2hfYmFzZWxpbmVfMV92MREAdf4HZZapAQA&_nc_gid=wKY6u8DEQmPNhzCrdaj4Jw&_nc_ss=7a3ba&_nc_zt=28&oh=00_AQKqS8dP6VI37N5BbWu9B9hw2GLACXgTEGli5Zr8_Pjwnw&oe=6AB0534D,1783008989
valentinabrunno,98200,"Little Kitty 🐱 
Sweet by day, trouble by night 🖤",DZ-SLvXtsYD,"accidentally on TV, intentionally there for the goat brace 😭🎥",3,338,457864,https://scontent-arn2-1.cdninstagram.com/o1/v/t2/f2/m86/AQPHhpLdicUhlL5uMXg7BqTUkfPEUHdz9zaAPnn0BWQHfFdL76uREiH-Nl4H4alwUZ_SqjBJcUoifZGxLHLVDCWdz9sKETZrFkHh3Y0.mp4?_nc_cat=104&_nc_sid=5e9851&_nc_ht=scontent-arn2-1.cdninstagram.com&_nc_ohc=j863sT1phOkQ7kNvwErlQxn&efg=eyJ2ZW5jb2RlX3RhZyI6Inhwdl9wcm9ncmVzc2l2ZS5JTlNUQUdSQU0uQ0xJUFMuQzMuNzIwLmRhc2hfYmFzZWxpbmVfMV92MSIsInhwdl9hc3NldF9pZCI6MTYyNTYzOTcyODUyNDI4NiwiYXNzZXRfYWdlX2RheXMiOjg2LCJ2aV91c2VjYXNlX2lkIjoxMDgyNywiZHVyYXRpb25fcyI6MTAsInVybGdlbl9zb3VyY2UiOiJ3d3cifQ%3D%3D&ccb=17-1&vs=5a85289ea3aecb4e&_nc_vs=HBksFQIYUmlnX3hwdl9yZWVsc19wZXJtYW5lbnRfc3JfcHJvZC9DMTQxRDc4NzJCODdDQzUzMjRBQjM3MTE4QjEyQkVCOV92aWRlb19kYXNoaW5pdC5tcDQVAALIARIAFQIYUWlnX3hwdl9wbGFjZW1lbnRfcGVybWFuZW50X3YyLzVENEUwMzZBRDgwQ0I1RTJCNjQ0QzZBM0UyQTg3NEIyX2F1ZGlvX2Rhc2hpbml0Lm1wNBUCAsgBEgAoABgAGwKIB3VzZV9vaWwBMRJwcm9ncmVzc2l2ZV9yZWNpcGUBMRUAACb8r-no16DjBRUCKAJDMywXQCSIMSbpeNUYEmRhc2hfYmFzZWxpbmVfMV92MREAdf4HZZapAQA&_nc_gid=wKY6u8DEQmPNhzCrdaj4Jw&_nc_ss=7a3ba&_nc_zt=28&oh=00_AQLmtfEDfPTmq1tUi8wWsjewZEHe7zunsG18uliPeowWNg&oe=6AB06FC5,1782313952
valentinabrunno,98200,"Little Kitty 🐱 
Sweet by day, trouble by night 🖤",DYNABhSqmgm,mum was proud of this moment💙,3,475,369887,https://scontent-arn2-1.cdninstagram.com/o1/v/t2/f2/m86/AQOvyweuTX4h57DhZ9vBv-7TSHh2rlHBtsTD4HZXCIywGASB-VRoDxLENLlnG8z3-4N84zZCtGcNYDFkRtCNAussQk05wQiGdp2sGt4.mp4?_nc_cat=103&_nc_sid=5e9851&_nc_ht=scontent-arn2-1.cdninstagram.com&_nc_ohc=Dblr3jnbLoQQ7kNvwFEJ4R-&efg=eyJ2ZW5jb2RlX3RhZyI6Inhwdl9wcm9ncmVzc2l2ZS5JTlNUQUdSQU0uQ0xJUFMuQzMuNzIwLmRhc2hfYmFzZWxpbmVfMV92MSIsInhwdl9hc3NldF9pZCI6MTUzOTE3OTIzNDU2NTQ4NCwiYXNzZXRfYWdlX2RheXMiOjEzMCwidmlfdXNlY2FzZV9pZCI6MTAwOTksImR1cmF0aW9uX3MiOjEwLCJ1cmxnZW5fc291cmNlIjoid3d3In0%3D&ccb=17-1&vs=e60a01c8f9db3098&_nc_vs=HBksFQIYUmlnX3hwdl9yZWVsc19wZXJtYW5lbnRfc3JfcHJvZC84RDQ3QUEwQzkzODAzQzVFQTMyRUQzNzRDMkE2RUQ5Ml92aWRlb19kYXNoaW5pdC5tcDQVAALIARIAFQIYUWlnX3hwdl9wbGFjZW1lbnRfcGVybWFuZW50X3YyL0RBNDFBMTkxNkFGMjY1MUIwQjU1NjkxNENGNTEwNEI0X2F1ZGlvX2Rhc2hpbml0Lm1wNBUCAsgBEgAoABgAGwKIB3VzZV9vaWwBMRJwcm9ncmVzc2l2ZV9yZWNpcGUBMRUAACbY9az4gvi7BRUCKAJDMywXQCQhysCDEm8YEmRhc2hfYmFzZWxpbmVfMV92MREAdf4HZeadAQA&_nc_gid=wKY6u8DEQmPNhzCrdaj4Jw&_nc_ss=7a3ba&_nc_zt=28&oh=00_AQLX2G1rTjprd7RSVqqcSVVfgYvm_Hmb8QtBVAvz1DU4vw&oe=6AB06ACC,1778512869
alessi.vice,82019,"🇮🇹 Made in Italy.
📍Miami, Florida.
​￼​ If you hear an engine, I'm probably smiling.
🖤 Life's too short",DdIQjM-RRFB,"City strolls in deep chocolate brown 🤎 Where should we go for dinner tonight?

#streetstyle #ootd #fashioninspo #nightout #styleinspo",9028,341,122869,https://scontent-arn2-1.cdninstagram.com/o1/v/t2/f2/m86/AQNRavO6xhE61oeD76_QM8-g3TFSzRXIFYkJRHMSWF9lHH3DXqA7MUiHBx4eKGOKeG6983oqTTD16_bKoiKvvD2PDvETE0QNlFNA5fQ.mp4?_nc_cat=107&_nc_sid=5e9851&_nc_ht=scontent-arn2-1.cdninstagram.com&_nc_ohc=jFaJolqJjawQ7kNvwGrd0Dd&efg=eyJ2ZW5jb2RlX3RhZyI6Inhwdl9wcm9ncmVzc2l2ZS5JTlNUQUdSQU0uQ0xJUFMuQzMuNzIwLmRhc2hfYmFzZWxpbmVfMV92MSIsInhwdl9hc3NldF9pZCI6OTMxOTAzMTA5NDY3NTE4LCJhc3NldF9hZ2VfZGF5cyI6OCwidmlfdXNlY2FzZV9pZCI6MTAwOTksImR1cmF0aW9uX3MiOjYsInVybGdlbl9zb3VyY2UiOiJ3d3cifQ%3D%3D&ccb=17-1&vs=c9e304b5667b5634&_nc_vs=HBksFQIYUmlnX3hwdl9yZWVsc19wZXJtYW5lbnRfc3JfcHJvZC9BMjQwOUNGMzUzNjQ1QTJEMkY5QjFBNzEyNEVGMTU4M192aWRlb19kYXNoaW5pdC5tcDQVAALIARIAFQIYUWlnX3hwdl9wbGFjZW1lbnRfcGVybWFuZW50X3YyL0VENDE3NzM2RDZCNjI2MkExRjBBQjJDQzI5RUU2OEFCX2F1ZGlvX2Rhc2hpbml0Lm1wNBUCAsgBEgAoABgAGwKIB3VzZV9vaWwBMRJwcm9ncmVzc2l2ZV9yZWNpcGUBMRUAACb8tfCc8-OnAxUCKAJDMywXQBip--dsi0QYEmRhc2hfYmFzZWxpbmVfMV92MREAdf4HZeadAQA&_nc_gid=AmNHeixGYo-IdU8UhxfnDg&_nc_ss=7a3ba&_nc_zt=28&oh=00_AQJHr6pUStOFMx2v_MhbLa_gC07Tv_UL0ttPL5xu14-FTA&oe=6AB04188,1789091080
alessi.vice,82019,"🇮🇹 Made in Italy.
📍Miami, Florida.
​￼​ If you hear an engine, I'm probably smiling.
🖤 Life's too short",Db84whUPBLD,"just a little daytime confidence ☀️

#streetfashion #beigeoutfit #summervibes #modeloffduty #chic",6187,153,104844,https://scontent-arn2-1.cdninstagram.com/o1/v/t2/f2/m86/AQMUZSIgFpgLvPN1Y150mh2f5AWU83df6Crd9EM2cHOjxCaHQcJP2uSGhSYRxLpXRqgzq2LY4mwZMIUhwv1nyOn5d_cmjjRlKfsLDyk.mp4?_nc_cat=110&_nc_sid=5e9851&_nc_ht=scontent-arn2-1.cdninstagram.com&_nc_ohc=BpP1Ei9eVqYQ7kNvwHU7XsM&efg=eyJ2ZW5jb2RlX3RhZyI6Inhwdl9wcm9ncmVzc2l2ZS5JTlNUQUdSQU0uQ0xJUFMuQzMuNzIwLmRhc2hfYmFzZWxpbmVfMV92MSIsInhwdl9hc3NldF9pZCI6MTQ4ODQ0MjQ3OTk5MzkzNywiYXNzZXRfYWdlX2RheXMiOjM3LCJ2aV91c2VjYXNlX2lkIjoxMDA5OSwiZHVyYXRpb25fcyI6NCwidXJsZ2VuX3NvdXJjZSI6Ind3dyJ9&ccb=17-1&vs=243c78780c1f624c&_nc_vs=HBksFQIYUmlnX3hwdl9yZWVsc19wZXJtYW5lbnRfc3JfcHJvZC81NTQ5NEZENDZDNEIxRjQ3NkE0RUQ3ODc1NTRGMDY4OF92aWRlb19kYXNoaW5pdC5tcDQVAALIARIAFQIYUWlnX3hwdl9wbGFjZW1lbnRfcGVybWFuZW50X3YyLzE1NDAyNkQ4QUQ0QjAyQzhBMDE0NzhERjk0MzkyMkI1X2F1ZGlvX2Rhc2hpbml0Lm1wNBUCAsgBEgAoABgAGwKIB3VzZV9vaWwBMRJwcm9ncmVzc2l2ZV9yZWNpcGUBMRUAACaikc_U4O6kBRUCKAJDMywXQBLul41P3zsYEmRhc2hfYmFzZWxpbmVfMV92MREAdf4HZeadAQA&_nc_gid=AmNHeixGYo-IdU8UhxfnDg&_nc_ss=7a3ba&_nc_zt=28&oh=00_AQIi2PZU7ZubEAdDxtO54dGfih0137oWE-YZZqUwRZnZhA&oe=6AB05DF7,1786562038
alessi.vice,82019,"🇮🇹 Made in Italy.
📍Miami, Florida.
​￼​ If you hear an engine, I'm probably smiling.
🖤 Life's too short",Db3aXBPR74C,"just a little mall walk in white lace 🤍

#mallday #whitelace #sofiaalessi #jeansandheels #everydaylook",27938,1039,481525,https://scontent-arn2-1.cdninstagram.com/o1/v/t2/f2/m86/AQMzfiNfg74dBo42KRHlM4iCeRmb-QFkvxRadzQMVsGIQ6Mqw0WNoZAEP1oQtOjO_MSh1rEhWKCXdI2R9dxJk9ugXGh90rIrwJ5fCMk.mp4?_nc_cat=111&_nc_sid=5e9851&_nc_ht=scontent-arn2-1.cdninstagram.com&_nc_ohc=jK6WJHFgGV4Q7kNvwHzIQ01&efg=eyJ2ZW5jb2RlX3RhZyI6Inhwdl9wcm9ncmVzc2l2ZS5JTlNUQUdSQU0uQ0xJUFMuQzMuNzIwLmRhc2hfYmFzZWxpbmVfMV92MSIsInhwdl9hc3NldF9pZCI6MTc3NTk3OTIzMzQ5MDE5MCwiYXNzZXRfYWdlX2RheXMiOjM5LCJ2aV91c2VjYXNlX2lkIjoxMDA5OSwiZHVyYXRpb25fcyI6NSwidXJsZ2VuX3NvdXJjZSI6Ind3dyJ9&ccb=17-1&vs=1d72abeda4e27a5b&_nc_vs=HBksFQIYUmlnX3hwdl9yZWVsc19wZXJtYW5lbnRfc3JfcHJvZC9BRTREQUZEQjZGRjA5QkYzNDhDQTI5QTRGQTFEMTNCMF92aWRlb19kYXNoaW5pdC5tcDQVAALIARIAFQIYUWlnX3hwdl9wbGFjZW1lbnRfcGVybWFuZW50X3YyL0EzNDNBNTU4MEEyNTMxMDJGNEZBQUQzQ0NEMzk1RjlDX2F1ZGlvX2Rhc2hpbml0Lm1wNBUCAsgBEgAoABgAGwKIB3VzZV9vaWwBMRJwcm9ncmVzc2l2ZV9yZWNpcGUBMRUAACac1Lm1zM-nBhUCKAJDMywXQBZmZmZmZmYYEmRhc2hfYmFzZWxpbmVfMV92MREAdf4HZeadAQA&_nc_gid=AmNHeixGYo-IdU8UhxfnDg&_nc_ss=7a3ba&_nc_zt=28&oh=00_AQIzPx09kvTA7EgBQAqmVhiyrXBTbvhWmcgAIlUCwQ7LbA&oe=6AB052B0,1786378327
alessi.vice,82019,"🇮🇹 Made in Italy.
📍Miami, Florida.
​￼​ If you hear an engine, I'm probably smiling.
🖤 Life's too short",DddOzCwRC21,"Golden hour hits different by the sea 💚 Sunset or sunrise—which one are you choosing?

#goldenhour #sunsetvibes #summeroutfit #vacationmode #ootd",288,20,3010,https://scontent-arn2-1.cdninstagram.com/o1/v/t2/f2/m86/AQMxoviLMLSKfjM1lprXCcF1-clcV9sfMwiSoaM6PTj3O8a4NNFAVtm42NL3gpiofmilaoCpDv3YqWkZDhQkRFLb9zDhUJMJH9hIdS4.mp4?_nc_cat=105&_nc_sid=5e9851&_nc_ht=scontent-arn2-1.cdninstagram.com&_nc_ohc=WKhhrnxO2WYQ7kNvwEo8tbU&efg=eyJ2ZW5jb2RlX3RhZyI6Inhwdl9wcm9ncmVzc2l2ZS5JTlNUQUdSQU0uQ0xJUFMuQzMuNzIwLmRhc2hfYmFzZWxpbmVfMV92MSIsInhwdl9hc3NldF9pZCI6OTc5MTA1Mzk1MjYzMDc5LCJhc3NldF9hZ2VfZGF5cyI6MCwidmlfdXNlY2FzZV9pZCI6MTAwOTksImR1cmF0aW9uX3MiOjgsInVybGdlbl9zb3VyY2UiOiJ3d3cifQ%3D%3D&ccb=17-1&vs=4bf493c125e23a8f&_nc_vs=HBksFQIYUmlnX3hwdl9yZWVsc19wZXJtYW5lbnRfc3JfcHJvZC8xODQ2RkZBMkI2Mzg5NzQ2NjQ1RkFCRDMzQzRFQkFBOF92aWRlb19kYXNoaW5pdC5tcDQVAALIARIAFQIYUWlnX3hwdl9wbGFjZW1lbnRfcGVybWFuZW50X3YyLzEwNDE0RTk3MEM0NDFDNDlGREYwNjRGNzVFOUFCOTk0X2F1ZGlvX2Rhc2hpbml0Lm1wNBUCAsgBEgAoABgAGwKIB3VzZV9vaWwBMRJwcm9ncmVzc2l2ZV9yZWNpcGUBMRUAACbOmcLUt5-9AxUCKAJDMywXQCAzMzMzMzMYEmRhc2hfYmFzZWxpbmVfMV92MREAdf4HZeadAQA&_nc_gid=AmNHeixGYo-IdU8UhxfnDg&_nc_ss=7a3ba&_nc_zt=28&oh=00_AQJz_1gCuvaPbUt9aRiwmNIN2knPdok4CHPPPnKsFKgzwA&oe=6AB057B2,1789794785
alessi.vice,82019,"🇮🇹 Made in Italy.
📍Miami, Florida.
​￼​ If you hear an engine, I'm probably smiling.
🖤 Life's too short",DdaLWh0xUVq,"Cozy fits and soft smiles 🖤 Staying in or going out tonight?

#cozyvibes #streetstyle #ootd #blackoutfit #casualstyle",183,14,3016,https://scontent-arn2-1.cdninstagram.com/o1/v/t2/f2/m86/AQPMY_Iw2Pk_7BjYJBvFWoyOVqrISGFzqZbLvx-ls0sxsu47AE77spb8in_YYzM_ceG6nqJqsIaxAvnwePcC67DyRj8_BxmOLNfVGE4.mp4?_nc_cat=101&_nc_sid=5e9851&_nc_ht=scontent-arn2-1.cdninstagram.com&_nc_ohc=OZC_3gFoctwQ7kNvwFZxtwF&efg=eyJ2ZW5jb2RlX3RhZyI6Inhwdl9wcm9ncmVzc2l2ZS5JTlNUQUdSQU0uQ0xJUFMuQzMuNzIwLmRhc2hfYmFzZWxpbmVfMV92MSIsInhwdl9hc3NldF9pZCI6MTA5NDcyODQ1OTY3MTI2MCwiYXNzZXRfYWdlX2RheXMiOjEsInZpX3VzZWNhc2VfaWQiOjEwMDk5LCJkdXJhdGlvbl9zIjo1LCJ1cmxnZW5fc291cmNlIjoid3d3In0%3D&ccb=17-1&vs=a6e180b7e12f50a3&_nc_vs=HBksFQIYUmlnX3hwdl9yZWVsc19wZXJtYW5lbnRfc3JfcHJvZC81RDRCQkMxNTU2ODNFNUFEMEUyMThFNjE1NjUwOTc4NV92aWRlb19kYXNoaW5pdC5tcDQVAALIARIAFQIYUWlnX3hwdl9wbGFjZW1lbnRfcGVybWFuZW50X3YyL0RCNDBGQzFBODA0OTkzMUM4NEMwQkZCNEYyQTg2OThBX2F1ZGlvX2Rhc2hpbml0Lm1wNBUCAsgBEgAoABgAGwKIB3VzZV9vaWwBMRJwcm9ncmVzc2l2ZV9yZWNpcGUBMRUAACa427bPyunxAxUCKAJDMywXQBdU_fO2RaIYEmRhc2hfYmFzZWxpbmVfMV92MREAdf4HZeadAQA&_nc_gid=AmNHeixGYo-IdU8UhxfnDg&_nc_ss=7a3ba&_nc_zt=28&oh=00_AQIUmP29LLj_GSmyqIyKExWjNy4lDN-nFlROaMFdOb70VQ&oe=6AB06DE6,1789692321
alessi.vice,82019,"🇮🇹 Made in Italy.
📍Miami, Florida.
​￼​ If you hear an engine, I'm probably smiling.
🖤 Life's too short",DdSecUuRDPo,"Oops! 🙈 Always double-check your outfit before walking into the room. 😂 What’s your most embarrassing fashion fail?

#funnyreels #wardrobemalfunction #ootd #relatable #grwm",835,40,18544,https://scontent-arn2-1.cdninstagram.com/o1/v/t2/f2/m86/AQO0BNuJA4a7qjgsFQfgW_h3cEoEgo3owwQWUujQukQxTz420duHQDaJnh8OeogG0RLDEsPUksM-lftwrZcP-v2V930GRPtT5S3Is68.mp4?_nc_cat=110&_nc_sid=5e9851&_nc_ht=scontent-arn2-1.cdninstagram.com&_nc_ohc=diFzH2Cw8y4Q7kNvwHyALnu&efg=eyJ2ZW5jb2RlX3RhZyI6Inhwdl9wcm9ncmVzc2l2ZS5JTlNUQUdSQU0uQ0xJUFMuQzMuNzIwLmRhc2hfYmFzZWxpbmVfMV92MSIsInhwdl9hc3NldF9pZCI6MTYwMTU4MzczNTA5Njg5NywiYXNzZXRfYWdlX2RheXMiOjQsInZpX3VzZWNhc2VfaWQiOjEwMDk5LCJkdXJhdGlvbl9zIjo3LCJ1cmxnZW5fc291cmNlIjoid3d3In0%3D&ccb=17-1&vs=d45c78c732f59759&_nc_vs=HBksFQIYUmlnX3hwdl9yZWVsc19wZXJtYW5lbnRfc3JfcHJvZC82QjRCNDI5QzM3NkMzQjQ0QTI5MTQ4MUY0M0Q3NDBBNl92aWRlb19kYXNoaW5pdC5tcDQVAALIARIAFQIYUWlnX3hwdl9wbGFjZW1lbnRfcGVybWFuZW50X3YyLzI2NDlEQUYwREE5RENCMTY3QURFOTk3MjY1NDFDM0EyX2F1ZGlvX2Rhc2hpbml0Lm1wNBUCAsgBEgAoABgAGwKIB3VzZV9vaWwBMRJwcm9ncmVzc2l2ZV9yZWNpcGUBMRUAACaCmd7ZuKjYBRUCKAJDMywXQBwhysCDEm8YEmRhc2hfYmFzZWxpbmVfMV92MREAdf4HZeadAQA&_nc_gid=AmNHeixGYo-IdU8UhxfnDg&_nc_ss=7a3ba&_nc_zt=28&oh=00_AQIFOe9BblJEI5UBjI0pxwmj7TFzbvsxIZoT0lx1pV-M-w&oe=6AB0725F,1789433884
alessi.vice,82019,"🇮🇹 Made in Italy.
📍Miami, Florida.
​￼​ If you hear an engine, I'm probably smiling.
🖤 Life's too short",DdFbvnixoc0,"Golden hour strolls in all white 🤍✨ Effortless style for a shopping afternoon.

#streetstyle #outfitinspo #allwhite #summerfashion #ootd",1597,89,22780,https://scontent-arn2-1.cdninstagram.com/o1/v/t2/f2/m86/AQMXoDZ7_8ftCtBoJaURd7gmdfiOOoPgtnMkkBY8V-1wDDWSvUrIV16zn52tLzvqPya4lxL1RLbkYagAhd2GgBS4cXwdIa265zHBN1w.mp4?_nc_cat=111&_nc_sid=5e9851&_nc_ht=scontent-arn2-1.cdninstagram.com&_nc_ohc=DIKm9-x52l4Q7kNvwGXq4s0&efg=eyJ2ZW5jb2RlX3RhZyI6Inhwdl9wcm9ncmVzc2l2ZS5JTlNUQUdSQU0uQ0xJUFMuQzMuNzIwLmRhc2hfYmFzZWxpbmVfMV92MSIsInhwdl9hc3NldF9pZCI6MTA4NTA1NTI3MDY3NDYxMiwiYXNzZXRfYWdlX2RheXMiOjksInZpX3VzZWNhc2VfaWQiOjEwMDk5LCJkdXJhdGlvbl9zIjo2LCJ1cmxnZW5fc291cmNlIjoid3d3In0%3D&ccb=17-1&vs=db6ee93b37c0750f&_nc_vs=HBksFQIYUmlnX3hwdl9yZWVsc19wZXJtYW5lbnRfc3JfcHJvZC9FQjQ1MUVBNTNFQ0Y4OTcyODE0RTIyOTk0NTc2RjQ4Rl92aWRlb19kYXNoaW5pdC5tcDQVAALIARIAFQIYUWlnX3hwdl9wbGFjZW1lbnRfcGVybWFuZW50X3YyLzJBNDIyOEI2RDQyODc4RUE5OTUxQ0NFMTlCOEY4NEE2X2F1ZGlvX2Rhc2hpbml0Lm1wNBUCAsgBEgAoABgAGwKIB3VzZV9vaWwBMRJwcm9ncmVzc2l2ZV9yZWNpcGUBMRUAACbogsPfw7btAxUCKAJDMywXQBqp--dsi0QYEmRhc2hfYmFzZWxpbmVfMV92MREAdf4HZeadAQA&_nc_gid=AmNHeixGYo-IdU8UhxfnDg&_nc_ss=7a3ba&_nc_zt=28&oh=00_AQKUqS0VWTmOq9bq35Tfbwr3ercrH5gBgI6Bgr5YBgsOng&oe=6AB0699C,1788996277
alessi.vice,82019,"🇮🇹 Made in Italy.
📍Miami, Florida.
​￼​ If you hear an engine, I'm probably smiling.
🖤 Life's too short",DdEy1iExuDI,"Pool days at the villa ☀️ Sunshine, good music, and no plans for today.

#poolday #summervibes #vacationmode #miamistyle #goldenhour",763,37,11477,https://scontent-arn2-1.cdninstagram.com/o1/v/t2/f2/m86/AQO1LMs5q7cgb29UspXZiDCbwO0yWvaZdderIRE7RQWUs1S8PEUoT7IZKOpoqP2NfYyyaxyrobs6MLamoGmsNMvBcei_rJVF4Mv4VLo.mp4?_nc_cat=110&_nc_sid=5e9851&_nc_ht=scontent-arn2-1.cdninstagram.com&_nc_ohc=GMMiu2wHujYQ7kNvwHPepVS&efg=eyJ2ZW5jb2RlX3RhZyI6Inhwdl9wcm9ncmVzc2l2ZS5JTlNUQUdSQU0uQ0xJUFMuQzMuNzIwLmRhc2hfYmFzZWxpbmVfMV92MSIsInhwdl9hc3NldF9pZCI6MTc4NTk2NTIzOTI2MjY3MywiYXNzZXRfYWdlX2RheXMiOjksInZpX3VzZWNhc2VfaWQiOjEwMDk5LCJkdXJhdGlvbl9zIjo3LCJ1cmxnZW5fc291cmNlIjoid3d3In0%3D&ccb=17-1&vs=a18c8a9471e9941f&_nc_vs=HBksFQIYUmlnX3hwdl9yZWVsc19wZXJtYW5lbnRfc3JfcHJvZC83MTQxQjVGMEI3MUI3QzU3QjA4OTYxNjc2Q0I1Mzg4OF92aWRlb19kYXNoaW5pdC5tcDQVAALIARIAFQIYUWlnX3hwdl9wbGFjZW1lbnRfcGVybWFuZW50X3YyLzFCNEZENjJCOEJFM0Q4Qzk4OTY4RUYzMDZBM0QzRDkyX2F1ZGlvX2Rhc2hpbml0Lm1wNBUCAsgBEgAoABgAGwKIB3VzZV9vaWwBMRJwcm9ncmVzc2l2ZV9yZWNpcGUBMRUAACai99b67ZSsBhUCKAJDMywXQB0zMzMzMzMYEmRhc2hfYmFzZWxpbmVfMV92MREAdf4HZeadAQA&_nc_gid=AmNHeixGYo-IdU8UhxfnDg&_nc_ss=7a3ba&_nc_zt=28&oh=00_AQLMPizFXQghQ4zmHc6-ohrMhXM3GUtjblnnkYBQISStpQ&oe=6AB054B3,1788974828
alessi.vice,82019,"🇮🇹 Made in Italy.
📍Miami, Florida.
​￼​ If you hear an engine, I'm probably smiling.
🖤 Life's too short",DdDM_doR-0D,"New summer outfit, simple and easy to wear. What do you think of this look?

#summeroutfit #ootd #streetstyle #casuallook #summerstyle",402,29,6750,https://scontent-arn2-1.cdninstagram.com/o1/v/t2/f2/m86/AQPCGOe04jIEyvkGn01O_89Ry2yxghGJUxkM5-trHS98jz464RmXPK4F1fgvrVH_QbV_mIKkH81OKhv8aobS37Zem47dfjZunjRaxSg.mp4?_nc_cat=106&_nc_sid=5e9851&_nc_ht=scontent-arn2-1.cdninstagram.com&_nc_ohc=QlR6PeHNgR8Q7kNvwETBblE&efg=eyJ2ZW5jb2RlX3RhZyI6Inhwdl9wcm9ncmVzc2l2ZS5JTlNUQUdSQU0uQ0xJUFMuQzMuNzIwLmRhc2hfYmFzZWxpbmVfMV92MSIsInhwdl9hc3NldF9pZCI6MTA1Mjg0NTIzNDExNzQ2MiwiYXNzZXRfYWdlX2RheXMiOjEwLCJ2aV91c2VjYXNlX2lkIjoxMDA5OSwiZHVyYXRpb25fcyI6NywidXJsZ2VuX3NvdXJjZSI6Ind3dyJ9&ccb=17-1&vs=ba6571f05d0643ed&_nc_vs=HBksFQIYUmlnX3hwdl9yZWVsc19wZXJtYW5lbnRfc3JfcHJvZC80OTQxN0U0RDk0NzJDOTNGNUE3OUQ2NjE0NkI3NTE4RF92aWRlb19kYXNoaW5pdC5tcDQVAALIARIAFQIYUWlnX3hwdl9wbGFjZW1lbnRfcGVybWFuZW50X3YyLzUyNDRBQzY3QTM4RTBBN0Y2OTNGNTI4RDREMzVBMEFCX2F1ZGlvX2Rhc2hpbml0Lm1wNBUCAsgBEgAoABgAGwKIB3VzZV9vaWwBMRJwcm9ncmVzc2l2ZV9yZWNpcGUBMRUAACas7fai1OPeAxUCKAJDMywXQB27ZFocrAgYEmRhc2hfYmFzZWxpbmVfMV92MREAdf4HZeadAQA&_nc_gid=AmNHeixGYo-IdU8UhxfnDg&_nc_ss=7a3ba&_nc_zt=28&oh=00_AQK_g-ebDScICl5j45qlKsiM6JvWHIXRyllLpJ5wXxIaGQ&oe=6AB04F7B,1788921423
alessi.vice,82019,"🇮🇹 Made in Italy.
📍Miami, Florida.
​￼​ If you hear an engine, I'm probably smiling.
🖤 Life's too short",DdAp_wZtxDq,"Yellow feels like the color of summer ☀️ Beach day essentials.

#yellowbikini #beachday #summervibes #beachstyle #miamibeach",2947,138,38962,https://scontent-cph2-1.cdninstagram.com/o1/v/t2/f2/m86/AQO5cyfJr9hZwpZGipUIoQHM5hQw8m0jWnKfArlN6EnvPAlqbdGxmScxChOx5A5RE2uj55Snh5EOCueuSjH4m7FMts1ooYqz_yDPIT8.mp4?_nc_cat=110&_nc_sid=5e9851&_nc_ht=scontent-cph2-1.cdninstagram.com&_nc_ohc=dfXQtVSH76AQ7kNvwFX-cEo&efg=eyJ2ZW5jb2RlX3RhZyI6Inhwdl9wcm9ncmVzc2l2ZS5JTlNUQUdSQU0uQ0xJUFMuQzMuNzIwLmRhc2hfYmFzZWxpbmVfMV92MSIsInhwdl9hc3NldF9pZCI6OTQwNDE5OTQ1MjMwNTc4LCJhc3NldF9hZ2VfZGF5cyI6MTEsInZpX3VzZWNhc2VfaWQiOjEwMDk5LCJkdXJhdGlvbl9zIjo4LCJ1cmxnZW5fc291cmNlIjoid3d3In0%3D&ccb=17-1&vs=710a1faa9f66c3b0&_nc_vs=HBksFQIYUmlnX3hwdl9yZWVsc19wZXJtYW5lbnRfc3JfcHJvZC9BMTQ3Mzc3NjcyRkU0QTgyRkE1M0Q0RkRFQzA4OEJCNV92aWRlb19kYXNoaW5pdC5tcDQVAALIARIAFQIYUWlnX3hwdl9wbGFjZW1lbnRfcGVybWFuZW50X3YyL0NCNEE2NURCNjRBQ0U4QUM4RkJCNDE5OTI2NDYxRUFCX2F1ZGlvX2Rhc2hpbml0Lm1wNBUCAsgBEgAoABgAGwKIB3VzZV9vaWwBMRJwcm9ncmVzc2l2ZV9yZWNpcGUBMRUAACbkw7PM0tOrAxUCKAJDMywXQCHdsi0OVgQYEmRhc2hfYmFzZWxpbmVfMV92MREAdf4HZeadAQA&_nc_gid=rPg0JWkZ3vGYN0VqVBMW-A&_nc_ss=7a3ba&_nc_zt=28&oh=00_AQJNSI8bthUKvzKDSjKvcwE1H0Qc_qIesHQgxUvS_KyJSA&oe=6AB03BEF,1788835975
alessi.vice,82019,"🇮🇹 Made in Italy.
📍Miami, Florida.
​￼​ If you hear an engine, I'm probably smiling.
🖤 Life's too short",DdAVDG-pQFl,"White dress, simple and clean look for the evening.

#whitedress #eveninglook #minimalstyle #ootd #cleangirl",1406,69,21644,https://scontent-cph2-1.cdninstagram.com/o1/v/t2/f2/m86/AQOEOvElQyP91voDu2OltkIQK6vDaYKYZEZm5k9lTgf01HyQLBdpR5eYOwdRWMuPgtagCHsKwxlzGGZWl880t9zPiIcLh1zrAhLwvH8.mp4?_nc_cat=100&_nc_sid=5e9851&_nc_ht=scontent-cph2-1.cdninstagram.com&_nc_ohc=7r1YdMOFtcQQ7kNvwHVWQPP&efg=eyJ2ZW5jb2RlX3RhZyI6Inhwdl9wcm9ncmVzc2l2ZS5JTlNUQUdSQU0uQ0xJUFMuQzMuNzIwLmRhc2hfYmFzZWxpbmVfMV92MSIsInhwdl9hc3NldF9pZCI6MjE3MjI5NzI2MDI5OTIzMiwiYXNzZXRfYWdlX2RheXMiOjExLCJ2aV91c2VjYXNlX2lkIjoxMDA5OSwiZHVyYXRpb25fcyI6NiwidXJsZ2VuX3NvdXJjZSI6Ind3dyJ9&ccb=17-1&vs=b1b449df5c1a30d0&_nc_vs=HBksFQIYUmlnX3hwdl9yZWVsc19wZXJtYW5lbnRfc3JfcHJvZC81QTRBRkNCMTM4REE0NzI4NDM3RDJFRTkxOEVBODE4OV92aWRlb19kYXNoaW5pdC5tcDQVAALIARIAFQIYUWlnX3hwdl9wbGFjZW1lbnRfcGVybWFuZW50X3YyL0RENDdGNzA2NkY2QUQ4QTc4MDJGNjA1NjE0OEIxRjk3X2F1ZGlvX2Rhc2hpbml0Lm1wNBUCAsgBEgAoABgAGwKIB3VzZV9vaWwBMRJwcm9ncmVzc2l2ZV9yZWNpcGUBMRUAACbAz9_oq-zbBxUCKAJDMywXQBm7ZFocrAgYEmRhc2hfYmFzZWxpbmVfMV92MREAdf4HZeadAQA&_nc_gid=rPg0JWkZ3vGYN0VqVBMW-A&_nc_ss=7a3ba&_nc_zt=28&oh=00_AQLp2fgNO-_gKJ9vOE1Ww7trZU_vp06NiCYOTS49fXDKvw&oe=6AB05969,1788825017
alessi.vice,82019,"🇮🇹 Made in Italy.
📍Miami, Florida.
​￼​ If you hear an engine, I'm probably smiling.
🖤 Life's too short",Dc7YRiRxk7B,"Weekend mode: grill on, office closed 🔥 Perfect evening for a backyard dinner.

#weekendvibes #grillseason #poolside #summervibes #backyarddinner",730,26,13735,https://scontent-cph2-1.cdninstagram.com/o1/v/t2/f2/m86/AQMXoPEi5QNLZWKzMJpIkGKM_0EdZD0UYyCOfNMqGEH8YSNbMAA9CFnlGUFx9ZSI-SL3kukdC0OXJAicP7oUhhXskmssZ1pE2Z3qCTs.mp4?_nc_cat=107&_nc_sid=5e9851&_nc_ht=scontent-cph2-1.cdninstagram.com&_nc_ohc=wo8AbkW6rcQQ7kNvwFCZNKX&efg=eyJ2ZW5jb2RlX3RhZyI6Inhwdl9wcm9ncmVzc2l2ZS5JTlNUQUdSQU0uQ0xJUFMuQzMuNzIwLmRhc2hfYmFzZWxpbmVfMV92MSIsInhwdl9hc3NldF9pZCI6MTYwMjUzMTg4NDg0MTA1NywiYXNzZXRfYWdlX2RheXMiOjEzLCJ2aV91c2VjYXNlX2lkIjoxMDA5OSwiZHVyYXRpb25fcyI6NiwidXJsZ2VuX3NvdXJjZSI6Ind3dyJ9&ccb=17-1&vs=b31126a328ea8e43&_nc_vs=HBksFQIYUmlnX3hwdl9yZWVsc19wZXJtYW5lbnRfc3JfcHJvZC80NTQxMTQwNzQ3QTIxQzVDN0I5NThDMDZBOEQ5NTJCOF92aWRlb19kYXNoaW5pdC5tcDQVAALIARIAFQIYUWlnX3hwdl9wbGFjZW1lbnRfcGVybWFuZW50X3YyLzNCNDUzQjJENTREMzQ3MENGNjI3NTg0RTQzQ0EyQUE1X2F1ZGlvX2Rhc2hpbml0Lm1wNBUCAsgBEgAoABgAGwKIB3VzZV9vaWwBMRJwcm9ncmVzc2l2ZV9yZWNpcGUBMRUAACbC4eX70N_YBRUCKAJDMywXQBu7ZFocrAgYEmRhc2hfYmFzZWxpbmVfMV92MREAdf4HZeadAQA&_nc_gid=rPg0JWkZ3vGYN0VqVBMW-A&_nc_ss=7a3ba&_nc_zt=28&oh=00_AQLEoo8RSShUcPLNN-D1WqzGz10H3FuPHpFBVTPcMi3eWg&oe=6AB05148,1788658896
alessi.vice,82019,"🇮🇹 Made in Italy.
📍Miami, Florida.
​￼​ If you hear an engine, I'm probably smiling.
🖤 Life's too short",Dc0x3gEo41q,just a little dance before exam👗👗 #ootd #dancingqueen👑  #miami  #sofía,451,20,7806,https://scontent-cph2-1.cdninstagram.com/o1/v/t2/f2/m86/AQO5TwTRvuJM89hZa9FqEEiYAzmVJtknXA6yh7Ktl11pguF7-MlZge46omMq5JanwI4gerr5XDXX2DMKuUwHnU8tT6qBuNaJlOAXmfU.mp4?_nc_cat=110&_nc_sid=5e9851&_nc_ht=scontent-cph2-1.cdninstagram.com&_nc_ohc=1EbUaVi7mGwQ7kNvwGdjnnA&efg=eyJ2ZW5jb2RlX3RhZyI6Inhwdl9wcm9ncmVzc2l2ZS5JTlNUQUdSQU0uQ0xJUFMuQzMuNzIwLmRhc2hfYmFzZWxpbmVfMV92MSIsInhwdl9hc3NldF9pZCI6MTk1MTYzODY4MjkxMTgzNywiYXNzZXRfYWdlX2RheXMiOjE1LCJ2aV91c2VjYXNlX2lkIjoxMDA5OSwiZHVyYXRpb25fcyI6MTAsInVybGdlbl9zb3VyY2UiOiJ3d3cifQ%3D%3D&ccb=17-1&vs=1b8b028a21cd3824&_nc_vs=HBksFQIYUmlnX3hwdl9yZWVsc19wZXJtYW5lbnRfc3JfcHJvZC8wQzRFREU5NjI1QkMwNzUwQTY4RThEMkRFQjZGNUE5RF92aWRlb19kYXNoaW5pdC5tcDQVAALIARIAFQIYUWlnX3hwdl9wbGFjZW1lbnRfcGVybWFuZW50X3YyLzRDNDM3RDE1QUREQzAwN0Q4OUI2OTdDRjkwMDlGNDlCX2F1ZGlvX2Rhc2hpbml0Lm1wNBUCAsgBEgAoABgAGwKIB3VzZV9vaWwBMRJwcm9ncmVzc2l2ZV9yZWNpcGUBMRUAACa6keamqcD3BhUCKAJDMywXQCRmZmZmZmYYEmRhc2hfYmFzZWxpbmVfMV92MREAdf4HZeadAQA&_nc_gid=rPg0JWkZ3vGYN0VqVBMW-A&_nc_ss=7a3ba&_nc_zt=28&oh=00_AQKlWM_z_pjxV7n5kokwqoGV94h0ORHkslyO3EtvjqurtQ&oe=6AB0404B,1788437478
alessi.vice,82019,"🇮🇹 Made in Italy.
📍Miami, Florida.
​￼​ If you hear an engine, I'm probably smiling.
🖤 Life's too short",DcxgquOR_QI,"A rare break from dark suits for the Florida sun. Still running things, just in yellow today. 💛☀️
#FloridaSun #SummerDress #FloralFashion #ReelsViral #MiamiLife",359,13,8500,https://scontent-cph2-1.cdninstagram.com/o1/v/t2/f2/m86/AQO3E5wsqqSYn_5bPzLGuP4s59RverjQaZleUaJN8qPhVxgqjGchcQSfdTNfiHqCxLVNMxmumVgowZcml_tT4yK2aokeVKT82PdHcC4.mp4?_nc_cat=105&_nc_sid=5e9851&_nc_ht=scontent-cph2-1.cdninstagram.com&_nc_ohc=AUs-sW4D8AwQ7kNvwHnfkka&efg=eyJ2ZW5jb2RlX3RhZyI6Inhwdl9wcm9ncmVzc2l2ZS5JTlNUQUdSQU0uQ0xJUFMuQzMuNzIwLmRhc2hfYmFzZWxpbmVfMV92MSIsInhwdl9hc3NldF9pZCI6MTEwNjk0MzA4ODMzMTAzNiwiYXNzZXRfYWdlX2RheXMiOjE3LCJ2aV91c2VjYXNlX2lkIjoxMDA5OSwiZHVyYXRpb25fcyI6NCwidXJsZ2VuX3NvdXJjZSI6Ind3dyJ9&ccb=17-1&vs=31770176d9dc0f22&_nc_vs=HBksFQIYUmlnX3hwdl9yZWVsc19wZXJtYW5lbnRfc3JfcHJvZC9DODQ2RDczQTNDMzIyOTMzNjIyQ0EzQjM5MjY3MkE4Q192aWRlb19kYXNoaW5pdC5tcDQVAALIARIAFQIYUWlnX3hwdl9wbGFjZW1lbnRfcGVybWFuZW50X3YyL0IwNDU3MUYyMzkwRTk0Nzk4RjAyMTdDMzcyMkQxMzk5X2F1ZGlvX2Rhc2hpbml0Lm1wNBUCAsgBEgAoABgAGwKIB3VzZV9vaWwBMRJwcm9ncmVzc2l2ZV9yZWNpcGUBMRUAACa4pIjZyLD3AxUCKAJDMywXQBO7ZFocrAgYEmRhc2hfYmFzZWxpbmVfMV92MREAdf4HZeadAQA&_nc_gid=rPg0JWkZ3vGYN0VqVBMW-A&_nc_ss=7a3ba&_nc_zt=28&oh=00_AQKmF8SCKFo53pyG8B3gYT0THNrRigYUadmYYl6-ld8p6Q&oe=6AB0598E,1788327832
alessi.vice,82019,"🇮🇹 Made in Italy.
📍Miami, Florida.
​￼​ If you hear an engine, I'm probably smiling.
🖤 Life's too short",DcwmFyQRbrV,"just a little walk around the block 🚶‍♀️

#sofiaalessi #ootd #fashionstyle #streetstyle #everydaylook",3,67,20632,https://scontent-cph2-1.cdninstagram.com/o1/v/t2/f2/m86/AQMjOJDXceGz7ji4UOX8wfu5KYD1R92lFgpzMrIwjqv8ulmOyZZQk6WqL27PyhskafENenY4MgWqaisjfm6Fw_4WT7wMmqjFlULc50Y.mp4?_nc_cat=104&_nc_sid=5e9851&_nc_ht=scontent-cph2-1.cdninstagram.com&_nc_ohc=CqePlP46WvEQ7kNvwHcki-c&efg=eyJ2ZW5jb2RlX3RhZyI6Inhwdl9wcm9ncmVzc2l2ZS5JTlNUQUdSQU0uQ0xJUFMuQzMuNzIwLmRhc2hfYmFzZWxpbmVfMV92MSIsInhwdl9hc3NldF9pZCI6MTM4NTM2MDI0MzgwODQ1OCwiYXNzZXRfYWdlX2RheXMiOjE3LCJ2aV91c2VjYXNlX2lkIjoxMDA5OSwiZHVyYXRpb25fcyI6NywidXJsZ2VuX3NvdXJjZSI6Ind3dyJ9&ccb=17-1&vs=200740ca5902ff84&_nc_vs=HBksFQIYUmlnX3hwdl9yZWVsc19wZXJtYW5lbnRfc3JfcHJvZC9GRDQxOTg2RTY4NTc4OTQ1NThCRTY3RjgxREE1QzhBQV92aWRlb19kYXNoaW5pdC5tcDQVAALIARIAFQIYUWlnX3hwdl9wbGFjZW1lbnRfcGVybWFuZW50X3YyL0M1NDZFNDk2MzJFQ0E5OUJDM0RGMzAyNzE2QzcyMEE5X2F1ZGlvX2Rhc2hpbml0Lm1wNBUCAsgBEgAoABgAGwKIB3VzZV9vaWwBMRJwcm9ncmVzc2l2ZV9yZWNpcGUBMRUAACaU476Tyv71BBUCKAJDMywXQBxmZmZmZmYYEmRhc2hfYmFzZWxpbmVfMV92MREAdf4HZeadAQA&_nc_gid=rPg0JWkZ3vGYN0VqVBMW-A&_nc_ss=7a3ba&_nc_zt=28&oh=00_AQKcFs2Pnp6xOI2lm4M-kSDRVycPZLdFCKLNbhoIowbZUA&oe=6AB07249,1788297413
alessi.vice,82019,"🇮🇹 Made in Italy.
📍Miami, Florida.
​￼​ If you hear an engine, I'm probably smiling.
🖤 Life's too short",DcvfOYhI_aj,"POV: when u press the wrong button and elevator still doesnt go ✨ blondie😇
White, effortless & made for summer 🤍
#summerstyle #vacationlook #whiteset #summeroutfit #ootd",736,23,16701,https://scontent-cph2-1.cdninstagram.com/o1/v/t2/f2/m86/AQOFnYa3VjTbnPWeQ4ZL7nlsVJKjz0fJULIDVHpah8yTd5H-Jgs1hhk3VOSlqIgdH4nzw_fcGcpfn98xUV71-77PWMBg2enRRTugUHo.mp4?_nc_cat=110&_nc_sid=5e9851&_nc_ht=scontent-cph2-1.cdninstagram.com&_nc_ohc=7VXe459p7MQQ7kNvwHsRrUN&efg=eyJ2ZW5jb2RlX3RhZyI6Inhwdl9wcm9ncmVzc2l2ZS5JTlNUQUdSQU0uQ0xJUFMuQzMuNzIwLmRhc2hfYmFzZWxpbmVfMV92MSIsInhwdl9hc3NldF9pZCI6OTUxNDA3MzIxMzQyMzcyLCJhc3NldF9hZ2VfZGF5cyI6MTgsInZpX3VzZWNhc2VfaWQiOjEwMDk5LCJkdXJhdGlvbl9zIjo3LCJ1cmxnZW5fc291cmNlIjoid3d3In0%3D&ccb=17-1&vs=d6d882ad00a39978&_nc_vs=HBksFQIYUmlnX3hwdl9yZWVsc19wZXJtYW5lbnRfc3JfcHJvZC8zMTQ3REQ3RTM2MTcyQUI1REVGNzRFRjA2NTE5RTA4Ql92aWRlb19kYXNoaW5pdC5tcDQVAALIARIAFQIYUWlnX3hwdl9wbGFjZW1lbnRfcGVybWFuZW50X3YyLzE5NEZDRTUyQUFCQjlGMjI5NTU5ODQxMDg3QUQ2QjkzX2F1ZGlvX2Rhc2hpbml0Lm1wNBUCAsgBEgAoABgAGwKIB3VzZV9vaWwBMRJwcm9ncmVzc2l2ZV9yZWNpcGUBMRUAACbIhuf2mNOwAxUCKAJDMywXQB5DlYEGJN0YEmRhc2hfYmFzZWxpbmVfMV92MREAdf4HZeadAQA&_nc_gid=rPg0JWkZ3vGYN0VqVBMW-A&_nc_ss=7a3ba&_nc_zt=28&oh=00_AQLAxQiTyGxbe6JiatZ9yG-0qm5nyaPFgmI71WvS095XUQ&oe=6AB05A2F,1788259936
basedxrosie,145646,"19 | FL 😎
⊹₊˚‧︵‿₊୨ᰔ୧₊‿︵‧˚₊⊹",DaAqB32w2Q4,can't tell which part gets me the most lol,4523,26,662497,https://scontent-hel3-1.cdninstagram.com/o1/v/t2/f2/m86/AQPRjhH9Jv0TPz7s21aKic0ufWH2X499OXuXLkbuxyilpcTWDJhKXD85ogKgEtdZhzLS_W1IO_FyDfr3vKylc9eF6__D3kpEllP6bY0.mp4?_nc_cat=101&_nc_sid=5e9851&_nc_ht=scontent-hel3-1.cdninstagram.com&_nc_ohc=g7_JugWJ0IIQ7kNvwEFsZLj&efg=eyJ2ZW5jb2RlX3RhZyI6Inhwdl9wcm9ncmVzc2l2ZS5JTlNUQUdSQU0uQ0xJUFMuQzMuNzIwLmRhc2hfYmFzZWxpbmVfMV92MSIsInhwdl9hc3NldF9pZCI6MTYzMTI2MTQzMjM0MDE4OSwiYXNzZXRfYWdlX2RheXMiOjg1LCJ2aV91c2VjYXNlX2lkIjoxMDA5OSwiZHVyYXRpb25fcyI6MTAsInVybGdlbl9zb3VyY2UiOiJ3d3cifQ%3D%3D&ccb=17-1&vs=8943d33175bf1778&_nc_vs=HBksFQIYUmlnX3hwdl9yZWVsc19wZXJtYW5lbnRfc3JfcHJvZC9CQzRDRTQ5NkQzQTE1N0Y4NTI5N0Y4RjRDQjk0Mzg4Ml92aWRlb19kYXNoaW5pdC5tcDQVAALIARIAFQIYUWlnX3hwdl9wbGFjZW1lbnRfcGVybWFuZW50X3YyL0U1NDUyQjZGNjEzNzZFMjc2QUYxOEI0QzUyNTQ5NzlBX2F1ZGlvX2Rhc2hpbml0Lm1wNBUCAsgBEgAoABgAGwKIB3VzZV9vaWwBMRJwcm9ncmVzc2l2ZV9yZWNpcGUBMRUAACa6-67j9OflBRUCKAJDMywXQCQhysCDEm8YEmRhc2hfYmFzZWxpbmVfMV92MREAdf4HZeadAQA&_nc_gid=uMLmxumM5GnKgC6DyX5KIQ&_nc_ss=7a3ba&_nc_zt=28&oh=00_AQLYQDaH1wkvnSfaMzE79kFfpIsRPWuiBNrWFSocRf_2Gw&oe=6AB044EE,1782393523
basedxrosie,145646,"19 | FL 😎
⊹₊˚‧︵‿₊୨ᰔ୧₊‿︵‧˚₊⊹",DdWDhBeOECI,“We’re just friends”,167,5,6009,https://scontent-hel3-1.cdninstagram.com/o1/v/t2/f2/m86/AQOH_OsaNuSr5LqYIDONGY1pWVtMa9kgBFAIBDYkr-l2j0vhGZ8V7XDc1Q_MJniBr54KWf_Ed_0rpJOlyiF2wqXwmYf_zfOLUkWni3I.mp4?_nc_cat=110&_nc_sid=5e9851&_nc_ht=scontent-hel3-1.cdninstagram.com&_nc_ohc=XCAutXjbGBsQ7kNvwG8eBwv&efg=eyJ2ZW5jb2RlX3RhZyI6Inhwdl9wcm9ncmVzc2l2ZS5JTlNUQUdSQU0uQ0xJUFMuQzMuNzIwLmRhc2hfYmFzZWxpbmVfMV92MSIsInhwdl9hc3NldF9pZCI6MTg2NTE5Nzk2NDQ2OTg4MSwiYXNzZXRfYWdlX2RheXMiOjMsInZpX3VzZWNhc2VfaWQiOjEwMDk5LCJkdXJhdGlvbl9zIjo2LCJ1cmxnZW5fc291cmNlIjoid3d3In0%3D&ccb=17-1&vs=1cd3ce5e13f4f7df&_nc_vs=HBksFQIYUmlnX3hwdl9yZWVsc19wZXJtYW5lbnRfc3JfcHJvZC9BNzRDNjNGRTUyNzcxOTU5QkRFM0ZGQjgzNEE0MTc5Nl92aWRlb19kYXNoaW5pdC5tcDQVAALIARIAFQIYUWlnX3hwdl9wbGFjZW1lbnRfcGVybWFuZW50X3YyLzEwNEJBMTQwMTY0ODdGQjNDMjE4MzA3RkM1RUU0QTk3X2F1ZGlvX2Rhc2hpbml0Lm1wNBUCAsgBEgAoABgAGwKIB3VzZV9vaWwBMRJwcm9ncmVzc2l2ZV9yZWNpcGUBMRUAACbymd3h55jQBhUCKAJDMywXQBsQYk3S8aoYEmRhc2hfYmFzZWxpbmVfMV92MREAdf4HZeadAQA&_nc_gid=uMLmxumM5GnKgC6DyX5KIQ&_nc_ss=7a3ba&_nc_zt=28&oh=00_AQKo9CWFkdBaZChMvLWssxsvzNTndfnRf_WB3e50V1PxrA&oe=6AB045EB,1789553987
basedxrosie,145646,"19 | FL 😎
⊹₊˚‧︵‿₊୨ᰔ୧₊‿︵‧˚₊⊹",DdJ-hRbzjtL,Eyes tell stories words cannot. #explorepage #foryou #trending#foryoupage#beautiful,163,8,12081,https://scontent-hel3-1.cdninstagram.com/o1/v/t2/f2/m86/AQPLHYvefrT6OU4YkVb3hScgbVeWEXzs6GTCvVBbRj1gdCKltaJ_GRVVc2CLC0FV9psBwePxh4Cj6wWcyhRp4MtKBuGI79UD4g-r9ps.mp4?_nc_cat=106&_nc_sid=5e9851&_nc_ht=scontent-hel3-1.cdninstagram.com&_nc_ohc=ukSH_Rtl3UEQ7kNvwEY4Y8y&efg=eyJ2ZW5jb2RlX3RhZyI6Inhwdl9wcm9ncmVzc2l2ZS5JTlNUQUdSQU0uQ0xJUFMuQzMuNzIwLmRhc2hfYmFzZWxpbmVfMV92MSIsInhwdl9hc3NldF9pZCI6MTAyNjk1MjMxNzAwOTQ1MiwiYXNzZXRfYWdlX2RheXMiOjcsInZpX3VzZWNhc2VfaWQiOjEwMDk5LCJkdXJhdGlvbl9zIjo1LCJ1cmxnZW5fc291cmNlIjoid3d3In0%3D&ccb=17-1&vs=ce62ded4e39dffd5&_nc_vs=HBksFQIYUmlnX3hwdl9yZWVsc19wZXJtYW5lbnRfc3JfcHJvZC9FNjQ0MUY2RDNDOTZGMjUzRUZEOTJEQzI2QzMxQTk4MF92aWRlb19kYXNoaW5pdC5tcDQVAALIARIAFQIYUWlnX3hwdl9wbGFjZW1lbnRfcGVybWFuZW50X3YyLzlCNDkyMEE4MjJFREE1NTNFRTFCMEQ5MTBFNDU3RDlEX2F1ZGlvX2Rhc2hpbml0Lm1wNBUCAsgBEgAoABgAGwKIB3VzZV9vaWwBMRJwcm9ncmVzc2l2ZV9yZWNpcGUBMRUAACbY-POAv4DTAxUCKAJDMywXQBRmZmZmZmYYEmRhc2hfYmFzZWxpbmVfMV92MREAdf4HZeadAQA&_nc_gid=uMLmxumM5GnKgC6DyX5KIQ&_nc_ss=7a3ba&_nc_zt=28&oh=00_AQKuukrhoKtSECOFqEeevrqQ_l9HRVfb1OkoEOSdpF1hRg&oe=6AB06C17,1789148704
basedxrosie,145646,"19 | FL 😎
⊹₊˚‧︵‿₊୨ᰔ୧₊‿︵‧˚₊⊹",DdJzmdtTKmA,,476,17,56470,https://scontent-hel3-1.cdninstagram.com/o1/v/t2/f2/m86/AQOWzGRS3cbrX4AftWvxEngiZ65FURlbvIEc4ImbwdefPm3YJ1FNFYPAc7oL3VWzakgXy21iypFolH1uPTCcsMhn29o8EjEb_ZHW5vE.mp4?_nc_cat=101&_nc_sid=5e9851&_nc_ht=scontent-hel3-1.cdninstagram.com&_nc_ohc=UVkBuGKBUfgQ7kNvwFBNJMf&efg=eyJ2ZW5jb2RlX3RhZyI6Inhwdl9wcm9ncmVzc2l2ZS5JTlNUQUdSQU0uQ0xJUFMuQzMuNzIwLmRhc2hfYmFzZWxpbmVfMV92MSIsInhwdl9hc3NldF9pZCI6MTc5MDQ5NDQ4MjEyOTE2NSwiYXNzZXRfYWdlX2RheXMiOjcsInZpX3VzZWNhc2VfaWQiOjEwMDk5LCJkdXJhdGlvbl9zIjo2LCJ1cmxnZW5fc291cmNlIjoid3d3In0%3D&ccb=17-1&vs=81d14b83368f1545&_nc_vs=HBksFQIYUmlnX3hwdl9yZWVsc19wZXJtYW5lbnRfc3JfcHJvZC8xNTREMjQ5MkE0ODVGRkYxRDA1ODU4Nzg3QzNFNTVCN192aWRlb19kYXNoaW5pdC5tcDQVAALIARIAFQIYUWlnX3hwdl9wbGFjZW1lbnRfcGVybWFuZW50X3YyLzc1NDY2MjhCQThDRkQ2RUJERTlDRDIyMDAwOTBCNjlFX2F1ZGlvX2Rhc2hpbml0Lm1wNBUCAsgBEgAoABgAGwKIB3VzZV9vaWwBMRJwcm9ncmVzc2l2ZV9yZWNpcGUBMRUAACaahKO5v5yuBhUCKAJDMywXQBghysCDEm8YEmRhc2hfYmFzZWxpbmVfMV92MREAdf4HZeadAQA&_nc_gid=uMLmxumM5GnKgC6DyX5KIQ&_nc_ss=7a3ba&_nc_zt=28&oh=00_AQLk3VazkcRYoO8RQPc8vFWU_9r9bSeG4usj52D2VqA_GQ&oe=6AB04462,1789143023
basedxrosie,145646,"19 | FL 😎
⊹₊˚‧︵‿₊୨ᰔ୧₊‿︵‧˚₊⊹",DdJkoJgsleM,That’s good to know 😁🙄,261,11,18600,https://scontent-hel3-1.cdninstagram.com/o1/v/t2/f2/m86/AQNUxRxKrNy517QTiT7WNNpBPbPNDwgCqzTKHfkO4b-r2pMcukBsJA2YsZHt2lStK0TPjrikecNJr7LQ6wSfhlPfjwydiQijFc2BmVs.mp4?_nc_cat=100&_nc_sid=5e9851&_nc_ht=scontent-hel3-1.cdninstagram.com&_nc_ohc=j_GJi4k2j-AQ7kNvwEF6u_s&efg=eyJ2ZW5jb2RlX3RhZyI6Inhwdl9wcm9ncmVzc2l2ZS5JTlNUQUdSQU0uQ0xJUFMuQzMuNzIwLmRhc2hfYmFzZWxpbmVfMV92MSIsInhwdl9hc3NldF9pZCI6MTY1MTI3NzYzOTY5MjQ4MSwiYXNzZXRfYWdlX2RheXMiOjcsInZpX3VzZWNhc2VfaWQiOjEwMDk5LCJkdXJhdGlvbl9zIjo1LCJ1cmxnZW5fc291cmNlIjoid3d3In0%3D&ccb=17-1&vs=149140626af07d85&_nc_vs=HBksFQIYUmlnX3hwdl9yZWVsc19wZXJtYW5lbnRfc3JfcHJvZC9GMjQxQjA4RkExODEzRjAzRjBGMTQ2NUI0OTEyNTc4Nl92aWRlb19kYXNoaW5pdC5tcDQVAALIARIAFQIYUWlnX3hwdl9wbGFjZW1lbnRfcGVybWFuZW50X3YyLzE1NEFBNzQ5OUVBMkJDNjUwNjJBNDRCNjU1QzExOEEyX2F1ZGlvX2Rhc2hpbml0Lm1wNBUCAsgBEgAoABgAGwKIB3VzZV9vaWwBMRJwcm9ncmVzc2l2ZV9yZWNpcGUBMRUAACaCw52SgfXuBRUCKAJDMywXQBZmZmZmZmYYEmRhc2hfYmFzZWxpbmVfMV92MREAdf4HZeadAQA&_nc_gid=uMLmxumM5GnKgC6DyX5KIQ&_nc_ss=7a3ba&_nc_zt=28&oh=00_AQIFglmOwOQkDffLpvmOOw3sw7wBMUPO2WYOBrp-l4_utA&oe=6AB05CED,1789135130
basedxrosie,145646,"19 | FL 😎
⊹₊˚‧︵‿₊୨ᰔ୧₊‿︵‧˚₊⊹",DdJL8vPMyf9,"just friends 🤭
.
.
.
.
.
.
#fyp #fypage #viral #viralvideos",230,6,16613,https://scontent-hel3-1.cdninstagram.com/o1/v/t2/f2/m86/AQPxMAeoPd0_A-Hzy7lP8PMc_YspfDPlmlfEJWa5dImG24WzZ2r2iQ4TXKQb2jvVXd68SKbu_iyol2CtU0gxKHzDuMXbVpVOCdCy2Aw.mp4?_nc_cat=111&_nc_sid=5e9851&_nc_ht=scontent-hel3-1.cdninstagram.com&_nc_ohc=P41WXdyc044Q7kNvwES08Fh&efg=eyJ2ZW5jb2RlX3RhZyI6Inhwdl9wcm9ncmVzc2l2ZS5JTlNUQUdSQU0uQ0xJUFMuQzMuNzIwLmRhc2hfYmFzZWxpbmVfMV92MSIsInhwdl9hc3NldF9pZCI6MTUwNzcwMjAyNDQ2MDg5NSwiYXNzZXRfYWdlX2RheXMiOjgsInZpX3VzZWNhc2VfaWQiOjEwMDk5LCJkdXJhdGlvbl9zIjo1LCJ1cmxnZW5fc291cmNlIjoid3d3In0%3D&ccb=17-1&vs=1fdf20f4de94d2&_nc_vs=HBksFQIYUmlnX3hwdl9yZWVsc19wZXJtYW5lbnRfc3JfcHJvZC8wRTQ4Q0EwQzM1RDVFMEY3QkIwRDNDNzFGQjAzNkVCQV92aWRlb19kYXNoaW5pdC5tcDQVAALIARIAFQIYUWlnX3hwdl9wbGFjZW1lbnRfcGVybWFuZW50X3YyL0E3NDIwN0QzQjRFMTcwRjVCMDQ5Nzk5RDY4QkY1RTgzX2F1ZGlvX2Rhc2hpbml0Lm1wNBUCAsgBEgAoABgAGwKIB3VzZV9vaWwBMRJwcm9ncmVzc2l2ZV9yZWNpcGUBMRUAACa-6cK558-tBRUCKAJDMywXQBd2yLQ5WBAYEmRhc2hfYmFzZWxpbmVfMV92MREAdf4HZeadAQA&_nc_gid=uMLmxumM5GnKgC6DyX5KIQ&_nc_ss=7a3ba&_nc_zt=28&oh=00_AQI3sBS4G6DG-nyH5owr8axQSb1u3iLbnK4FCzoLTdYF7Q&oe=6AB04BD0,1789122214
basedxrosie,145646,"19 | FL 😎
⊹₊˚‧︵‿₊୨ᰔ୧₊‿︵‧˚₊⊹",DdHzGE0P5Lv,Nobody complains tho,169,13,13676,https://scontent-hel3-1.cdninstagram.com/o1/v/t2/f2/m86/AQP4bb-Ghbsxzss3u-D_UEV2E95nivvQ_kaciNthE8CbYWqQ6l5doih4ZQIPsshg0tD2-mpqC6uAo4WTxhYspeRIL-_RfDwl5G86xHw.mp4?_nc_cat=107&_nc_sid=5e9851&_nc_ht=scontent-hel3-1.cdninstagram.com&_nc_ohc=OD1pRDNV5dIQ7kNvwETG5Aj&efg=eyJ2ZW5jb2RlX3RhZyI6Inhwdl9wcm9ncmVzc2l2ZS5JTlNUQUdSQU0uQ0xJUFMuQzMuNzIwLmRhc2hfYmFzZWxpbmVfMV92MSIsInhwdl9hc3NldF9pZCI6MTA3ODQzNTA2MTMzMzE5NiwiYXNzZXRfYWdlX2RheXMiOjgsInZpX3VzZWNhc2VfaWQiOjEwMDk5LCJkdXJhdGlvbl9zIjo3LCJ1cmxnZW5fc291cmNlIjoid3d3In0%3D&ccb=17-1&vs=d1f911f59be68755&_nc_vs=HBksFQIYUmlnX3hwdl9yZWVsc19wZXJtYW5lbnRfc3JfcHJvZC9CNjRENkNCN0Y5NDJGMUYwRDQxMzc3OTY1Qzg0RTdCMF92aWRlb19kYXNoaW5pdC5tcDQVAALIARIAFQIYUWlnX3hwdl9wbGFjZW1lbnRfcGVybWFuZW50X3YyLzVDNEMwNzM4QzVCM0I0Q0MyNkY1MzVBQTk4NzU5RkJGX2F1ZGlvX2Rhc2hpbml0Lm1wNBUCAsgBEgAoABgAGwKIB3VzZV9vaWwBMRJwcm9ncmVzc2l2ZV9yZWNpcGUBMRUAACaY8_Orl7XqAxUCKAJDMywXQB0QYk3S8aoYEmRhc2hfYmFzZWxpbmVfMV92MREAdf4HZeadAQA&_nc_gid=uMLmxumM5GnKgC6DyX5KIQ&_nc_ss=7a3ba&_nc_zt=28&oh=00_AQLTQTcWPfFGOw3nHX-NtZ9V1ubiVBLJTtSb669hhq35uw&oe=6AB07008,1789075624
basedxrosie,145646,"19 | FL 😎
⊹₊˚‧︵‿₊୨ᰔ୧₊‿︵‧˚₊⊹",DdCRCyehF-e,Yes 😉 True friendship,766,26,91165,https://scontent-hel3-1.cdninstagram.com/o1/v/t2/f2/m86/AQMG0voOdYoRye2QftOe06Gt7HzlKMJL1zNTUPjrvkzTvI8xcrld2iDE9j14ScRIbJbmSwTvuhY2D6B3UMEVHh8RkBdH1v5Adj_XtZA.mp4?_nc_cat=106&_nc_sid=5e9851&_nc_ht=scontent-hel3-1.cdninstagram.com&_nc_ohc=stq63PZg41oQ7kNvwFLHuPv&efg=eyJ2ZW5jb2RlX3RhZyI6Inhwdl9wcm9ncmVzc2l2ZS5JTlNUQUdSQU0uQ0xJUFMuQzMuNzIwLmRhc2hfYmFzZWxpbmVfMV92MSIsInhwdl9hc3NldF9pZCI6MTAwNjUwNTE3OTA3NDQzMiwiYXNzZXRfYWdlX2RheXMiOjEwLCJ2aV91c2VjYXNlX2lkIjoxMDA5OSwiZHVyYXRpb25fcyI6NSwidXJsZ2VuX3NvdXJjZSI6Ind3dyJ9&ccb=17-1&vs=3485b2375de9e9cd&_nc_vs=HBksFQIYUmlnX3hwdl9yZWVsc19wZXJtYW5lbnRfc3JfcHJvZC9ENDQyQ0NGNzVCNkRDNTA4MDQ3MTU2MkU2MEE3NENBM192aWRlb19kYXNoaW5pdC5tcDQVAALIARIAFQIYUWlnX3hwdl9wbGFjZW1lbnRfcGVybWFuZW50X3YyLzlBNEUyQTU1OEIzNTc0MzA4QjgwMjlFQTI2MjUzREI0X2F1ZGlvX2Rhc2hpbml0Lm1wNBUCAsgBEgAoABgAGwKIB3VzZV9vaWwBMRJwcm9ncmVzc2l2ZV9yZWNpcGUBMRUAACaAvs76p9rJAxUCKAJDMywXQBQhysCDEm8YEmRhc2hfYmFzZWxpbmVfMV92MREAdf4HZeadAQA&_nc_gid=uMLmxumM5GnKgC6DyX5KIQ&_nc_ss=7a3ba&_nc_zt=28&_nc_enc=QRcUCNMMvVGL_7FA6M-AbpRO1lIS5X6Vq00mXCAjqWTs7xM_p_BkpqdWXzZDkpMHK22UCnEbRviABjepZ6VTRQQiVNOtYzW6LjWadaovXtK0FbQs2EMKon-6_o8&oh=00_AQIfJEI10rjIsYEyr4jEF5npK0TxJY-gjvMoOTUBu78hiw&oe=6AB0486B,1788889981
basedxrosie,145646,"19 | FL 😎
⊹₊˚‧︵‿₊୨ᰔ୧₊‿︵‧˚₊⊹",DdCF2z8T-fr,Ride mee babe,654,22,43147,https://scontent-hel3-1.cdninstagram.com/o1/v/t2/f2/m86/AQN51DUxZJt6JXIy_-6M3OKdBLD1bjSjCqaq8Foa_id98PejAY5BOf1lvMFLyt296jq2ZS5Vw8p6gBTnkLLzewnrt1R_Fjr-PE_PdaU.mp4?_nc_cat=102&_nc_sid=5e9851&_nc_ht=scontent-hel3-1.cdninstagram.com&_nc_ohc=DDwcr4go8wQQ7kNvwGo7BEZ&efg=eyJ2ZW5jb2RlX3RhZyI6Inhwdl9wcm9ncmVzc2l2ZS5JTlNUQUdSQU0uQ0xJUFMuQzMuNzIwLmRhc2hfYmFzZWxpbmVfMV92MSIsInhwdl9hc3NldF9pZCI6MTQzNDY4NTU5ODU2ODYyNiwiYXNzZXRfYWdlX2RheXMiOjEwLCJ2aV91c2VjYXNlX2lkIjoxMDA5OSwiZHVyYXRpb25fcyI6OCwidXJsZ2VuX3NvdXJjZSI6Ind3dyJ9&ccb=17-1&vs=b76d717486c428e2&_nc_vs=HBksFQIYUmlnX3hwdl9yZWVsc19wZXJtYW5lbnRfc3JfcHJvZC9ENDRERThBQjFCQjI3NDI0OTQ3RUNCQTVCNDUyNDM4N192aWRlb19kYXNoaW5pdC5tcDQVAALIARIAFQIYUWlnX3hwdl9wbGFjZW1lbnRfcGVybWFuZW50X3YyLzc0NDk4NEFCMThGMUI1NDdDOUMzMUEyNkRGQUM3Mjg5X2F1ZGlvX2Rhc2hpbml0Lm1wNBUCAsgBEgAoABgAGwKIB3VzZV9vaWwBMRJwcm9ncmVzc2l2ZV9yZWNpcGUBMRUAACbkwrzX2LWMBRUCKAJDMywXQCAAAAAAAAAYEmRhc2hfYmFzZWxpbmVfMV92MREAdf4HZeadAQA&_nc_gid=uMLmxumM5GnKgC6DyX5KIQ&_nc_ss=7a3ba&_nc_zt=28&oh=00_AQLYcEdi30wYma0YfC8Ss1SQgSCFGHAXIBokdAsp81mn8Q&oe=6AB05887,1788884117
basedxrosie,145646,"19 | FL 😎
⊹₊˚‧︵‿₊୨ᰔ୧₊‿︵‧˚₊⊹",DdB2JEwBnM8,"That’s good to know 😁☺️

.

.

.
#genx #colorado",177,11,13891,https://scontent-hel3-1.cdninstagram.com/o1/v/t2/f2/m86/AQNXgepY5XZUnhwSXbEsd9ryoQYP1iAUaJUFuNSOqckrwlil-FYzg5NaDkxhzS7ex2uLvr-6pUp31x360GSvG2VVVXDftVnigk5ZYiQ.mp4?_nc_cat=106&_nc_sid=5e9851&_nc_ht=scontent-hel3-1.cdninstagram.com&_nc_ohc=GGo3FMtaSzQQ7kNvwHTG22D&efg=eyJ2ZW5jb2RlX3RhZyI6Inhwdl9wcm9ncmVzc2l2ZS5JTlNUQUdSQU0uQ0xJUFMuQzMuNzIwLmRhc2hfYmFzZWxpbmVfMV92MSIsInhwdl9hc3NldF9pZCI6MTM3NjAzNTAzNDE4MDE1MywiYXNzZXRfYWdlX2RheXMiOjEwLCJ2aV91c2VjYXNlX2lkIjoxMDA5OSwiZHVyYXRpb25fcyI6OSwidXJsZ2VuX3NvdXJjZSI6Ind3dyJ9&ccb=17-1&vs=cf887f132fdb969d&_nc_vs=HBksFQIYUmlnX3hwdl9yZWVsc19wZXJtYW5lbnRfc3JfcHJvZC9FMzRFOUY0Nzc0ODk1MkU5OUEwQUE3QjE3RjQ2MTNBOF92aWRlb19kYXNoaW5pdC5tcDQVAALIARIAFQIYUWlnX3hwdl9wbGFjZW1lbnRfcGVybWFuZW50X3YyLzVBNDM1QThEMkEyMzczRjA4RkZDNjlBREZBODg5OEEwX2F1ZGlvX2Rhc2hpbml0Lm1wNBUCAsgBEgAoABgAGwKIB3VzZV9vaWwBMRJwcm9ncmVzc2l2ZV9yZWNpcGUBMRUAACbyqMn249_xBBUCKAJDMywXQCPdsi0OVgQYEmRhc2hfYmFzZWxpbmVfMV92MREAdf4HZeadAQA&_nc_gid=uMLmxumM5GnKgC6DyX5KIQ&_nc_ss=7a3ba&_nc_zt=28&oh=00_AQJPdk653iGCGta-bcZzyPDQB7IoZFz6K2ZpAiGkPo2-gQ&oe=6AB0521F,1788875891
basedxrosie,145646,"19 | FL 😎
⊹₊˚‧︵‿₊୨ᰔ୧₊‿︵‧˚₊⊹",DdBualkJ2Yg,Every day if I was your wife,289,14,19539,https://scontent-hel3-1.cdninstagram.com/o1/v/t2/f2/m86/AQMtVsHcPDhSm5eFZBam5SWc60ASiu-IrDx0FMxaRv_VRV_ri_Ht_aq5nxsCd8PxC4nSiwbD-cb4IUsmbGP0Oyql7Vuf3Iv-TYFpJTE.mp4?_nc_cat=104&_nc_sid=5e9851&_nc_ht=scontent-hel3-1.cdninstagram.com&_nc_ohc=docw1D4TZ-UQ7kNvwEf6NbY&efg=eyJ2ZW5jb2RlX3RhZyI6Inhwdl9wcm9ncmVzc2l2ZS5JTlNUQUdSQU0uQ0xJUFMuQzMuNzIwLmRhc2hfYmFzZWxpbmVfMV92MSIsInhwdl9hc3NldF9pZCI6MzY2NjE0OTAyMDIyODU3MSwiYXNzZXRfYWdlX2RheXMiOjEwLCJ2aV91c2VjYXNlX2lkIjoxMDA5OSwiZHVyYXRpb25fcyI6NiwidXJsZ2VuX3NvdXJjZSI6Ind3dyJ9&ccb=17-1&vs=95e54c84a092a87a&_nc_vs=HBksFQIYUmlnX3hwdl9yZWVsc19wZXJtYW5lbnRfc3JfcHJvZC83QTRBQUQ2MTQ0NERCNjgxOEVBODAzMUJCNkYwNDQ5Q192aWRlb19kYXNoaW5pdC5tcDQVAALIARIAFQIYUWlnX3hwdl9wbGFjZW1lbnRfcGVybWFuZW50X3YyLzIyNDg0NUIzMDBDN0ZGQjBFM0QxODJFMjE1OEU2NDgxX2F1ZGlvX2Rhc2hpbml0Lm1wNBUCAsgBEgAoABgAGwKIB3VzZV9vaWwBMRJwcm9ncmVzc2l2ZV9yZWNpcGUBMRUAACa279rg-pWDDRUCKAJDMywXQBiIMSbpeNUYEmRhc2hfYmFzZWxpbmVfMV92MREAdf4HZeadAQA&_nc_gid=uMLmxumM5GnKgC6DyX5KIQ&_nc_ss=7a3ba&_nc_zt=28&oh=00_AQLgaOalj-e-O3nGWfPcBt7uCVqp02qK1R3yUB5yXOt6Hw&oe=6AB05135,1788871825
basedxrosie,145646,"19 | FL 😎
⊹₊˚‧︵‿₊୨ᰔ୧₊‿︵‧˚₊⊹",DdBc6kcuDRg,Normal friends… 😋,223,5,15161,https://scontent-hel3-1.cdninstagram.com/o1/v/t2/f2/m86/AQOFulxVVqB-fZ1L7Juu38xIpwrOF8r6JZ79aD8fmgOjreBDAmULX2M5IKo4xrUx20bzAu7XlK0COCt5mCL8grtghEJT-sHV6hW5MTM.mp4?_nc_cat=102&_nc_sid=5e9851&_nc_ht=scontent-hel3-1.cdninstagram.com&_nc_ohc=k_4RF4To2ZMQ7kNvwHtBzyv&efg=eyJ2ZW5jb2RlX3RhZyI6Inhwdl9wcm9ncmVzc2l2ZS5JTlNUQUdSQU0uQ0xJUFMuQzMuNzIwLmRhc2hfYmFzZWxpbmVfMV92MSIsInhwdl9hc3NldF9pZCI6MTY0ODQ1MTk2MDE3MzgyMCwiYXNzZXRfYWdlX2RheXMiOjExLCJ2aV91c2VjYXNlX2lkIjoxMDA5OSwiZHVyYXRpb25fcyI6NSwidXJsZ2VuX3NvdXJjZSI6Ind3dyJ9&ccb=17-1&vs=357cae95e3083c74&_nc_vs=HBksFQIYUmlnX3hwdl9yZWVsc19wZXJtYW5lbnRfc3JfcHJvZC9ENzRGRjk3QzNFNTEwMEU4QTU4MTY2OTYyMjBFQkU4N192aWRlb19kYXNoaW5pdC5tcDQVAALIARIAFQIYUWlnX3hwdl9wbGFjZW1lbnRfcGVybWFuZW50X3YyLzEzNDM0MTQ4NUZCMEZGRTU3OTFCN0RGNTc0NjNGODgzX2F1ZGlvX2Rhc2hpbml0Lm1wNBUCAsgBEgAoABgAGwKIB3VzZV9vaWwBMRJwcm9ncmVzc2l2ZV9yZWNpcGUBMRUAACb405-YxNDtBRUCKAJDMywXQBV2yLQ5WBAYEmRhc2hfYmFzZWxpbmVfMV92MREAdf4HZeadAQA&_nc_gid=uMLmxumM5GnKgC6DyX5KIQ&_nc_ss=7a3ba&_nc_zt=28&oh=00_AQL6iQjmrKuhyP_uGQdAvQ3iT_LcDY0Qvs9jUj1I4lC9Kg&oe=6AB067EB,1788862652
basedxrosie,145646,"19 | FL 😎
⊹₊˚‧︵‿₊୨ᰔ୧₊‿︵‧˚₊⊹",DcyQSO9hUq6,it is what it is,327,10,26098,https://scontent-cph2-1.cdninstagram.com/o1/v/t2/f2/m86/AQP6wrFht22cJUy6ENBQ5yP_uR7HRJgodatZOMHFRRMbj6D3mHQiVcNhNNm5igZrgAsz9947vdWGCm7Xjw3gl5i2aILfURIb0SFW7NA.mp4?_nc_cat=102&_nc_sid=5e9851&_nc_ht=scontent-cph2-1.cdninstagram.com&_nc_ohc=eDjLCNlGmNgQ7kNvwEEr_R1&efg=eyJ2ZW5jb2RlX3RhZyI6Inhwdl9wcm9ncmVzc2l2ZS5JTlNUQUdSQU0uQ0xJUFMuQzMuNzIwLmRhc2hfYmFzZWxpbmVfMV92MSIsInhwdl9hc3NldF9pZCI6MTM2ODAyOTgzNTQ0MDQ2OCwiYXNzZXRfYWdlX2RheXMiOjE2LCJ2aV91c2VjYXNlX2lkIjoxMDA5OSwiZHVyYXRpb25fcyI6OCwidXJsZ2VuX3NvdXJjZSI6Ind3dyJ9&ccb=17-1&vs=c343a293c6cbf6be&_nc_vs=HBksFQIYUmlnX3hwdl9yZWVsc19wZXJtYW5lbnRfc3JfcHJvZC8yMjRCREQ1Njk5RTk2NUY3REQwOTQ5OEEyMDIxRUZBOV92aWRlb19kYXNoaW5pdC5tcDQVAALIARIAFQIYUWlnX3hwdl9wbGFjZW1lbnRfcGVybWFuZW50X3YyLzA1NDcyNDkwMERGNUFGRUZFMDc0RkI4N0M2MEQ3MEIwX2F1ZGlvX2Rhc2hpbml0Lm1wNBUCAsgBEgAoABgAGwKIB3VzZV9vaWwBMRJwcm9ncmVzc2l2ZV9yZWNpcGUBMRUAACaoxZHG6I3uBBUCKAJDMywXQCBU_fO2RaIYEmRhc2hfYmFzZWxpbmVfMV92MREAdf4HZeadAQA&_nc_gid=Tzj1Gwu4qAkGec2rvbi_PA&_nc_ss=7a3ba&_nc_zt=28&oh=00_AQIoJz30sIOQAnVfvay1e7yHdKCH1LUUAske9wJpGnjrzw&oe=6AB063BB,1788352711
basedxrosie,145646,"19 | FL 😎
⊹₊˚‧︵‿₊୨ᰔ୧₊‿︵‧˚₊⊹",DcyCFbZOe_T,Anyone else suddenly forget what to do with their hands?,164,1,25226,https://scontent-cph2-1.cdninstagram.com/o1/v/t2/f2/m86/AQOcXXwLXgS0ZGxIKThIUxIg7GuyuUqCvDMpiq9J3ciBhOP2aKkwzXZb4oSMEr388gKfapfVtm2dX8TDtNuMCP-JIX6rteD_cMAmTHY.mp4?_nc_cat=107&_nc_sid=5e9851&_nc_ht=scontent-cph2-1.cdninstagram.com&_nc_ohc=e4yQoEeNtUYQ7kNvwFCTsJ4&efg=eyJ2ZW5jb2RlX3RhZyI6Inhwdl9wcm9ncmVzc2l2ZS5JTlNUQUdSQU0uQ0xJUFMuQzMuNzIwLmRhc2hfYmFzZWxpbmVfMV92MSIsInhwdl9hc3NldF9pZCI6MTk4MTc1NTI3OTM0MjI4OCwiYXNzZXRfYWdlX2RheXMiOjE3LCJ2aV91c2VjYXNlX2lkIjoxMDA5OSwiZHVyYXRpb25fcyI6OCwidXJsZ2VuX3NvdXJjZSI6Ind3dyJ9&ccb=17-1&vs=dfa1dca5a0e92d4b&_nc_vs=HBksFQIYUmlnX3hwdl9yZWVsc19wZXJtYW5lbnRfc3JfcHJvZC9CQzRCQ0Y4QkJFNTBCNjcwM0NBNUUyODQ2NEY4RkVCN192aWRlb19kYXNoaW5pdC5tcDQVAALIARIAFQIYUWlnX3hwdl9wbGFjZW1lbnRfcGVybWFuZW50X3YyL0JENEI3OEZFRTlGN0EyRDZBMzQ0NTcxODIwMzI0NEE4X2F1ZGlvX2Rhc2hpbml0Lm1wNBUCAsgBEgAoABgAGwKIB3VzZV9vaWwBMRJwcm9ncmVzc2l2ZV9yZWNpcGUBMRUAACag66e3q5mFBxUCKAJDMywXQCDul41P3zsYEmRhc2hfYmFzZWxpbmVfMV92MREAdf4HZeadAQA&_nc_gid=Tzj1Gwu4qAkGec2rvbi_PA&_nc_ss=7a3ba&_nc_zt=28&oh=00_AQLG74f2o03YIcCgKEubfzasmbW0RJ4DPl719_KidHBIJw&oe=6AB068D8,1788345356
basedxrosie,145646,"19 | FL 😎
⊹₊˚‧︵‿₊୨ᰔ୧₊‿︵‧˚₊⊹",Dctp8yqMZ2F,"Drinks will make you do that 🙈😊
#genx",624,20,35074,https://scontent-cph2-1.cdninstagram.com/o1/v/t2/f2/m86/AQPn9q8KEU2faVsjc7EXl3RZzaXIXjZVbf0uAvIVrrDL-TdpktyU6Rv3vNrYE6cc2E4CXMePkQPXvYNSIwtWRZT-pk8XnNvJBiygyfU.mp4?_nc_cat=110&_nc_sid=5e9851&_nc_ht=scontent-cph2-1.cdninstagram.com&_nc_ohc=PyAafHxgciMQ7kNvwEpgD8-&efg=eyJ2ZW5jb2RlX3RhZyI6Inhwdl9wcm9ncmVzc2l2ZS5JTlNUQUdSQU0uQ0xJUFMuQzMuNzIwLmRhc2hfYmFzZWxpbmVfMV92MSIsInhwdl9hc3NldF9pZCI6NDQ2NTY2NzA3MDM3Mjc3MSwiYXNzZXRfYWdlX2RheXMiOjE4LCJ2aV91c2VjYXNlX2lkIjoxMDA5OSwiZHVyYXRpb25fcyI6NywidXJsZ2VuX3NvdXJjZSI6Ind3dyJ9&ccb=17-1&vs=5a03ddc478c40f38&_nc_vs=HBksFQIYUmlnX3hwdl9yZWVsc19wZXJtYW5lbnRfc3JfcHJvZC8wNjRBMERDREY2Mzg4ODAxRjlGMjMwNzEyNjVBNkNCQ192aWRlb19kYXNoaW5pdC5tcDQVAALIARIAFQIYUWlnX3hwdl9wbGFjZW1lbnRfcGVybWFuZW50X3YyL0IzNEU2NTYyOTNCQUE4RUM5NUE1QzMyNTJDOUZFQkE4X2F1ZGlvX2Rhc2hpbml0Lm1wNBUCAsgBEgAoABgAGwKIB3VzZV9vaWwBMRJwcm9ncmVzc2l2ZV9yZWNpcGUBMRUAACbGrtG2hODuDxUCKAJDMywXQB5DlYEGJN0YEmRhc2hfYmFzZWxpbmVfMV92MREAdf4HZeadAQA&_nc_gid=Tzj1Gwu4qAkGec2rvbi_PA&_nc_ss=7a3ba&_nc_zt=28&oh=00_AQIG2AtaS8OqHnCy9aLhIAQEuz52Blla3pVezHxmWNAgVw&oe=6AB06D9B,1788198403
basedxrosie,145646,"19 | FL 😎
⊹₊˚‧︵‿₊୨ᰔ୧₊‿︵‧˚₊⊹",Dctb9pXhHe9,What do you think of this look on me?,229,9,26155,https://scontent-cph2-1.cdninstagram.com/o1/v/t2/f2/m86/AQMYYz-gLxVObshnVUXckuZsreO1-Kqhpfy5EP5TNdc7ZXb1PjHvWkT103okKeE6GGgKlRvo3Sf_sQ0-SOVNcvH5xBi862scOAkXxv0.mp4?_nc_cat=109&_nc_sid=5e9851&_nc_ht=scontent-cph2-1.cdninstagram.com&_nc_ohc=kE5di5EnKFoQ7kNvwG74OnB&efg=eyJ2ZW5jb2RlX3RhZyI6Inhwdl9wcm9ncmVzc2l2ZS5JTlNUQUdSQU0uQ0xJUFMuQzMuNzIwLmRhc2hfYmFzZWxpbmVfMV92MSIsInhwdl9hc3NldF9pZCI6MTg4MzU4NTAyMjYxNjE2MiwiYXNzZXRfYWdlX2RheXMiOjE4LCJ2aV91c2VjYXNlX2lkIjoxMDA5OSwiZHVyYXRpb25fcyI6OCwidXJsZ2VuX3NvdXJjZSI6Ind3dyJ9&ccb=17-1&vs=f071647fb6645b3&_nc_vs=HBksFQIYUmlnX3hwdl9yZWVsc19wZXJtYW5lbnRfc3JfcHJvZC83NjRDNzBGQUY0ODNGQ0E2QkQ1N0U2NDYzNjI2ODk5NF92aWRlb19kYXNoaW5pdC5tcDQVAALIARIAFQIYUWlnX3hwdl9wbGFjZW1lbnRfcGVybWFuZW50X3YyLzhGNDg1MUU2OEQ5MzlFN0Y0QTdBNTU2NDJCNUUzRUI2X2F1ZGlvX2Rhc2hpbml0Lm1wNBUCAsgBEgAoABgAGwKIB3VzZV9vaWwBMRJwcm9ncmVzc2l2ZV9yZWNpcGUBMRUAACbEieuCisfYBhUCKAJDMywXQCBU_fO2RaIYEmRhc2hfYmFzZWxpbmVfMV92MREAdf4HZeadAQA&_nc_gid=Tzj1Gwu4qAkGec2rvbi_PA&_nc_ss=7a3ba&_nc_zt=28&oh=00_AQIB0_HwEtRIuCp9YY3TtVXh-QhZTEe5kG6WScOc8b8zmg&oe=6AB0603E,1788191086
basedxrosie,145646,"19 | FL 😎
⊹₊˚‧︵‿₊୨ᰔ୧₊‿︵‧˚₊⊹",DctPoxvMZiw,rate me 1-10🤎 #brunette #fy #whitegirl #beautiful #girl,268,10,25998,https://scontent-cph2-1.cdninstagram.com/o1/v/t2/f2/m86/AQOi9P8UgbaRgiBQWStCE6NcxSRIwBicOsl00kRLT5B5wnzkvnOVxf1ziC-m5uCacYKB-K1OqFU_ctxK1jD0_rLoLdgODN-Sge1qwMY.mp4?_nc_cat=100&_nc_sid=5e9851&_nc_ht=scontent-cph2-1.cdninstagram.com&_nc_ohc=gQtG4xjZi10Q7kNvwFslEkc&efg=eyJ2ZW5jb2RlX3RhZyI6Inhwdl9wcm9ncmVzc2l2ZS5JTlNUQUdSQU0uQ0xJUFMuQzMuNzIwLmRhc2hfYmFzZWxpbmVfMV92MSIsInhwdl9hc3NldF9pZCI6NDQxMzE3MzQwNTU2NjQyMiwiYXNzZXRfYWdlX2RheXMiOjE4LCJ2aV91c2VjYXNlX2lkIjoxMDA5OSwiZHVyYXRpb25fcyI6OSwidXJsZ2VuX3NvdXJjZSI6Ind3dyJ9&ccb=17-1&vs=2ff5f21c262f941a&_nc_vs=HBksFQIYUmlnX3hwdl9yZWVsc19wZXJtYW5lbnRfc3JfcHJvZC9DQjQ5MEZEQjg5RkE1NEEzOTExNUE0Q0E0MEIwOTJCOV92aWRlb19kYXNoaW5pdC5tcDQVAALIARIAFQIYUWlnX3hwdl9wbGFjZW1lbnRfcGVybWFuZW50X3YyL0U3NDAwMUUyQTk3NDIzMTQxQkQzRjU3NUVBNTFEQTg3X2F1ZGlvX2Rhc2hpbml0Lm1wNBUCAsgBEgAoABgAGwKIB3VzZV9vaWwBMRJwcm9ncmVzc2l2ZV9yZWNpcGUBMRUAACasl96SwPDWDxUCKAJDMywXQCPul41P3zsYEmRhc2hfYmFzZWxpbmVfMV92MREAdf4HZeadAQA&_nc_gid=Tzj1Gwu4qAkGec2rvbi_PA&_nc_ss=7a3ba&_nc_zt=28&oh=00_AQK6SQgxgLnOM9JHvhfFue4nw5ANn9ZFnkyAknsX0DTgjQ&oe=6AB06309,1788184599
basedxrosie,145646,"19 | FL 😎
⊹₊˚‧︵‿₊୨ᰔ୧₊‿︵‧˚₊⊹",DctDqUROZR-,Normal friends… 😋,970,16,113310,https://scontent-cph2-1.cdninstagram.com/o1/v/t2/f2/m86/AQPL-RuPaL9tHYNHwJG3SQ3PSifSfjnEaE61TXY3uXuemWJXLWjD-ziOZzUgnT9ZnFsnGbvaKq_5-3JEXllAYbkDp-enazpRBD2JGsc.mp4?_nc_cat=106&_nc_sid=5e9851&_nc_ht=scontent-cph2-1.cdninstagram.com&_nc_ohc=XQp91G78eIIQ7kNvwGSjcUd&efg=eyJ2ZW5jb2RlX3RhZyI6Inhwdl9wcm9ncmVzc2l2ZS5JTlNUQUdSQU0uQ0xJUFMuQzMuNzIwLmRhc2hfYmFzZWxpbmVfMV92MSIsInhwdl9hc3NldF9pZCI6MzgwMjk1NTE0ODMzMjYxNjEsImFzc2V0X2FnZV9kYXlzIjoxOCwidmlfdXNlY2FzZV9pZCI6MTAwOTksImR1cmF0aW9uX3MiOjYsInVybGdlbl9zb3VyY2UiOiJ3d3cifQ%3D%3D&ccb=17-1&vs=7f58710b258c9274&_nc_vs=HBksFQIYUmlnX3hwdl9yZWVsc19wZXJtYW5lbnRfc3JfcHJvZC9DNjQxREQ4NEQ2NTlGREU4OUIwNDVDMzRDQjAwQTJCNl92aWRlb19kYXNoaW5pdC5tcDQVAALIARIAFQIYUWlnX3hwdl9wbGFjZW1lbnRfcGVybWFuZW50X3YyLzJENDA5QjlCOEU5RDJEOTM0OEUwN0Y3NDU2M0U2Rjg4X2F1ZGlvX2Rhc2hpbml0Lm1wNBUCAsgBEgAoABgAGwKIB3VzZV9vaWwBMRJwcm9ncmVzc2l2ZV9yZWNpcGUBMRUAACaiu4yynuuNhwEVAigCQzMsF0AbMzMzMzMzGBJkYXNoX2Jhc2VsaW5lXzFfdjERAHX-B2XmnQEA&_nc_gid=Tzj1Gwu4qAkGec2rvbi_PA&_nc_ss=7a3ba&_nc_zt=28&oh=00_AQLmme8dVgZ9Zhu0je0rCE4ZTkev2I8uzGUaDISOqTsa3A&oe=6AB03FE3,1788178367
basedxrosie,145646,"19 | FL 😎
⊹₊˚‧︵‿₊୨ᰔ୧₊‿︵‧˚₊⊹",Dcs5drbtgGs,,494,11,30241,https://scontent-cph2-1.cdninstagram.com/o1/v/t2/f2/m86/AQPO4hFv9jkVpvxYbZC7LAkk1hiQvd6Y67RZqReI_02XEOswXRs9aMTEbWpXpy5ZH8Memt-eqi435tx2zXgS42ha_dSsGsz_Dzpm4s8.mp4?_nc_cat=107&_nc_sid=5e9851&_nc_ht=scontent-cph2-1.cdninstagram.com&_nc_ohc=RGxfT21yyqEQ7kNvwGFhc08&efg=eyJ2ZW5jb2RlX3RhZyI6Inhwdl9wcm9ncmVzc2l2ZS5JTlNUQUdSQU0uQ0xJUFMuQzMuNzIwLmRhc2hfYmFzZWxpbmVfMV92MSIsInhwdl9hc3NldF9pZCI6MTYzMzAwNjI1ODUxNzM0NywiYXNzZXRfYWdlX2RheXMiOjE5LCJ2aV91c2VjYXNlX2lkIjoxMDA5OSwiZHVyYXRpb25fcyI6OCwidXJsZ2VuX3NvdXJjZSI6Ind3dyJ9&ccb=17-1&vs=ab52eabd3ee47963&_nc_vs=HBksFQIYUmlnX3hwdl9yZWVsc19wZXJtYW5lbnRfc3JfcHJvZC82MTQ4OUQ1RUI0Nzg4RUYyQzQ0Q0NGQ0VBODUyNjU4NV92aWRlb19kYXNoaW5pdC5tcDQVAALIARIAFQIYUWlnX3hwdl9wbGFjZW1lbnRfcGVybWFuZW50X3YyL0UwNDg0N0ZERTJGNjVBRTVBQzRBRjI2QThFRkU3RkJEX2F1ZGlvX2Rhc2hpbml0Lm1wNBUCAsgBEgAoABgAGwKIB3VzZV9vaWwBMRJwcm9ncmVzc2l2ZV9yZWNpcGUBMRUAACbG1aPfvM3mBRUCKAJDMywXQCHul41P3zsYEmRhc2hfYmFzZWxpbmVfMV92MREAdf4HZeadAQA&_nc_gid=Tzj1Gwu4qAkGec2rvbi_PA&_nc_ss=7a3ba&_nc_zt=28&oh=00_AQI0JJE6Hio53KeNy_ncoIwWFU3Ol19gQmz18VXxtxR2nw&oe=6AB06274,1788172991
basedxrosie,145646,"19 | FL 😎
⊹₊˚‧︵‿₊୨ᰔ୧₊‿︵‧˚₊⊹",Dcqez89wP-0,How to tell them to believe that?,326,10,31850,https://scontent-cph2-1.cdninstagram.com/o1/v/t2/f2/m86/AQMVhHbkTvYYDrcXBtOfhwyUUWhlM8wWBFLXrp7nZb_A-gX9rDFz9p63pTsVUEttMG5py4ALlk-aKVxA9zZGva5otZwqsoZ4e_O9Qa0.mp4?_nc_cat=111&_nc_sid=5e9851&_nc_ht=scontent-cph2-1.cdninstagram.com&_nc_ohc=bpaC-nLXCF0Q7kNvwFdzoEw&efg=eyJ2ZW5jb2RlX3RhZyI6Inhwdl9wcm9ncmVzc2l2ZS5JTlNUQUdSQU0uQ0xJUFMuQzMuNzIwLmRhc2hfYmFzZWxpbmVfMV92MSIsInhwdl9hc3NldF9pZCI6MjA2MDkwNTIzMTk3ODU4NiwiYXNzZXRfYWdlX2RheXMiOjE5LCJ2aV91c2VjYXNlX2lkIjoxMDA5OSwiZHVyYXRpb25fcyI6OCwidXJsZ2VuX3NvdXJjZSI6Ind3dyJ9&ccb=17-1&vs=83007f3aa130d512&_nc_vs=HBksFQIYUmlnX3hwdl9yZWVsc19wZXJtYW5lbnRfc3JfcHJvZC8wMjQ2MDI3NzY0M0MzN0RBOTE1RDkwMTJGNDNFNkVBMl92aWRlb19kYXNoaW5pdC5tcDQVAALIARIAFQIYUWlnX3hwdl9wbGFjZW1lbnRfcGVybWFuZW50X3YyLzAzNEY5Njc2RjI4QTk1OThFQjc1NEFGOTg4NDFCMUE0X2F1ZGlvX2Rhc2hpbml0Lm1wNBUCAsgBEgAoABgAGwKIB3VzZV9vaWwBMRJwcm9ncmVzc2l2ZV9yZWNpcGUBMRUAACa0waTEvJipBxUCKAJDMywXQCDMzMzMzM0YEmRhc2hfYmFzZWxpbmVfMV92MREAdf4HZeadAQA&_nc_gid=Tzj1Gwu4qAkGec2rvbi_PA&_nc_ss=7a3ba&_nc_zt=28&oh=00_AQJPdCnxwePCjo-imk6sjVB5wDGD-raoVfsvFjEXsXmKqQ&oe=6AB04394,1788091895
karina_marukyan,425115,"🇦🇲 Nurse
📍Miami🇺🇸
@karinamar_prvt 
check highlight👇🏻",Ddd6GUzMsRE,What’s your favorite ice cream flavor?🍦,107,6,2703,https://scontent-cph2-1.cdninstagram.com/o1/v/t2/f2/m86/AQNw1cB7H5NaHVhtGmCzagBMeKjYLqYO5bcjNdFDCaSjNfcytQX8B0mKs-5MtrI2ipgEq4fsaSB82U9TztZaH2EmhTlarcBo_2W530k.mp4?_nc_cat=105&_nc_sid=5e9851&_nc_ht=scontent-cph2-1.cdninstagram.com&_nc_ohc=ctmTm428eC0Q7kNvwE4jkNm&efg=eyJ2ZW5jb2RlX3RhZyI6Inhwdl9wcm9ncmVzc2l2ZS5JTlNUQUdSQU0uQ0xJUFMuQzMuNzIwLmRhc2hfYmFzZWxpbmVfMV92MSIsInhwdl9hc3NldF9pZCI6MzQxMzU4Mjk5NTQ4Njc3OCwiYXNzZXRfYWdlX2RheXMiOjAsInZpX3VzZWNhc2VfaWQiOjEwMDk5LCJkdXJhdGlvbl9zIjo5LCJ1cmxnZW5fc291cmNlIjoid3d3In0%3D&ccb=17-1&vs=1c18ebd1bf5b3cad&_nc_vs=HBksFQIYUmlnX3hwdl9yZWVsc19wZXJtYW5lbnRfc3JfcHJvZC8wQzQ3RDAyNjFCNTFBMzAzMDYzNzc3NkVBRjhFRjJBN192aWRlb19kYXNoaW5pdC5tcDQVAALIARIAFQIYUWlnX3hwdl9wbGFjZW1lbnRfcGVybWFuZW50X3YyLzlCNDE4MEZCNzgyNTI5QkRGMzI2ODY4MEI5RkE2OUIxX2F1ZGlvX2Rhc2hpbml0Lm1wNBUCAsgBEgAoABgAGwKIB3VzZV9vaWwBMRJwcm9ncmVzc2l2ZV9yZWNpcGUBMRUAACb04Nud16iQDBUCKAJDMywXQCNU_fO2RaIYEmRhc2hfYmFzZWxpbmVfMV92MREAdf4HZeadAQA&_nc_gid=TsM3vY7RfZHyjtKoNwYu4g&_nc_ss=7a3ba&_nc_zt=28&oh=00_AQILMVVXMniN_jDPo9HwNBuFw-e2KkGeTy0aVJJ4OIWz4Q&oe=6AB05F56,1789817477
karina_marukyan,425115,"🇦🇲 Nurse
📍Miami🇺🇸
@karinamar_prvt 
check highlight👇🏻",DdKGZL2sRAn,😈,951,58,20565,https://scontent-cph2-1.cdninstagram.com/o1/v/t2/f2/m86/AQPoYztogKjD7nDoK388XYWdCDXtH20UjRTPIFLWInR-aRKahSV3ewSgfLXxmm1MqUZB2_XN6wfQGnrSNV5FwV9RO60vdi-BmunOq_Y.mp4?_nc_cat=104&_nc_sid=5e9851&_nc_ht=scontent-cph2-1.cdninstagram.com&_nc_ohc=mUJLbLz2hGMQ7kNvwE7aASo&efg=eyJ2ZW5jb2RlX3RhZyI6Inhwdl9wcm9ncmVzc2l2ZS5JTlNUQUdSQU0uQ0xJUFMuQzMuNzIwLmRhc2hfYmFzZWxpbmVfMV92MSIsInhwdl9hc3NldF9pZCI6MTU1MjM3NDg0Mjc1OTEwNywiYXNzZXRfYWdlX2RheXMiOjcsInZpX3VzZWNhc2VfaWQiOjEwMDk5LCJkdXJhdGlvbl9zIjo2LCJ1cmxnZW5fc291cmNlIjoid3d3In0%3D&ccb=17-1&vs=901a9a30fe609a38&_nc_vs=HBksFQIYUmlnX3hwdl9yZWVsc19wZXJtYW5lbnRfc3JfcHJvZC82NzQ1NkRDNDFEMDIyMDE1MDdCODg4NDIwRjhBOTlCM192aWRlb19kYXNoaW5pdC5tcDQVAALIARIAFQIYUWlnX3hwdl9wbGFjZW1lbnRfcGVybWFuZW50X3YyLzNCNDRFRDY0MkZEMjhGQ0VCN0E0MjJERjlFNUMxRjg5X2F1ZGlvX2Rhc2hpbml0Lm1wNBUCAsgBEgAoABgAGwKIB3VzZV9vaWwBMRJwcm9ncmVzc2l2ZV9yZWNpcGUBMRUAACaG3_zwjfjBBRUCKAJDMywXQBmZmZmZmZoYEmRhc2hfYmFzZWxpbmVfMV92MREAdf4HZeadAQA&_nc_gid=TsM3vY7RfZHyjtKoNwYu4g&_nc_ss=7a3ba&_nc_zt=28&oh=00_AQLITTCBiuIsDyLd4l7KOcHVdzOdVgZCVfvLIUzwv4ocCw&oe=6AB03D79,1789152834
karina_marukyan,425115,"🇦🇲 Nurse
📍Miami🇺🇸
@karinamar_prvt 
check highlight👇🏻",Da05I_hsMUP,armenian soul⛰️,8632,482,260956,https://scontent-cph2-1.cdninstagram.com/o1/v/t2/f2/m86/AQNtgJM94TWlQx9ZlTCApRrwXhGc2kYq5x5L9isPHmA0_-y22lXbGc9Sqae49IsofbPsMkyyQ9OSvPcVYRL9Uvk9CfoPdnKELjZCSOM.mp4?_nc_cat=110&_nc_sid=5e9851&_nc_ht=scontent-cph2-1.cdninstagram.com&_nc_ohc=Nqa0QOHCcTcQ7kNvwGaKwv5&efg=eyJ2ZW5jb2RlX3RhZyI6Inhwdl9wcm9ncmVzc2l2ZS5JTlNUQUdSQU0uQ0xJUFMuQzMuNzE2LmRhc2hfYmFzZWxpbmVfMV92MSIsInhwdl9hc3NldF9pZCI6MTI4Nzg1NzE2MDA5MDU3OSwiYXNzZXRfYWdlX2RheXMiOjY1LCJ2aV91c2VjYXNlX2lkIjoxMDA5OSwiZHVyYXRpb25fcyI6NywidXJsZ2VuX3NvdXJjZSI6Ind3dyJ9&ccb=17-1&vs=f99f23efa34802ff&_nc_vs=HBksFQIYUmlnX3hwdl9yZWVsc19wZXJtYW5lbnRfc3JfcHJvZC8xRDRCOEVGMTZENzI0OTM5RjExOThFMUU1NTdCNjY5Nl92aWRlb19kYXNoaW5pdC5tcDQVAALIARIAFQIYUWlnX3hwdl9wbGFjZW1lbnRfcGVybWFuZW50X3YyL0M4NEZGNjY2MjRCNEE3NDAwNDE1MTQ5RjlBQjhBODgwX2F1ZGlvX2Rhc2hpbml0Lm1wNBUCAsgBEgAoABgAGwKIB3VzZV9vaWwBMRJwcm9ncmVzc2l2ZV9yZWNpcGUBMRUAACamz-PIk9PJBBUCKAJDMywXQBxDlYEGJN0YEmRhc2hfYmFzZWxpbmVfMV92MREAdf4HZeadAQA&_nc_gid=TsM3vY7RfZHyjtKoNwYu4g&_nc_ss=7a3ba&_nc_zt=28&oh=00_AQKR_rpoZQ4D1piX2X33G2qGQPvWIkPJHbO7FfXMQ72rqw&oe=6AB05FA3,1784146284
karina_marukyan,425115,"🇦🇲 Nurse
📍Miami🇺🇸
@karinamar_prvt 
check highlight👇🏻",DaneVAeBflu,😎,13572,425,415493,https://scontent-cph2-1.cdninstagram.com/o1/v/t2/f2/m86/AQMkYQneol7NuUx35AxGZCH0V_lTVaC6-N4r0wS5JGyNxExiUe7iji7zSDIJe0qr3kEozPyJva-3TAgNyMaKxWhYZ7QWraq6S2EuCu8.mp4?_nc_cat=109&_nc_sid=5e9851&_nc_ht=scontent-cph2-1.cdninstagram.com&_nc_ohc=0F3toB3-qmIQ7kNvwFy1PXL&efg=eyJ2ZW5jb2RlX3RhZyI6Inhwdl9wcm9ncmVzc2l2ZS5JTlNUQUdSQU0uQ0xJUFMuQzMuNzIwLmRhc2hfYmFzZWxpbmVfMV92MSIsInhwdl9hc3NldF9pZCI6MTc2NjEzNzg3NDU4MDUxMywiYXNzZXRfYWdlX2RheXMiOjcwLCJ2aV91c2VjYXNlX2lkIjoxMDA5OSwiZHVyYXRpb25fcyI6NiwidXJsZ2VuX3NvdXJjZSI6Ind3dyJ9&ccb=17-1&vs=411bedd66bb86087&_nc_vs=HBksFQIYUmlnX3hwdl9yZWVsc19wZXJtYW5lbnRfc3JfcHJvZC8zQzQ2RjhFMkQ0RUU5RTE4NkZEQUE4RTIxNDM3ODZBNF92aWRlb19kYXNoaW5pdC5tcDQVAALIARIAFQIYUWlnX3hwdl9wbGFjZW1lbnRfcGVybWFuZW50X3YyL0JBNERGNjgyMUJBQTcxRjE2NzBGN0Q2NjBBRDE0RjhEX2F1ZGlvX2Rhc2hpbml0Lm1wNBUCAsgBEgAoABgAGwKIB3VzZV9vaWwBMRJwcm9ncmVzc2l2ZV9yZWNpcGUBMRUAACbCkJzK4JKjBhUCKAJDMywXQBhDlYEGJN0YEmRhc2hfYmFzZWxpbmVfMV92MREAdf4HZeadAQA&_nc_gid=TsM3vY7RfZHyjtKoNwYu4g&_nc_ss=7a3ba&_nc_zt=28&oh=00_AQLXMSllz8VbExXcMkz1day4DbO6st9yWXhUAdxFTSgF_g&oe=6AB0727A,1783696014
karina_marukyan,425115,"🇦🇲 Nurse
📍Miami🇺🇸
@karinamar_prvt 
check highlight👇🏻",DaknAqQMB4b,Post workout smile :),82030,1232,992810,https://scontent-cph2-1.cdninstagram.com/o1/v/t2/f2/m86/AQOc38r0yTg5i1bABtUrGN-DonH1kUGnW8GeIlZ36phRZoaGeCRQNubxj1hnIKXe4T5cdClUhk18zKiwHLoiFGd9HVJBKKSQiKxhuIQ.mp4?_nc_cat=107&_nc_sid=5e9851&_nc_ht=scontent-cph2-1.cdninstagram.com&_nc_ohc=LcKV_ne6WqMQ7kNvwEiMDyW&efg=eyJ2ZW5jb2RlX3RhZyI6Inhwdl9wcm9ncmVzc2l2ZS5JTlNUQUdSQU0uQ0xJUFMuQzMuNzIwLmRhc2hfYmFzZWxpbmVfMV92MSIsInhwdl9hc3NldF9pZCI6MjA0Mzc5OTc3Mjg4NTU2MywiYXNzZXRfYWdlX2RheXMiOjcxLCJ2aV91c2VjYXNlX2lkIjoxMDA5OSwiZHVyYXRpb25fcyI6NiwidXJsZ2VuX3NvdXJjZSI6Ind3dyJ9&ccb=17-1&vs=b71e4d6bb4ddca28&_nc_vs=HBksFQIYUmlnX3hwdl9yZWVsc19wZXJtYW5lbnRfc3JfcHJvZC84QTQxQjU0OEExNEFDMzBDNjZGMTU5RjRBQzdFNzlCQl92aWRlb19kYXNoaW5pdC5tcDQVAALIARIAFQIYUWlnX3hwdl9wbGFjZW1lbnRfcGVybWFuZW50X3YyLzI1NDQ1MTdGQjg0Rjk0RjNBNjEwM0U5NjdCNzE4NDhCX2F1ZGlvX2Rhc2hpbml0Lm1wNBUCAsgBEgAoABgAGwKIB3VzZV9vaWwBMRJwcm9ncmVzc2l2ZV9yZWNpcGUBMRUAACb2yKP35rShBxUCKAJDMywXQBhDlYEGJN0YEmRhc2hfYmFzZWxpbmVfMV92MREAdf4HZeadAQA&_nc_gid=TsM3vY7RfZHyjtKoNwYu4g&_nc_ss=7a3ba&_nc_zt=28&oh=00_AQJHXr4DizunCBaKieOYeMKMENRcQnR_GxyA9PKi7g8r9w&oe=6AB05938,1783599891
karina_marukyan,425115,"🇦🇲 Nurse
📍Miami🇺🇸
@karinamar_prvt 
check highlight👇🏻",DYiTiBHM5PH,Where did you come from?🥰,15817,829,434571,https://scontent-cph2-1.cdninstagram.com/o1/v/t2/f2/m86/AQNvihjc6d2RHCFEx8Nt57PnmcL7RyyCrWJ67FX27Izxx_BbvDa81f73wba146_Nw6NzUpZU4K9lma1Gv9ZDERxkqW2qXUkiOeYsiXQ.mp4?_nc_cat=110&_nc_sid=5e9851&_nc_ht=scontent-cph2-1.cdninstagram.com&_nc_ohc=15GN9fRh2-0Q7kNvwHGahmf&efg=eyJ2ZW5jb2RlX3RhZyI6Inhwdl9wcm9ncmVzc2l2ZS5JTlNUQUdSQU0uQ0xJUFMuQzMuNzIwLmRhc2hfYmFzZWxpbmVfMV92MSIsInhwdl9hc3NldF9pZCI6NzY0NzYwNTEzMjkzMzU1LCJhc3NldF9hZ2VfZGF5cyI6MTIyLCJ2aV91c2VjYXNlX2lkIjoxMDA5OSwiZHVyYXRpb25fcyI6OCwidXJsZ2VuX3NvdXJjZSI6Ind3dyJ9&ccb=17-1&vs=1de50573babcec84&_nc_vs=HBksFQIYUmlnX3hwdl9yZWVsc19wZXJtYW5lbnRfc3JfcHJvZC9BRjQ4MjM1NkY2NUNGMzg4ODYyRUM4Nzc1MTRCOTY4MV92aWRlb19kYXNoaW5pdC5tcDQVAALIARIAFQIYUWlnX3hwdl9wbGFjZW1lbnRfcGVybWFuZW50X3YyL0JCNDc3MEVBRjYzREMzQTRBOEY1REQ5QkVGOTJBNzg0X2F1ZGlvX2Rhc2hpbml0Lm1wNBUCAsgBEgAoABgAGwKIB3VzZV9vaWwBMRJwcm9ncmVzc2l2ZV9yZWNpcGUBMRUAACbWsN3r9eLbAhUCKAJDMywXQCAhysCDEm8YEmRhc2hfYmFzZWxpbmVfMV92MREAdf4HZeadAQA&_nc_gid=TsM3vY7RfZHyjtKoNwYu4g&_nc_ss=7a3ba&_nc_zt=28&oh=00_AQJWribW35iYvzaTwWmEbgmCmN9-el_K3i_471GrbS8O7Q&oe=6AB06E3F,1779227775
sophie.tulips,365828,Living my best life ✨,DdUjC5bxk2p,☀️🧜🏻‍♀️,1923,112,20666,https://instagram.frix7-1.fna.fbcdn.net/o1/v/t2/f2/m86/AQOJYtJL4yQJwooAIDy6egH4--E3xLTU9jQ4O1KpSaMY4X8ruEEUECoR1o_PVeIUS9NLn03ld6GCTY02TejY4Gwazt7XwuJl83h6ItY.mp4?_nc_cat=111&_nc_oc=AdpHxew3nb2m4xK_gqSMQRgJ3keMYPsxsUeVlvo_-rBhCZL7r076Zg_goDsOEjYQ-YU&_nc_sid=5e9851&_nc_ht=instagram.frix7-1.fna.fbcdn.net&_nc_ohc=TPLx2hJzAioQ7kNvwEWyKxW&efg=eyJ2ZW5jb2RlX3RhZyI6Inhwdl9wcm9ncmVzc2l2ZS5JTlNUQUdSQU0uQ0xJUFMuQzMuNzEyLmRhc2hfYmFzZWxpbmVfMV92MSIsInhwdl9hc3NldF9pZCI6MTg2NjcxNTAzODAyOTY5NCwiYXNzZXRfYWdlX2RheXMiOjMsInZpX3VzZWNhc2VfaWQiOjEwMDk5LCJkdXJhdGlvbl9zIjo2LCJ1cmxnZW5fc291cmNlIjoid3d3In0%3D&ccb=17-1&vs=a1375dce8c0bccbb&_nc_vs=HBksFQIYUmlnX3hwdl9yZWVsc19wZXJtYW5lbnRfc3JfcHJvZC82RTQ4RUIzMTFCQTMwOTMwQzhCMjZCQTc3MzIzOTFCNl92aWRlb19kYXNoaW5pdC5tcDQVAALIARIAFQIYUWlnX3hwdl9wbGFjZW1lbnRfcGVybWFuZW50X3YyLzUzNENFREFEMDg3NTA2QTE5QUVENjBBQzg5RDE2N0I1X2F1ZGlvX2Rhc2hpbml0Lm1wNBUCAsgBEgAoABgAGwKIB3VzZV9vaWwBMRJwcm9ncmVzc2l2ZV9yZWNpcGUBMRUAACb83ejrjvHQBhUCKAJDMywXQBgp--dsi0QYEmRhc2hfYmFzZWxpbmVfMV92MREAdf4HZeadAQA&_nc_gid=-rpjjVHKZr3yQle-NeaS9A&_nc_ss=7a3ba&_nc_map=urlgen_bucketless&_nc_zt=28&oh=00_AQLEVcjfI5mjYXoYDZZ6Vf5KTiULa9obsqb5QsqzEBHezA&oe=6AB04AD4,1789503404
sophie.tulips,365828,Living my best life ✨,DdR83m2RlGA,✨,746,21,12430,https://instagram.frix7-1.fna.fbcdn.net/o1/v/t2/f2/m86/AQPq5LFT-aghs7sgie3lWDgZstIcMIr6e1pJrh_XlYgq9EhYUj4cx4lcmYXUBHp9jKlAkpcYjlpB4qi0n0MMjnZuKgS3h4zQxEDEe54.mp4?_nc_cat=105&_nc_oc=AdqaKwCimkv0ZCgjyn1hq31SC686Qn_NmZtsmvXYmAnB0HFHHjuTFMFfN3PWxDevnwI&_nc_sid=5e9851&_nc_ht=instagram.frix7-1.fna.fbcdn.net&_nc_ohc=j072WjGA9-gQ7kNvwGCwvEq&efg=eyJ2ZW5jb2RlX3RhZyI6Inhwdl9wcm9ncmVzc2l2ZS5JTlNUQUdSQU0uQ0xJUFMuQzMuMTA4MC5kYXNoX2Jhc2VsaW5lXzFfdjEiLCJ4cHZfYXNzZXRfaWQiOjEzNzc0NDg5NjEwMzk3NDMsImFzc2V0X2FnZV9kYXlzIjo0LCJ2aV91c2VjYXNlX2lkIjoxMDA5OSwiZHVyYXRpb25fcyI6MTAsInVybGdlbl9zb3VyY2UiOiJ3d3cifQ%3D%3D&ccb=17-1&vs=e2f6b1450b093fd&_nc_vs=HBksFQIYUmlnX3hwdl9yZWVsc19wZXJtYW5lbnRfc3JfcHJvZC9DRjQ0RjdDMjg0REZGOTJEMjRDNEQ1QzI5MkIxNUJCMV92aWRlb19kYXNoaW5pdC5tcDQVAALIARIAFQIYUWlnX3hwdl9wbGFjZW1lbnRfcGVybWFuZW50X3YyLzM1NEM2NUFDMDk5N0FENTcwMzg0NDlDNTFBODAwM0FGX2F1ZGlvX2Rhc2hpbml0Lm1wNBUCAsgBEgAoABgAGwKIB3VzZV9vaWwBMRJwcm9ncmVzc2l2ZV9yZWNpcGUBMRUAACb-9abAirLyBBUCKAJDMywXQCQU_fO2RaIYEmRhc2hfYmFzZWxpbmVfMV92MREAdf4HZeadAQA&_nc_gid=-rpjjVHKZr3yQle-NeaS9A&_nc_ss=7a3ba&_nc_map=urlgen_bucketless&_nc_zt=28&oh=00_AQKtg_7y9iLFAseez_O7jCWIr1vBbCjHf8Xd7qDFzc8-uw&oe=6AB03EC6,1789416264
lynacutiexo,120714,Princess of the universe🧚🏻‍♂️,DdZWAz7MeOm,I think I did good🤣,2399,63,64571,https://scontent-cph2-1.cdninstagram.com/o1/v/t2/f2/m86/AQPGyqjk9Ytz71qu9BtTavCCYWP0VCdMnyIncOifWEc1TR7bkFgflnlakB37kJfWbpU3G4Xc7yc-yisWz2IuMLovH4yEtjFUgkN3cSE.mp4?_nc_cat=103&_nc_sid=5e9851&_nc_ht=scontent-cph2-1.cdninstagram.com&_nc_ohc=9FaRImVVb54Q7kNvwGtcFrK&efg=eyJ2ZW5jb2RlX3RhZyI6Inhwdl9wcm9ncmVzc2l2ZS5JTlNUQUdSQU0uQ0xJUFMuQzMuNDgwLmRhc2hfYmFzZWxpbmVfMV92MSIsInhwdl9hc3NldF9pZCI6MTYxMzk4ODM5MzY0MTQ1MCwiYXNzZXRfYWdlX2RheXMiOjEsInZpX3VzZWNhc2VfaWQiOjEwMDk5LCJkdXJhdGlvbl9zIjo5LCJ1cmxnZW5fc291cmNlIjoid3d3In0%3D&ccb=17-1&vs=8832a2054aa180ed&_nc_vs=HBksFQIYUmlnX3hwdl9yZWVsc19wZXJtYW5lbnRfc3JfcHJvZC8zRTQ3RDJFQjA5QTVENkUxQkZDN0Y2NUNFMkQ0OEU4N192aWRlb19kYXNoaW5pdC5tcDQVAALIARIAFQIYUWlnX3hwdl9wbGFjZW1lbnRfcGVybWFuZW50X3YyLzEzNDgwRUE5ODYwMTgyMDg5MzM4M0I2MTYwQTBFNDlBX2F1ZGlvX2Rhc2hpbml0Lm1wNBUCAsgBEgAoABgAGwKIB3VzZV9vaWwBMRJwcm9ncmVzc2l2ZV9yZWNpcGUBMRUAACbUl__NvvrdBRUCKAJDMywXQCIQ5WBBiTcYEmRhc2hfYmFzZWxpbmVfMV92MREAdf4HZeadAQA&_nc_gid=Nzn7cZC85pGILGyQeVvQIg&_nc_ss=7a3ba&_nc_zt=28&oh=00_AQLXKJTHLmTEJHfDv2WswXIt66AKQZmKjFTk2jZ4Eu3jjw&oe=6AB068AC,1789664351
lynacutiexo,120714,Princess of the universe🧚🏻‍♂️,DdUh-aOPa30,Did I make you dizzy be honest,6493,137,64154,https://scontent-cph2-1.cdninstagram.com/o1/v/t2/f2/m86/AQP8EW8n5Xp3N6e3ByyihP-Vw5OsrQ3e2mlgqDDGRhHp2c8lvag1RWV7oefrcLY_jtcIsldCu7_M9P7S5ToBHyM08DWemG8_V-FShiI.mp4?_nc_cat=104&_nc_sid=5e9851&_nc_ht=scontent-cph2-1.cdninstagram.com&_nc_ohc=_-_BNQ0BLRMQ7kNvwF3btBi&efg=eyJ2ZW5jb2RlX3RhZyI6Inhwdl9wcm9ncmVzc2l2ZS5JTlNUQUdSQU0uQ0xJUFMuQzMuNzIwLmRhc2hfYmFzZWxpbmVfMV92MSIsInhwdl9hc3NldF9pZCI6MjIzMTQzNzIxNzU4ODQwNSwiYXNzZXRfYWdlX2RheXMiOjMsInZpX3VzZWNhc2VfaWQiOjEwMDk5LCJkdXJhdGlvbl9zIjo5LCJ1cmxnZW5fc291cmNlIjoid3d3In0%3D&ccb=17-1&vs=44a08a4dc6e9e153&_nc_vs=HBksFQIYUmlnX3hwdl9yZWVsc19wZXJtYW5lbnRfc3JfcHJvZC8yQjREMzczOEY5QjI1ODBDRDI5OEZERjhBNjMyNjFCRl92aWRlb19kYXNoaW5pdC5tcDQVAALIARIAFQIYUWlnX3hwdl9wbGFjZW1lbnRfcGVybWFuZW50X3YyLzQ5NEM3QzFBMERBNTU2MzBBMDNDNUMxRDg5QjJFQ0E5X2F1ZGlvX2Rhc2hpbml0Lm1wNBUCAsgBEgAoABgAGwKIB3VzZV9vaWwBMRJwcm9ncmVzc2l2ZV9yZWNpcGUBMRUAACbqkovr3t72BxUCKAJDMywXQCOIMSbpeNUYEmRhc2hfYmFzZWxpbmVfMV92MREAdf4HZeadAQA&_nc_gid=Nzn7cZC85pGILGyQeVvQIg&_nc_ss=7a3ba&_nc_zt=28&oh=00_AQLUmAMG7c5ikFLddqFipDAl-dfhUPJKR_r5kTdtEVyShA&oe=6AB03CA5,1789502853
lynacutiexo,120714,Princess of the universe🧚🏻‍♂️,DdMsA-kBu7Y,Immediately😋,8926,191,130491,https://scontent-cph2-1.cdninstagram.com/o1/v/t2/f2/m86/AQNutT2gNNDwTlaQCi77-oixQfr4WMJZaP2T7-fIqYe_Xp2Iha-_AQURa56fbNWEGLCbUHM1W8h8I8JIyGqcsJym6Oa24wFq9E-6cJQ.mp4?_nc_cat=102&_nc_sid=5e9851&_nc_ht=scontent-cph2-1.cdninstagram.com&_nc_ohc=-kzLeaRu9iEQ7kNvwFqnL-X&efg=eyJ2ZW5jb2RlX3RhZyI6Inhwdl9wcm9ncmVzc2l2ZS5JTlNUQUdSQU0uQ0xJUFMuQzMuNzIwLmRhc2hfYmFzZWxpbmVfMV92MSIsInhwdl9hc3NldF9pZCI6MTEwNjQyMDA0MjE2NDA0NywiYXNzZXRfYWdlX2RheXMiOjcsInZpX3VzZWNhc2VfaWQiOjEwMDk5LCJkdXJhdGlvbl9zIjo4LCJ1cmxnZW5fc291cmNlIjoid3d3In0%3D&ccb=17-1&vs=a3dc7a041bb433b9&_nc_vs=HBksFQIYUmlnX3hwdl9yZWVsc19wZXJtYW5lbnRfc3JfcHJvZC81OTQ2QjM2QzlFMEFFRUM5NkJFNUNDQUFFNjYwNTNCN192aWRlb19kYXNoaW5pdC5tcDQVAALIARIAFQIYUWlnX3hwdl9wbGFjZW1lbnRfcGVybWFuZW50X3YyL0Y0NDk1NTY2NTNGRDFBNzJEMTY3QTY1NEZBQ0EwQjlFX2F1ZGlvX2Rhc2hpbml0Lm1wNBUCAsgBEgAoABgAGwKIB3VzZV9vaWwBMRJwcm9ncmVzc2l2ZV9yZWNpcGUBMRUAACaena_Zj5L3AxUCKAJDMywXQCGqfvnbItEYEmRhc2hfYmFzZWxpbmVfMV92MREAdf4HZeadAQA&_nc_gid=Nzn7cZC85pGILGyQeVvQIg&_nc_ss=7a3ba&_nc_zt=28&oh=00_AQIpvLY2XEyQ9_n9zdHZv_0feQHgn67hjQSj8m9VV57wxQ&oe=6AB05CAB,1789239607
lynacutiexo,120714,Princess of the universe🧚🏻‍♂️,Dc_x7fosSiQ,Does everyone take shots like this??🤸,4905,98,90899,https://scontent-cph2-1.cdninstagram.com/o1/v/t2/f2/m86/AQN01ye6wYx1WF4OAhBA2Gg17WKYBZ-p5kCLhVwiQ7ZOYoB7tTV6Os7pur03VxT-vdG3luXXF3LTqQH0U-tqr9-kwcHVZX7H34438hg.mp4?_nc_cat=108&_nc_sid=5e9851&_nc_ht=scontent-cph2-1.cdninstagram.com&_nc_ohc=zBSeNRZngt8Q7kNvwHwk34_&efg=eyJ2ZW5jb2RlX3RhZyI6Inhwdl9wcm9ncmVzc2l2ZS5JTlNUQUdSQU0uQ0xJUFMuQzMuNzIwLmRhc2hfYmFzZWxpbmVfMV92MSIsInhwdl9hc3NldF9pZCI6MTM4OTMwMDA5MDAxNTA5NCwiYXNzZXRfYWdlX2RheXMiOjExLCJ2aV91c2VjYXNlX2lkIjoxMDA5OSwiZHVyYXRpb25fcyI6OCwidXJsZ2VuX3NvdXJjZSI6Ind3dyJ9&ccb=17-1&vs=6c1f113f68666e1e&_nc_vs=HBksFQIYUmlnX3hwdl9yZWVsc19wZXJtYW5lbnRfc3JfcHJvZC82QTQ3ODFBMzQ2QjgxNkNDODI2MTA5MkEwRjU3MTdBNF92aWRlb19kYXNoaW5pdC5tcDQVAALIARIAFQIYUWlnX3hwdl9wbGFjZW1lbnRfcGVybWFuZW50X3YyL0E2NEY2N0U5MUUzMEY4QUIxNzA5NDY3QjU1NENBQjkwX2F1ZGlvX2Rhc2hpbml0Lm1wNBUCAsgBEgAoABgAGwKIB3VzZV9vaWwBMRJwcm9ncmVzc2l2ZV9yZWNpcGUBMRUAACbstdCl9OP3BBUCKAJDMywXQCHMzMzMzM0YEmRhc2hfYmFzZWxpbmVfMV92MREAdf4HZeadAQA&_nc_gid=Nzn7cZC85pGILGyQeVvQIg&_nc_ss=7a3ba&_nc_zt=28&oh=00_AQKRuc4xDSajHv6GTRrg8AInoTwxuwEDZkGhUR6y-LRB7Q&oe=6AB07131,1788806616
lynacutiexo,120714,Princess of the universe🧚🏻‍♂️,Dcy9fkOPr2F,Is it hot in here or is it just me??✨,15342,343,366021,https://scontent-cph2-1.cdninstagram.com/o1/v/t2/f2/m86/AQNWgUwXxuMZUfpx3hZSoXZoZvU_be5CJ_6OOBWFlWTgHEyCXAafQyfHnowgujOkI-s1Nvmvl-ehRtGtnblE814bNcK9eBQmsKjRwFY.mp4?_nc_cat=109&_nc_sid=5e9851&_nc_ht=scontent-cph2-1.cdninstagram.com&_nc_ohc=FOIzQX95hUEQ7kNvwFMEvVq&efg=eyJ2ZW5jb2RlX3RhZyI6Inhwdl9wcm9ncmVzc2l2ZS5JTlNUQUdSQU0uQ0xJUFMuQzMuNzIwLmRhc2hfYmFzZWxpbmVfMV92MSIsInhwdl9hc3NldF9pZCI6MTEwNTUyMDcxNTMzNjUxNCwiYXNzZXRfYWdlX2RheXMiOjE2LCJ2aV91c2VjYXNlX2lkIjoxMDA5OSwiZHVyYXRpb25fcyI6NiwidXJsZ2VuX3NvdXJjZSI6Ind3dyJ9&ccb=17-1&vs=e4f903f897df9f66&_nc_vs=HBksFQIYUmlnX3hwdl9yZWVsc19wZXJtYW5lbnRfc3JfcHJvZC85QzQyOTA1NDAyOTZGNTZDNEI1MDY4OTYwQ0Y2MkI5NV92aWRlb19kYXNoaW5pdC5tcDQVAALIARIAFQIYUWlnX3hwdl9wbGFjZW1lbnRfcGVybWFuZW50X3YyLzBCNEI4Mjc3RkNGMDM3NjE1MTFFQUNFQjYzRTA3RkE3X2F1ZGlvX2Rhc2hpbml0Lm1wNBUCAsgBEgAoABgAGwKIB3VzZV9vaWwBMRJwcm9ncmVzc2l2ZV9yZWNpcGUBMRUAACaErbyY4932AxUCKAJDMywXQBoAAAAAAAAYEmRhc2hfYmFzZWxpbmVfMV92MREAdf4HZeadAQA&_nc_gid=Nzn7cZC85pGILGyQeVvQIg&_nc_ss=7a3ba&_nc_zt=28&oh=00_AQIzLJF5bAK0RWAFzu-9o2JeSOGxg_YzxgPnRZcjUaMg-A&oe=6AB06622,1788376419
lynacutiexo,120714,Princess of the universe🧚🏻‍♂️,DcbhDWiswJf,Where’s my Gomez??🖤,6826,146,81261,https://scontent-cph2-1.cdninstagram.com/o1/v/t2/f2/m86/AQO4zTCuDu_o2iYAdpC9UwrjgWT3U2j15kB6t4GWBuNGE8NjqFT8eNP6nMaOm3s6GBRK00-Nqt70aSF4EvPBM2moH849cAWBCcZvXsc.mp4?_nc_cat=101&_nc_sid=5e9851&_nc_ht=scontent-cph2-1.cdninstagram.com&_nc_ohc=nhKHey3eUUAQ7kNvwFRnvvg&efg=eyJ2ZW5jb2RlX3RhZyI6Inhwdl9wcm9ncmVzc2l2ZS5JTlNUQUdSQU0uQ0xJUFMuQzMuNzIwLmRhc2hfYmFzZWxpbmVfMV92MSIsInhwdl9hc3NldF9pZCI6MTYwOTA5MTQ4NzQzOTU5NSwiYXNzZXRfYWdlX2RheXMiOjI1LCJ2aV91c2VjYXNlX2lkIjoxMDA5OSwiZHVyYXRpb25fcyI6MTAsInVybGdlbl9zb3VyY2UiOiJ3d3cifQ%3D%3D&ccb=17-1&vs=96539ff75cfa1ab3&_nc_vs=HBksFQIYUmlnX3hwdl9yZWVsc19wZXJtYW5lbnRfc3JfcHJvZC8xRjQxNjE4RUYyQ0Q5RTFCRDZEQjQ4NEUwQzIwODZCRl92aWRlb19kYXNoaW5pdC5tcDQVAALIARIAFQIYUWlnX3hwdl9wbGFjZW1lbnRfcGVybWFuZW50X3YyL0Q0NEQ1OTkwRDYyMUI5RkJDNjlBODFGQjhCNzFBMDgzX2F1ZGlvX2Rhc2hpbml0Lm1wNBUCAsgBEgAoABgAGwKIB3VzZV9vaWwBMRJwcm9ncmVzc2l2ZV9yZWNpcGUBMRUAACbW66joud3bBRUCKAJDMywXQCTMzMzMzM0YEmRhc2hfYmFzZWxpbmVfMV92MREAdf4HZeadAQA&_nc_gid=Nzn7cZC85pGILGyQeVvQIg&_nc_ss=7a3ba&_nc_zt=28&oh=00_AQLmyCm8wBbiFmWHhmOnL24jbXspsMm1Bk1bbHQy50NVtQ&oe=6AB05966,1787590600
lynacutiexo,120714,Princess of the universe🧚🏻‍♂️,DcYihxWNTEi,New job occupation unlocked💁🏼‍♀️,5865,148,82522,https://scontent-cph2-1.cdninstagram.com/o1/v/t2/f2/m86/AQPJjbn5MDll63uo5LROPcCRc7r5IcISrIxGMibzylMDp3yYZ78v5HSw9vX2zcxZ07hS34BiyLw0BPtVlSA651gca5avU0IyIA3wXxI.mp4?_nc_cat=105&_nc_sid=5e9851&_nc_ht=scontent-cph2-1.cdninstagram.com&_nc_ohc=I-YlMGP0HDUQ7kNvwH36riA&efg=eyJ2ZW5jb2RlX3RhZyI6Inhwdl9wcm9ncmVzc2l2ZS5JTlNUQUdSQU0uQ0xJUFMuQzMuNzIwLmRhc2hfYmFzZWxpbmVfMV92MSIsInhwdl9hc3NldF9pZCI6MjQ0NzQzNTgyNTc3ODcyMSwiYXNzZXRfYWdlX2RheXMiOjI2LCJ2aV91c2VjYXNlX2lkIjoxMDA5OSwiZHVyYXRpb25fcyI6OCwidXJsZ2VuX3NvdXJjZSI6Ind3dyJ9&ccb=17-1&vs=3856bfc59ff7ff75&_nc_vs=HBkcFQIYUmlnX3hwdl9yZWVsc19wZXJtYW5lbnRfc3JfcHJvZC9FQTQwRERCNDVDRTFCMDRBNTZBOUFFMkU1NjlEOTM4RF92aWRlb19kYXNoaW5pdC5tcDQVAALIARIAKAAYABsCiAd1c2Vfb2lsATEScHJvZ3Jlc3NpdmVfcmVjaXBlATEVAAAmwsCM8MH72AgVAigCQzMsF0AhiDEm6XjVGBJkYXNoX2Jhc2VsaW5lXzFfdjERAHX-B2XmnQEA&_nc_gid=Nzn7cZC85pGILGyQeVvQIg&_nc_ss=7a3ba&_nc_zt=28&oh=00_AQJG0-Ci5vRxsbMdII7LgYmcVSr2bcLSuU804NMdUYtcPg&oe=6AB0715E,1787489927
lynacutiexo,120714,Princess of the universe🧚🏻‍♂️,Da8dWEVMkde,It did indeed hurt,9172,177,114740,https://scontent-cph2-1.cdninstagram.com/o1/v/t2/f2/m86/AQOlt-orPSq_9DKDshTB9gQ2IbxUsV3StLk_3vmQIS0cP53GTIW_KXDTEMmYStbDbq2NMNrynRYZ2gXgJ5C-3TQ7aqd0ztDgvKxXFV0.mp4?_nc_cat=105&_nc_sid=5e9851&_nc_ht=scontent-cph2-1.cdninstagram.com&_nc_ohc=onLEED_VqakQ7kNvwH1DDod&efg=eyJ2ZW5jb2RlX3RhZyI6Inhwdl9wcm9ncmVzc2l2ZS5JTlNUQUdSQU0uQ0xJUFMuQzMuNzIwLmRhc2hfYmFzZWxpbmVfMV92MSIsInhwdl9hc3NldF9pZCI6MTA5MDAzMjgzMzM3MDUzOSwiYXNzZXRfYWdlX2RheXMiOjYyLCJ2aV91c2VjYXNlX2lkIjoxMDA5OSwiZHVyYXRpb25fcyI6MTAsInVybGdlbl9zb3VyY2UiOiJ3d3cifQ%3D%3D&ccb=17-1&vs=db1cd0b7146ffef3&_nc_vs=HBksFQIYUmlnX3hwdl9yZWVsc19wZXJtYW5lbnRfc3JfcHJvZC85QTQ3RDY5M0RENEE0ODFDRkUwQUY2Mzk4QUQ4Nzg4Q192aWRlb19kYXNoaW5pdC5tcDQVAALIARIAFQIYUWlnX3hwdl9wbGFjZW1lbnRfcGVybWFuZW50X3YyL0MwNERCQTQyMzBDODVBRjNDRjY2RDhDODU0RkFEMkIxX2F1ZGlvX2Rhc2hpbml0Lm1wNBUCAsgBEgAoABgAGwKIB3VzZV9vaWwBMRJwcm9ncmVzc2l2ZV9yZWNpcGUBMRUAACbW5py9odjvAxUCKAJDMywXQCRU_fO2RaIYEmRhc2hfYmFzZWxpbmVfMV92MREAdf4HZeadAQA&_nc_gid=Nzn7cZC85pGILGyQeVvQIg&_nc_ss=7a3ba&_nc_zt=28&oh=00_AQLuj-pc4qWC85tVUl_Xv3r2qGRvKFpKeF6jObtw_LmFrg&oe=6AB0532E,1784400225
lynacutiexo,120714,Princess of the universe🧚🏻‍♂️,DagJhCSMboe,Follow me💃🏼,5797,128,99046,https://scontent-vie1-1.cdninstagram.com/o1/v/t2/f2/m86/AQNoYxOzpFS0qJ7jERQGsy3jf-AiZPrgfAXHI11V7ojO2ojk4m8kTfYAby6ydVop2BnKoMRsT45eHh45ojCAsvHx5ALTbmkvlVj2kgc.mp4?_nc_cat=109&_nc_sid=5e9851&_nc_ht=scontent-vie1-1.cdninstagram.com&_nc_ohc=cH8aQyJl2FUQ7kNvwFG13aB&efg=eyJ2ZW5jb2RlX3RhZyI6Inhwdl9wcm9ncmVzc2l2ZS5JTlNUQUdSQU0uQ0xJUFMuQzMuNDgwLmRhc2hfYmFzZWxpbmVfMV92MSIsInhwdl9hc3NldF9pZCI6MTM4MTAzOTQ3MDcwMDE1OCwiYXNzZXRfYWdlX2RheXMiOjczLCJ2aV91c2VjYXNlX2lkIjoxMDA5OSwiZHVyYXRpb25fcyI6MTAsInVybGdlbl9zb3VyY2UiOiJ3d3cifQ%3D%3D&ccb=17-1&vs=6e584b47456a5e37&_nc_vs=HBksFQIYUmlnX3hwdl9yZWVsc19wZXJtYW5lbnRfc3JfcHJvZC9CNzQxRUQ5NkJCMkQ5QjVFRkM5QTdDQzgxNkVFMjE5NF92aWRlb19kYXNoaW5pdC5tcDQVAALIARIAFQIYUWlnX3hwdl9wbGFjZW1lbnRfcGVybWFuZW50X3YyLzU1NDdGODY5NEZDMDUzNzlEQjUyMUFGNkMzNjIzRDkyX2F1ZGlvX2Rhc2hpbml0Lm1wNBUCAsgBEgAoABgAGwKIB3VzZV9vaWwBMRJwcm9ncmVzc2l2ZV9yZWNpcGUBMRUAACb8mZPxiYP0BBUCKAJDMywXQCQAAAAAAAAYEmRhc2hfYmFzZWxpbmVfMV92MREAdf4HZeadAQA&_nc_gid=K_fVwZPOsYTCX9Na4XaJ7Q&_nc_ss=7a3ba&_nc_zt=28&oh=00_AQKzFCPjhNR8FKKUfDIr8KNPbiVVUPPeUPMLzEqWNprI_w&oe=6AB051AE,1783450296
lynacutiexo,120714,Princess of the universe🧚🏻‍♂️,Dadd7MHMym3,& wbu?💁🏼‍♀️,8636,203,115064,https://scontent-vie1-1.cdninstagram.com/o1/v/t2/f2/m86/AQO1s8R8daMVJ4d-z_n56IRB9JbgwNJWrFAtUcPqooadRHOauwA_I0GCZ2ReKFvbSnlbXCeIx-gEW-VesDSmpxAyH1PmH5RJxe6WQa0.mp4?_nc_cat=102&_nc_sid=5e9851&_nc_ht=scontent-vie1-1.cdninstagram.com&_nc_ohc=yoUK6WDv23kQ7kNvwEdQNe7&efg=eyJ2ZW5jb2RlX3RhZyI6Inhwdl9wcm9ncmVzc2l2ZS5JTlNUQUdSQU0uQ0xJUFMuQzMuNzIwLmRhc2hfYmFzZWxpbmVfMV92MSIsInhwdl9hc3NldF9pZCI6MTU0NTQ0Mjg2NzM2MTgwMCwiYXNzZXRfYWdlX2RheXMiOjc0LCJ2aV91c2VjYXNlX2lkIjoxMDA5OSwiZHVyYXRpb25fcyI6MTAsInVybGdlbl9zb3VyY2UiOiJ3d3cifQ%3D%3D&ccb=17-1&vs=7dd86bc753a81f5&_nc_vs=HBksFQIYUmlnX3hwdl9yZWVsc19wZXJtYW5lbnRfc3JfcHJvZC9BQzQwOTA0MTc2NDE5NEM1MTlFREI5QTIyMzQyRjk5Ql92aWRlb19kYXNoaW5pdC5tcDQVAALIARIAFQIYUWlnX3hwdl9wbGFjZW1lbnRfcGVybWFuZW50X3YyL0JDNDcxMUEwOUU2RjZBQzNBNEU2RTY1NTg5QjVDQzg4X2F1ZGlvX2Rhc2hpbml0Lm1wNBUCAsgBEgAoABgAGwKIB3VzZV9vaWwBMRJwcm9ncmVzc2l2ZV9yZWNpcGUBMRUAACaQ4InSzuS-BRUCKAJDMywXQCWZmZmZmZoYEmRhc2hfYmFzZWxpbmVfMV92MREAdf4HZeadAQA&_nc_gid=K_fVwZPOsYTCX9Na4XaJ7Q&_nc_ss=7a3ba&_nc_zt=28&oh=00_AQIdTAQ7S2qKpcw4-afa1Khth3J2LO8zBJp5fnF7Sfdw-A&oe=6AB06F4F,1783360275
lynacutiexo,120714,Princess of the universe🧚🏻‍♂️,DaYXJxrssqA,Priorities🥰,4463,106,152116,https://scontent-vie1-1.cdninstagram.com/o1/v/t2/f2/m86/AQM0M2h7SdIVCW8NZVpkAUzCEpS9pBoy-qrpR6pSUY0NCXtaY8d6oTX9QCmNK4vCuxGKM2BtVPGMPXYV9K7OwrrzOb6rSQCIf70IJRI.mp4?_nc_cat=105&_nc_sid=5e9851&_nc_ht=scontent-vie1-1.cdninstagram.com&_nc_ohc=g9J4gMvjvhUQ7kNvwFHoMF2&efg=eyJ2ZW5jb2RlX3RhZyI6Inhwdl9wcm9ncmVzc2l2ZS5JTlNUQUdSQU0uQ0xJUFMuQzMuNzIwLmRhc2hfYmFzZWxpbmVfMV92MSIsInhwdl9hc3NldF9pZCI6MTYxMjA5OTQ4NzI4ODAyMiwiYXNzZXRfYWdlX2RheXMiOjc2LCJ2aV91c2VjYXNlX2lkIjoxMDA5OSwiZHVyYXRpb25fcyI6NywidXJsZ2VuX3NvdXJjZSI6Ind3dyJ9&ccb=17-1&vs=c03481be71d7ad17&_nc_vs=HBksFQIYUmlnX3hwdl9yZWVsc19wZXJtYW5lbnRfc3JfcHJvZC9DRDREQkZBMEU4OTJFNEVFNDI1NzM4OTFGM0NGOTZCQl92aWRlb19kYXNoaW5pdC5tcDQVAALIARIAFQIYUWlnX3hwdl9wbGFjZW1lbnRfcGVybWFuZW50X3YyL0YwNEE1QUNEODJBOTdDNEI4OENCODBEM0E1MTA2NkIxX2F1ZGlvX2Rhc2hpbml0Lm1wNBUCAsgBEgAoABgAGwKIB3VzZV9vaWwBMRJwcm9ncmVzc2l2ZV9yZWNpcGUBMRUAACasq8KUxYzdBRUCKAJDMywXQB4AAAAAAAAYEmRhc2hfYmFzZWxpbmVfMV92MREAdf4HZeadAQA&_nc_gid=K_fVwZPOsYTCX9Na4XaJ7Q&_nc_ss=7a3ba&_nc_zt=28&oh=00_AQI0HxXCXl9LzIBUp1XTsuw03sDDk2CotlvKRTN6DAtWtQ&oe=6AB05C6E,1783188986
lynacutiexo,120714,Princess of the universe🧚🏻‍♂️,DaVoj5zMeep,Two girls one coconut,5838,142,135268,https://scontent-vie1-1.cdninstagram.com/o1/v/t2/f2/m86/AQMp1LiWr5CYd5OvPH9wp43oCJCvfKh-bcXrkKwA74vYJA1izRuZbxrpzyYRP4qgPdAe3h8ra7DE-G5kfgg06hkDsV82nJAZK_cs5dc.mp4?_nc_cat=106&_nc_sid=5e9851&_nc_ht=scontent-vie1-1.cdninstagram.com&_nc_ohc=yJB2G5VYrDAQ7kNvwEMwBwo&efg=eyJ2ZW5jb2RlX3RhZyI6Inhwdl9wcm9ncmVzc2l2ZS5JTlNUQUdSQU0uQ0xJUFMuQzMuNzIwLmRhc2hfYmFzZWxpbmVfMV92MSIsInhwdl9hc3NldF9pZCI6MzMyMTk1ODAzODAwNzU5MCwiYXNzZXRfYWdlX2RheXMiOjc3LCJ2aV91c2VjYXNlX2lkIjoxMDA5OSwiZHVyYXRpb25fcyI6NywidXJsZ2VuX3NvdXJjZSI6Ind3dyJ9&ccb=17-1&vs=80e760c53fbcb55&_nc_vs=HBksFQIYUmlnX3hwdl9yZWVsc19wZXJtYW5lbnRfc3JfcHJvZC9DQzQ4RjUxQzgxRjQyQjUwRjk3QUJDRkUxNDhDNjA4Nl92aWRlb19kYXNoaW5pdC5tcDQVAALIARIAFQIYUWlnX3hwdl9wbGFjZW1lbnRfcGVybWFuZW50X3YyLzgwNDJGRTEzMTA2RjE5ODk3MTlEOUNBNTkxQkI5Rjg3X2F1ZGlvX2Rhc2hpbml0Lm1wNBUCAsgBEgAoABgAGwKIB3VzZV9vaWwBMRJwcm9ncmVzc2l2ZV9yZWNpcGUBMRUAACbMvIONtNPmCxUCKAJDMywXQBxDlYEGJN0YEmRhc2hfYmFzZWxpbmVfMV92MREAdf4HZeadAQA&_nc_gid=K_fVwZPOsYTCX9Na4XaJ7Q&_nc_ss=7a3ba&_nc_zt=28&oh=00_AQKyW2ToZ7Uv17Cv95Cg_JsNBr1umH752BaUNeZgGk4NUg&oe=6AB06327,1783097495
lynacutiexo,120714,Princess of the universe🧚🏻‍♂️,DaTNlZ_suIq,I don’t think she approves🤷🏼‍♀️,3943,100,100703,https://scontent-vie1-1.cdninstagram.com/o1/v/t2/f2/m86/AQPOXZ7LrbMmKCrSCmJXCmXgTdgzHQy0eLiefubHSdUbgeToyx3O8fnG972ieazPgwK4gOROWnI871R2La-o8ZbmpESkYh6we764quI.mp4?_nc_cat=111&_nc_sid=5e9851&_nc_ht=scontent-vie1-1.cdninstagram.com&_nc_ohc=d55V8Csk59sQ7kNvwGD1jFR&efg=eyJ2ZW5jb2RlX3RhZyI6Inhwdl9wcm9ncmVzc2l2ZS5JTlNUQUdSQU0uQ0xJUFMuQzMuNzIwLmRhc2hfYmFzZWxpbmVfMV92MSIsInhwdl9hc3NldF9pZCI6NDM4Nzk3ODQ3ODEyNTI4OCwiYXNzZXRfYWdlX2RheXMiOjc4LCJ2aV91c2VjYXNlX2lkIjoxMDA5OSwiZHVyYXRpb25fcyI6NSwidXJsZ2VuX3NvdXJjZSI6Ind3dyJ9&ccb=17-1&vs=aa0c221fd8acb5dc&_nc_vs=HBksFQIYUmlnX3hwdl9yZWVsc19wZXJtYW5lbnRfc3JfcHJvZC84MDQ5NDE5M0JDMjZEQ0U2M0Q2MzZCRkM1MTQwMTE4Ql92aWRlb19kYXNoaW5pdC5tcDQVAALIARIAFQIYUWlnX3hwdl9wbGFjZW1lbnRfcGVybWFuZW50X3YyL0JBNDU4OTk2NzYxRjY0NTJBOTI2OUUyODA3MTAyRTlCX2F1ZGlvX2Rhc2hpbml0Lm1wNBUCAsgBEgAoABgAGwKIB3VzZV9vaWwBMRJwcm9ncmVzc2l2ZV9yZWNpcGUBMRUAACbQg8Sn-7XLDxUCKAJDMywXQBZmZmZmZmYYEmRhc2hfYmFzZWxpbmVfMV92MREAdf4HZeadAQA&_nc_gid=K_fVwZPOsYTCX9Na4XaJ7Q&_nc_ss=7a3ba&_nc_zt=28&oh=00_AQLj_xkt-cDVIYNkMH_AwHnHR0YdUxIsb7seDTajplheTw&oe=6AB067F4,1783016197
lynacutiexo,120714,Princess of the universe🧚🏻‍♂️,DaQu5qDP0pl,Doll but I still want to party💞,8825,233,116108,https://scontent-vie1-1.cdninstagram.com/o1/v/t2/f2/m86/AQOunlUzmwONVSWCSLXSitvrJI9OfCkx8uIhy9XmuLXCcnWhp6SG2Yjbi0WBBQLTh_3o-hUrREDtWwgXZQOK6dXbNFyaRELQuz6Jx9E.mp4?_nc_cat=101&_nc_sid=5e9851&_nc_ht=scontent-vie1-1.cdninstagram.com&_nc_ohc=2HwM_M2oSXUQ7kNvwHXrxb5&efg=eyJ2ZW5jb2RlX3RhZyI6Inhwdl9wcm9ncmVzc2l2ZS5JTlNUQUdSQU0uQ0xJUFMuQzMuNzIwLmRhc2hfYmFzZWxpbmVfMV92MSIsInhwdl9hc3NldF9pZCI6OTY1MzIxMDczMTU1ODE3LCJhc3NldF9hZ2VfZGF5cyI6NzksInZpX3VzZWNhc2VfaWQiOjEwMDk5LCJkdXJhdGlvbl9zIjo2LCJ1cmxnZW5fc291cmNlIjoid3d3In0%3D&ccb=17-1&vs=6c306e022f5229a3&_nc_vs=HBksFQIYUmlnX3hwdl9yZWVsc19wZXJtYW5lbnRfc3JfcHJvZC9DOTRGNjUwMjBEMDBEOUVBNEFGNTRCNDdFMkZCRkRCRF92aWRlb19kYXNoaW5pdC5tcDQVAALIARIAFQIYUWlnX3hwdl9wbGFjZW1lbnRfcGVybWFuZW50X3YyLzg4NEVFOTM3NjY3MjZGREE1NEU0OTE0OEM4NDZBRkJDX2F1ZGlvX2Rhc2hpbml0Lm1wNBUCAsgBEgAoABgAGwKIB3VzZV9vaWwBMRJwcm9ncmVzc2l2ZV9yZWNpcGUBMRUAACbS-8a6iv22AxUCKAJDMywXQBpmZmZmZmYYEmRhc2hfYmFzZWxpbmVfMV92MREAdf4HZeadAQA&_nc_gid=K_fVwZPOsYTCX9Na4XaJ7Q&_nc_ss=7a3ba&_nc_zt=28&oh=00_AQKFDWr7JW6vXhwGhgVvwHfr3OrH9m3h8RTytAjg-2qAQg&oe=6AB04B2A,1782932963
graygraygo,521240,i’m proof girls can be funny,DaUFElDB2zc,y’all have no idea how scared I was lmao.. ain’t trusting anyone ever again 😭,1180,37,359347,https://scontent-cph2-1.cdninstagram.com/o1/v/t2/f2/m86/AQPPelFYbQjj5nG1c_gtjwAs6IgkewU9E9rlFgIZh8H78HK1BkQrl_bUCVRoaemsiccyw1-5H53_TpnfAsM2F97Gx31na646mjtf4Iw.mp4?_nc_cat=107&_nc_sid=5e9851&_nc_ht=scontent-cph2-1.cdninstagram.com&_nc_ohc=IvcVPCg3JagQ7kNvwE1yWGH&efg=eyJ2ZW5jb2RlX3RhZyI6Inhwdl9wcm9ncmVzc2l2ZS5JTlNUQUdSQU0uQ0xJUFMuQzMuNzIwLmRhc2hfYmFzZWxpbmVfMV92MSIsInhwdl9hc3NldF9pZCI6OTAwODQ4OTE5NzIwMTQzLCJhc3NldF9hZ2VfZGF5cyI6NzgsInZpX3VzZWNhc2VfaWQiOjEwMDk5LCJkdXJhdGlvbl9zIjo5LCJ1cmxnZW5fc291cmNlIjoid3d3In0%3D&ccb=17-1&vs=5a2203d911033f3c&_nc_vs=HBksFQIYUmlnX3hwdl9yZWVsc19wZXJtYW5lbnRfc3JfcHJvZC8wMzRENDEwRUM0MUFDRjEyNDFGMjdBNzE0ODkxMkRCM192aWRlb19kYXNoaW5pdC5tcDQVAALIARIAFQIYUWlnX3hwdl9wbGFjZW1lbnRfcGVybWFuZW50X3YyLzUyNDc4OEVGQTFDNEVBMjk1ODk0QzJDNjkyRDEwQjg3X2F1ZGlvX2Rhc2hpbml0Lm1wNBUCAsgBEgAoABgAGwKIB3VzZV9vaWwBMRJwcm9ncmVzc2l2ZV9yZWNpcGUBMRUAACaew9m9p9SZAxUCKAJDMywXQCIAAAAAAAAYEmRhc2hfYmFzZWxpbmVfMV92MREAdf4HZeadAQA&_nc_gid=rKEUt4msaSn9a5gxLpiiBg&_nc_ss=7a3ba&_nc_zt=28&oh=00_AQLKg88BPQ-DAHJvyYQvrWd3aKcUTY8SshspHKPoZH8wzg&oe=6AB050E4,1783045358
leahbritton,198323,"❥ 𝘎𝘰𝘭𝘥 𝘊𝘰𝘢𝘴𝘵, 𝘈𝘶𝘴𝘵𝘳𝘢𝘭𝘪𝘢
❥ 🔗in highlights 🌶️",DRjXtbBE81L,When he asks for your number but you’re “one of those” and you hit him with the…,15302,238,3597410,https://scontent-cph2-1.cdninstagram.com/o1/v/t2/f2/m367/AQPAKB1eJLsZXqSirJD4yObf3HpSRTY85G8VYL_7TgwpDg0UpFUjiHI2eSBnXzSJqy1x9WDf_gOKAM1OMppbXRmopjuWzZctoy0x860.mp4?_nc_cat=102&_nc_sid=5e9851&_nc_ht=scontent-cph2-1.cdninstagram.com&_nc_ohc=UzUoCCen_lIQ7kNvwGOgIt9&efg=eyJ2ZW5jb2RlX3RhZyI6Inhwdl9wcm9ncmVzc2l2ZS5JTlNUQUdSQU0uQ0xJUFMuQzMuNzIwLmRhc2hfYmFzZWxpbmVfMV92MSIsInhwdl9hc3NldF9pZCI6MzI1MzQ3MTQyNDgzMDY5MiwiYXNzZXRfYWdlX2RheXMiOjI5NiwidmlfdXNlY2FzZV9pZCI6MTAwOTksImR1cmF0aW9uX3MiOjE1LCJ1cmxnZW5fc291cmNlIjoid3d3In0%3D&ccb=17-1&vs=c58abb4c0e524ccb&_nc_vs=HBksFQIYQGlnX2VwaGVtZXJhbC9BQjQwNzYzQjkxNTkzRDNEREZGNUI1OUFCNjY0RDI4MV92aWRlb19kYXNoaW5pdC5tcDQVAALIARIAFQIYR2lnX3hwdl9yZWVsc19wZXJtYW5lbnRfc3JfcHJvZC8xNTY3MzUyMTM0MjY1NDQ4XzU4MjcyOTM5NzA1NzI3NTQwMjkubXA0FQICyAESACgAGAAbAogHdXNlX29pbAExEnByb2dyZXNzaXZlX3JlY2lwZQExFQAAJsjzgon7wMcLFQIoAkMzLBdAL2ZmZmZmZhgSZGFzaF9iYXNlbGluZV8xX3YxEQB1_gdl5p0BAA&_nc_gid=OKG0islrebTs3tI5mMP-Mg&_nc_ss=7a3ba&_nc_zt=28&oh=00_AQL1ee9LaOy5JYPxcb7G1GTBJ1WkPYCD3Q9Sqxnkx-ADKA&oe=6AB45B3F,1764230992
leahbritton,198323,"❥ 𝘎𝘰𝘭𝘥 𝘊𝘰𝘢𝘴𝘵, 𝘈𝘶𝘴𝘵𝘳𝘢𝘭𝘪𝘢
❥ 🔗in highlights 🌶️",Ddd5JNty5DJ,"A little reminder that life can still feel exciting, beautiful and full of magic. 🥹🪂🤍

12,000ft closer to finding myself again.",83,6,1918,https://scontent-cph2-1.cdninstagram.com/o1/v/t2/f2/m86/AQMs70uReQPTifgj0ZDOM3i647WhU7Zv8JYg7-aJ8IbLAxofq8Kamv7SYNZqZl1jZ9ssiAv9Vd95E6pVkwqU35pV5gp9J4UwaUkSE4U.mp4?_nc_cat=106&_nc_sid=5e9851&_nc_ht=scontent-cph2-1.cdninstagram.com&_nc_ohc=P9c4JW7sLEwQ7kNvwFt_nrk&efg=eyJ2ZW5jb2RlX3RhZyI6Inhwdl9wcm9ncmVzc2l2ZS5JTlNUQUdSQU0uQ0xJUFMuQzMuNzIwLmRhc2hfYmFzZWxpbmVfMV92MSIsInhwdl9hc3NldF9pZCI6MjE1Njc1OTc2NTE5MTgzOCwiYXNzZXRfYWdlX2RheXMiOjAsInZpX3VzZWNhc2VfaWQiOjEwMDk5LCJkdXJhdGlvbl9zIjo4MywidXJsZ2VuX3NvdXJjZSI6Ind3dyJ9&ccb=17-1&vs=709b02af2eadc682&_nc_vs=HBkcFQIYUmlnX3hwdl9yZWVsc19wZXJtYW5lbnRfc3JfcHJvZC9COTQxNTEzNzgwRTUzMEJDN0JEQUUxNjkxNUM0NzU4NV92aWRlb19kYXNoaW5pdC5tcDQVAALIARIAKAAYABsCiAd1c2Vfb2lsATEScHJvZ3Jlc3NpdmVfcmVjaXBlATEVAAAmvLLcuvjj1AcVAigCQzMsF0BU-7ZFocrBGBJkYXNoX2Jhc2VsaW5lXzFfdjERAHX-B2XmnQEA&_nc_gid=OKG0islrebTs3tI5mMP-Mg&_nc_ss=7a3ba&_nc_zt=28&oh=00_AQL8cxDxhxWwRrecdd1u_blANd4j8W6FyOhHt1BrCYvcwg&oe=6AB04E3B,1789817057
leahbritton,198323,"❥ 𝘎𝘰𝘭𝘥 𝘊𝘰𝘢𝘴𝘵, 𝘈𝘶𝘴𝘵𝘳𝘢𝘭𝘪𝘢
❥ 🔗in highlights 🌶️",DdbKzZvypeX,"Here’s to the people who helped me swim when I thought I was drowning. 🥺❤️‍🩹

The ones who answered the phone, got me out of the house, sat with me when I didn’t want to be alone, made me laugh when I didn’t think I could, and reminded me who I was when I’d completely lost sight of her.

I’m finally starting to feel like myself again. Not all the way there, but enough to recognise the girl looking back at me. 🥹

I don’t think you realise how much the people around you can carry you through the moments when you don’t have the strength to carry yourself.

To every single friend who showed up for me during this chapter thank you. For loving me exactly as I am, never making me feel like I was too much, and helping me find my way back to myself.

Turns out I could swim all along. I just needed people around me who weren’t trying to hold me underwater. ❤️‍🩹

I love you guys. More than you know. 🥺🤍",175,16,5595,https://scontent-cph2-1.cdninstagram.com/o1/v/t2/f2/m86/AQNi4gkBK3fUfT9xs6jTeHA6-9baBLfgB86g83XRiGIylsnLriINy9LrMmeNgY8tlBI3DPNiye16B_IqTiNFB1c4gGOxJPWFMrYWRLY.mp4?_nc_cat=100&_nc_sid=5e9851&_nc_ht=scontent-cph2-1.cdninstagram.com&_nc_ohc=uvMwK8sfwEAQ7kNvwGk6EFb&efg=eyJ2ZW5jb2RlX3RhZyI6Inhwdl9wcm9ncmVzc2l2ZS5JTlNUQUdSQU0uQ0xJUFMuQzMuNzIwLmRhc2hfYmFzZWxpbmVfMV92MSIsInhwdl9hc3NldF9pZCI6MjMxNDQ0NDMwOTI5MDkzNywiYXNzZXRfYWdlX2RheXMiOjEsInZpX3VzZWNhc2VfaWQiOjEwMDk5LCJkdXJhdGlvbl9zIjo2NywidXJsZ2VuX3NvdXJjZSI6Ind3dyJ9&ccb=17-1&vs=b51917d2ddb6ce35&_nc_vs=HBksFQIYUmlnX3hwdl9yZWVsc19wZXJtYW5lbnRfc3JfcHJvZC81NjQyRTI0ODU0MDFBNzI4RTNFODBGQzhGOUJBRkQ5RV92aWRlb19kYXNoaW5pdC5tcDQVAALIARIAFQIYUWlnX3hwdl9wbGFjZW1lbnRfcGVybWFuZW50X3YyLzAyNEI5M0E5OTg4RTIzNzBERDIzQ0Q1MTBFQ0EyRDhGX2F1ZGlvX2Rhc2hpbml0Lm1wNBUCAsgBEgAoABgAGwKIB3VzZV9vaWwBMRJwcm9ncmVzc2l2ZV9yZWNpcGUBMRUAACby_sLusb6cCBUCKAJDMywXQFDAAAAAAAAYEmRhc2hfYmFzZWxpbmVfMV92MREAdf4HZeadAQA&_nc_gid=OKG0islrebTs3tI5mMP-Mg&_nc_ss=7a3ba&_nc_zt=28&oh=00_AQIfrnXRmKmxQQOjOP6MqHemgIR0Duvn7qyufh9odTAi1Q&oe=6AB072AD,1789725624
leahbritton,198323,"❥ 𝘎𝘰𝘭𝘥 𝘊𝘰𝘢𝘴𝘵, 𝘈𝘶𝘴𝘵𝘳𝘢𝘭𝘪𝘢
❥ 🔗in highlights 🌶️",Dda-RFdSLCm,"Redirecting the energy. 💗

Today started with a panic attack.

Police came to my property to collect the remainder of his belongings, and my entire nervous system went straight into fight or flight. I locked myself in my bedroom because I couldn’t be near him. I couldn’t see him.

Hearing his laughter and joking from the other rooms while I was sitting behind that door made me physically sick to my stomach. It’s strange how quickly your body can react to a person or a sound after everything it has learned to associate with them. I felt terrified in my own home, even though I knew I was safe.

I’ve spent so long living in survival mode that my body has started associating adrenaline with fear, panic and danger.

So a few hours later… I jumped out of a fucking plane at 12,000ft. 😂🪂

Same racing heart. Same shaking hands. Same adrenaline flooding my body.

Except this time, I chose it.

I’m learning to redirect the energy I’ve been pouring into a trauma bond back into myself. Learning how to regulate my nervous system, work through the panic attacks and teach my body that adrenaline doesn’t always mean danger.

Sometimes it means excitement. Freedom. Courage. Being alive.

Healing isn’t just about removing someone from your life. For me, it’s about teaching my mind and body that I don’t have to live in survival mode anymore.

This morning I was locked in my bedroom, overwhelmed by fear.

This afternoon I willingly stepped out of a plane at 12,000ft.

And fuck, I’m proud of that. 🥹💗

I refuse to keep giving all my energy to what hurt me. I’m putting it back into me.

One trigger, one experience, one day at a time. 🪂💕",273,24,12987,https://scontent-cph2-1.cdninstagram.com/o1/v/t2/f2/m86/AQNN_aqt4UpZafTD5wuO4M0a5ImuWLSAHcy7ypzzk__6LH-yG_A2XDIWSJGzM1bTbAuf5sflnLi3KNyuiiEu7tsLMLglLPKRyCdc-6s.mp4?_nc_cat=105&_nc_sid=5e9851&_nc_ht=scontent-cph2-1.cdninstagram.com&_nc_ohc=artuRaeEWTUQ7kNvwHVLrej&efg=eyJ2ZW5jb2RlX3RhZyI6Inhwdl9wcm9ncmVzc2l2ZS5JTlNUQUdSQU0uQ0xJUFMuQzMuNzIwLmRhc2hfYmFzZWxpbmVfMV92MSIsInhwdl9hc3NldF9pZCI6MjIzMzA0NDU3MDg4OTY0MSwiYXNzZXRfYWdlX2RheXMiOjEsInZpX3VzZWNhc2VfaWQiOjEwMDk5LCJkdXJhdGlvbl9zIjoxNDUsInVybGdlbl9zb3VyY2UiOiJ3d3cifQ%3D%3D&ccb=17-1&vs=ebf80166152c51b4&_nc_vs=HBksFQIYUmlnX3hwdl9yZWVsc19wZXJtYW5lbnRfc3JfcHJvZC85RjRBQkUyOTkyMjQyMzE2MTg4MEFBMTVGMEM5OEQ5N192aWRlb19kYXNoaW5pdC5tcDQVAALIARIAFQIYUWlnX3hwdl9wbGFjZW1lbnRfcGVybWFuZW50X3YyLzA0NEMxRUI0ODNEQjAzOUM1OTU5ODdBMTIwN0NFMkI5X2F1ZGlvX2Rhc2hpbml0Lm1wNBUCAsgBEgAoABgAGwKIB3VzZV9vaWwBMRJwcm9ncmVzc2l2ZV9yZWNpcGUBMRUAACbS9tLGprz3BxUCKAJDMywXQGIiHKwIMScYEmRhc2hfYmFzZWxpbmVfMV92MREAdf4HZeadAQA&_nc_gid=OKG0islrebTs3tI5mMP-Mg&_nc_ss=7a3ba&_nc_zt=28&oh=00_AQK-WQpzBiX0eWqGSzfzifdQVjxEfzLJHxlKU0_lBj32Mw&oe=6AB04B12,1789719026
leahbritton,198323,"❥ 𝘎𝘰𝘭𝘥 𝘊𝘰𝘢𝘴𝘵, 𝘈𝘶𝘴𝘵𝘳𝘢𝘭𝘪𝘢
❥ 🔗in highlights 🌶️",Dcve3VfTAj_,"I said I wouldn’t speak about this publicly, but I’ve realised I don’t want to heal in silence after struggling in silence for so long.

This isn’t about revenge, ruining anyone’s reputation or asking people to choose a side. I’m sharing my experience and how this relationship affected me.

I’m not perfect. I’ve said things, reacted in ways and made choices I’m not proud of. I take accountability for that. But taking accountability doesn’t mean carrying all the blame.

I lost my confidence, experienced financial and emotional stress, and felt like my nervous system was constantly in survival mode. I barely recognised myself anymore.

The hardest part to understand is why I kept going back. I felt like the same person connected to so much of my pain was also the only person who could make it stop. I’m only now understanding how deeply I was caught in that cycle.

For so long, protecting his reputation became more important than protecting myself.

I won’t speak for anyone else or tell stories that aren’t mine to tell. I can only speak about what I experienced.

I know the next few weeks will be hard. I’ll probably miss him. I’ll probably question myself. There may be moments where everything in me wants to go back to what feels familiar.

That’s exactly why I need to remember why I left.

He has his perspective, and I have mine. This is mine.

I spent long enough suffering in silence.

I refuse to believe I have to heal in silence too.

This time, I’m choosing myself.",832,380,105920,https://scontent-cph2-1.cdninstagram.com/o1/v/t2/f2/m86/AQPnxDW-9kwgjktKAWNZmJJupZTIHQr1W2Mw5Y35zFO6wU_l0Q1vIEA3e3Xv2YWxJr-3i6OcqFkzeKPuiWQX6TvLrUb3gBPNhn1pXp4.mp4?_nc_cat=111&_nc_sid=5e9851&_nc_ht=scontent-cph2-1.cdninstagram.com&_nc_ohc=K455h2o06aYQ7kNvwFTCDMH&efg=eyJ2ZW5jb2RlX3RhZyI6Inhwdl9wcm9ncmVzc2l2ZS5JTlNUQUdSQU0uQ0xJUFMuQzMuNzIwLmRhc2hfYmFzZWxpbmVfMV92MSIsInhwdl9hc3NldF9pZCI6MTA2NzI0ODc2NTc4OTc3OSwiYXNzZXRfYWdlX2RheXMiOjE4LCJ2aV91c2VjYXNlX2lkIjoxMDA5OSwiZHVyYXRpb25fcyI6MjcsInVybGdlbl9zb3VyY2UiOiJ3d3cifQ%3D%3D&ccb=17-1&vs=45925f3750cfc96f&_nc_vs=HBksFQIYUmlnX3hwdl9yZWVsc19wZXJtYW5lbnRfc3JfcHJvZC9DNTQxRjZEQzlGQUVBMEEwOTlEQzM5OTRFQkFEN0Q5MF92aWRlb19kYXNoaW5pdC5tcDQVAALIARIAFQIYUWlnX3hwdl9wbGFjZW1lbnRfcGVybWFuZW50X3YyLzcwNERDNUI1OTIzRjU4NEMzQTQzQTgxNEEyREE4MkJFX2F1ZGlvX2Rhc2hpbml0Lm1wNBUCAsgBEgAoABgAGwKIB3VzZV9vaWwBMRJwcm9ncmVzc2l2ZV9yZWNpcGUBMRUAACammZP5hqrlAxUCKAJDMywXQDs7peNT988YEmRhc2hfYmFzZWxpbmVfMV92MREAdf4HZeadAQA&_nc_gid=OKG0islrebTs3tI5mMP-Mg&_nc_ss=7a3ba&_nc_zt=28&oh=00_AQIOJv_IYn_nFWBJSu4_o9h7_EZbgezqWb0gNpyygrdwbA&oe=6AB04F40,1788259730
leahbritton,198323,"❥ 𝘎𝘰𝘭𝘥 𝘊𝘰𝘢𝘴𝘵, 𝘈𝘶𝘴𝘵𝘳𝘢𝘭𝘪𝘢
❥ 🔗in highlights 🌶️",Dc5nHkdyPs-,"I was scared. But slowly day by day I’ll find myself again. His voice became my inner dialogue. Day by day, minute by minute, I’m learning to make my own voice louder again. I know I’ll heal, but for now… baby steps. 🤍",431,62,26085,https://scontent-cph2-1.cdninstagram.com/o1/v/t2/f2/m86/AQO6tBCb1n9fYPe8-NfO2p42MGqKIow-zLWpUvQKW_IQAbhWGuq26PtKqYO0SFP8P1brDziTaahvdfRCq8yDOEUIrz2FYWqtXBlkQk8.mp4?_nc_cat=110&_nc_sid=5e9851&_nc_ht=scontent-cph2-1.cdninstagram.com&_nc_ohc=GoL1L47iYG4Q7kNvwGAbImI&efg=eyJ2ZW5jb2RlX3RhZyI6Inhwdl9wcm9ncmVzc2l2ZS5JTlNUQUdSQU0uQ0xJUFMuQzMuNzIwLmRhc2hfYmFzZWxpbmVfMV92MSIsInhwdl9hc3NldF9pZCI6NDA5NjY1NTIzNzEzMTA4MiwiYXNzZXRfYWdlX2RheXMiOjE0LCJ2aV91c2VjYXNlX2lkIjoxMDA5OSwiZHVyYXRpb25fcyI6MjMsInVybGdlbl9zb3VyY2UiOiJ3d3cifQ%3D%3D&ccb=17-1&vs=271a2b0d87fe07f3&_nc_vs=HBksFQIYUmlnX3hwdl9yZWVsc19wZXJtYW5lbnRfc3JfcHJvZC9BMDQ4OURBQjIyMzlERTNEOEQ4MDJENzc1MEI0N0ZCNF92aWRlb19kYXNoaW5pdC5tcDQVAALIARIAFQIYUWlnX3hwdl9wbGFjZW1lbnRfcGVybWFuZW50X3YyLzUwNEFBNjJFRTQ1ODk2Rjg0NzVDRkMwNjg2NUE5QTg1X2F1ZGlvX2Rhc2hpbml0Lm1wNBUCAsgBEgAoABgAGwKIB3VzZV9vaWwBMRJwcm9ncmVzc2l2ZV9yZWNpcGUBMRUAACaUremC3PjGDhUCKAJDMywXQDdEGJN0vGoYEmRhc2hfYmFzZWxpbmVfMV92MREAdf4HZeadAQA&_nc_gid=OKG0islrebTs3tI5mMP-Mg&_nc_ss=7a3ba&_nc_zt=28&oh=00_AQLbOxpm4RdwhOhbSOIIsEXusoGK894Shth-FC_ou4aDfw&oe=6AB061F3,1788599613
leahbritton,198323,"❥ 𝘎𝘰𝘭𝘥 𝘊𝘰𝘢𝘴𝘵, 𝘈𝘶𝘴𝘵𝘳𝘢𝘭𝘪𝘢
❥ 🔗in highlights 🌶️",DdWDtZjSUuX,Something to take the edge off?,852,54,18559,https://scontent-cph2-1.cdninstagram.com/o1/v/t2/f2/m86/AQOtNYEo6XXpiJiilfdEwa5RzdAZM2zc6F3TriAxU6wlwjpb9uOPgjgVWJPNnKCc-6KqU8N6AlnSJPalRZoqepzHkYMHpVYw09B1t5E.mp4?_nc_cat=102&_nc_sid=5e9851&_nc_ht=scontent-cph2-1.cdninstagram.com&_nc_ohc=q4szR0nvv7cQ7kNvwHl6RKs&efg=eyJ2ZW5jb2RlX3RhZyI6Inhwdl9wcm9ncmVzc2l2ZS5JTlNUQUdSQU0uQ0xJUFMuQzMuNzIwLmRhc2hfYmFzZWxpbmVfMV92MSIsInhwdl9hc3NldF9pZCI6MTU1MDA2Mzg1NjQzMzE3MywiYXNzZXRfYWdlX2RheXMiOjMsInZpX3VzZWNhc2VfaWQiOjEwMDk5LCJkdXJhdGlvbl9zIjoxMCwidXJsZ2VuX3NvdXJjZSI6Ind3dyJ9&ccb=17-1&vs=5da001386a38d964&_nc_vs=HBksFQIYUmlnX3hwdl9yZWVsc19wZXJtYW5lbnRfc3JfcHJvZC8wMjRBMUM1OENFNDZGNTAwRkQ1QzM4RDJGRTlCNUJBRF92aWRlb19kYXNoaW5pdC5tcDQVAALIARIAFQIYUWlnX3hwdl9wbGFjZW1lbnRfcGVybWFuZW50X3YyLzVGNDU0OUY4QTZGOTM2Q0IzQUYxNTRGNTVBOTA1MUJCX2F1ZGlvX2Rhc2hpbml0Lm1wNBUCAsgBEgAoABgAGwKIB3VzZV9vaWwBMRJwcm9ncmVzc2l2ZV9yZWNpcGUBMRUAACaq4NXYy_HABRUCKAJDMywXQCUAAAAAAAAYEmRhc2hfYmFzZWxpbmVfMV92MREAdf4HZeadAQA&_nc_gid=OKG0islrebTs3tI5mMP-Mg&_nc_ss=7a3ba&_nc_zt=28&oh=00_AQLdtaxvvOpH5lPVs580FjVoWVPU0WrMqSStMYjOkdAnDQ&oe=6AB06FFF,1789554155
killer_katrin,2720497,My other socials in highlights 👇🏼😋,DavSYDVB-Fs,"What’s your favorite game? 😋 
@killer_katrin 
.
.
.
#gamergirl",63088,1153,974215,https://scontent-bru2-1.cdninstagram.com/o1/v/t2/f2/m86/AQNetB16VEICILPQLaUr7Vq8apTxGN2VZTXOy4loNAD0Vi0qrIlQ7Fimo3cGgbDbB5mg0fYQ7gV2xary9BezAqLRh5i6DgO-yq4b5FY.mp4?_nc_cat=107&_nc_sid=5e9851&_nc_ht=scontent-bru2-1.cdninstagram.com&_nc_ohc=5p7VUDHsnokQ7kNvwGBZIbq&efg=eyJ2ZW5jb2RlX3RhZyI6Inhwdl9wcm9ncmVzc2l2ZS5JTlNUQUdSQU0uQ0xJUFMuQzMuNzIwLmRhc2hfYmFzZWxpbmVfMV92MSIsInhwdl9hc3NldF9pZCI6MTAxMjIyMDA3NDczMDQxMCwiYXNzZXRfYWdlX2RheXMiOjY3LCJ2aV91c2VjYXNlX2lkIjoxMDgyNywiZHVyYXRpb25fcyI6MTMsInVybGdlbl9zb3VyY2UiOiJ3d3cifQ%3D%3D&ccb=17-1&vs=55790b8c1b2351d6&_nc_vs=HBksFQIYUmlnX3hwdl9yZWVsc19wZXJtYW5lbnRfc3JfcHJvZC9GQzRCMTYxMThCREE1MTNFRkI3N0REMEFCOTZEN0FCOF92aWRlb19kYXNoaW5pdC5tcDQVAALIARIAFQIYUWlnX3hwdl9wbGFjZW1lbnRfcGVybWFuZW50X3YyL0EyNDgxMUUwNjdFQ0JCRjFFODE4NUUzRjNDNzExREEzX2F1ZGlvX2Rhc2hpbml0Lm1wNBUCAsgBEgAoABgAGwKIB3VzZV9vaWwBMRJwcm9ncmVzc2l2ZV9yZWNpcGUBMRUAACbUjumf-6bMAxUCKAJDMywXQCqZmZmZmZoYEmRhc2hfYmFzZWxpbmVfMV92MREAdf4HZZapAQA&_nc_gid=gjHre18WXU-AS4u7K2gMnA&_nc_ss=7a3ba&_nc_zt=28&oh=00_AQK0d912l2gShfX8TOn8gMonS3OXHKkLYY2uem8PqqczCA&oe=6AB051E8,1783958413
killer_katrin,2720497,My other socials in highlights 👇🏼😋,DZVhWzhhs0c,@killer_katrin 🍎,3,166,300994,https://scontent-bru2-1.cdninstagram.com/o1/v/t2/f2/m86/AQM0-VKITeeQzRkTDv0UsQpM4l-ZFZlmrozio8LDEcCC-vp6eFP7Tcwvyy8EYaW4f5XavCUXNILyfvvNEUlPVC5tqb3c_h_AR7d7gRU.mp4?_nc_cat=103&_nc_sid=5e9851&_nc_ht=scontent-bru2-1.cdninstagram.com&_nc_ohc=kT2SNZqPlV0Q7kNvwEaHEt1&efg=eyJ2ZW5jb2RlX3RhZyI6Inhwdl9wcm9ncmVzc2l2ZS5JTlNUQUdSQU0uQ0xJUFMuQzMuNzIwLmRhc2hfYmFzZWxpbmVfMV92MSIsInhwdl9hc3NldF9pZCI6MTAzOTQwMTgzNTA4NDE3OSwiYXNzZXRfYWdlX2RheXMiOjEwMiwidmlfdXNlY2FzZV9pZCI6MTA4MjcsImR1cmF0aW9uX3MiOjYsInVybGdlbl9zb3VyY2UiOiJ3d3cifQ%3D%3D&ccb=17-1&vs=cd3f2c607582cc7e&_nc_vs=HBksFQIYUmlnX3hwdl9yZWVsc19wZXJtYW5lbnRfc3JfcHJvZC8wQzQ3ODMxREEzMUE4OTdCQTNDRjdDMkM2MzRCNjNCRV92aWRlb19kYXNoaW5pdC5tcDQVAALIARIAFQIYUWlnX3hwdl9wbGFjZW1lbnRfcGVybWFuZW50X3YyLzI5NDlFODU2NDIzOTM1Q0E1RTIwN0E0NjlBRDU1RTgxX2F1ZGlvX2Rhc2hpbml0Lm1wNBUCAsgBEgAoABgAGwKIB3VzZV9vaWwBMRJwcm9ncmVzc2l2ZV9yZWNpcGUBMRUAACam5sWSk9XYAxUCKAJDMywXQBrul41P3zsYEmRhc2hfYmFzZWxpbmVfMV92MREAdf4HZZapAQA&_nc_gid=gjHre18WXU-AS4u7K2gMnA&_nc_ss=7a3ba&_nc_zt=28&oh=00_AQKhjH2NGWGgNCPSwiwnzJkmdWip6LkiBQkrUHrFw6M_PQ&oe=6AB05D28,1780946183
killer_katrin,2720497,My other socials in highlights 👇🏼😋,DVLmXa6AWS8,We opened the fridge for snacks… but found our spotlight instead 🤭😉,34902,554,2233766,https://scontent-bru2-1.cdninstagram.com/o1/v/t16/f2/m69/AQPtwnY3lNUQRm0kLp71GZwZk2jfpCquCgKawJu1NQ8KNb_Utpa23-kI6iNAP-eC5uxHMUy1uKYjY-ZJYes70JCT.mp4?strext=1&_nc_cat=101&_nc_sid=5e9851&_nc_ht=scontent-bru2-1.cdninstagram.com&_nc_ohc=bRMZMIkA8YcQ7kNvwH-lkQk&efg=eyJ2ZW5jb2RlX3RhZyI6Inhwdl9wcm9ncmVzc2l2ZS5JTlNUQUdSQU0uQ0xJUFMuQzMuNzIwLmRhc2hfYmFzZWxpbmVfMV92MSIsInhwdl9hc3NldF9pZCI6MTc5NDY1MzE2NTcxMTE1OTUsImFzc2V0X2FnZV9kYXlzIjoyMDUsInZpX3VzZWNhc2VfaWQiOjEwMDk5LCJkdXJhdGlvbl9zIjoxMSwidXJsZ2VuX3NvdXJjZSI6Ind3dyJ9&ccb=17-1&vs=1dfbc6d6c57f7cd1&_nc_vs=HBksFQIYOnBhc3N0aHJvdWdoX2V2ZXJzdG9yZS9HT2UzT3laaEtDT0Z0VjRFQUNoNGFreW9raUl3YnNwVEFRQUYVAALIARIAFQIYUWlnX3hwdl9wbGFjZW1lbnRfcGVybWFuZW50X3YyLzY5NEI0NEI0NkY3QzQ1OTBGRjU2Nzc5NTJEOEUxMEE0X2F1ZGlvX2Rhc2hpbml0Lm1wNBUCAsgBEgAoABgAGwKIB3VzZV9vaWwBMRJwcm9ncmVzc2l2ZV9yZWNpcGUBMRUAACbW4PrF0JHhPxUCKAJDMywXQCYzMzMzMzMYEmRhc2hfYmFzZWxpbmVfMV92MREAdf4HZeadAQA&_nc_gid=gjHre18WXU-AS4u7K2gMnA&_nc_ss=7a3ba&_nc_zt=28&oh=00_AQKbYYKJZBnWLaVU6hjxuaI9kU9nGV52leG6nihNkjEu3A&oe=6AB43E2B,1772023307
killer_katrin,2720497,My other socials in highlights 👇🏼😋,DTtM2-JCCdW,Winter hits different ❄️💀,23812,275,700544,https://scontent-arn2-1.cdninstagram.com/o1/v/t16/f2/m69/AQN47ZokE4Q-OTVJCUZsd8UOcRcvB9sjDIr06xpVrNPEYTL0nZAuuSqFu9dRskTN9Fvn6DUoohb-WSHLKmuk9tL8.mp4?strext=1&_nc_cat=110&_nc_sid=5e9851&_nc_ht=scontent-arn2-1.cdninstagram.com&_nc_ohc=3Oj_33La4fsQ7kNvwFmFt6k&efg=eyJ2ZW5jb2RlX3RhZyI6Inhwdl9wcm9ncmVzc2l2ZS5JTlNUQUdSQU0uQ0xJUFMuQzMuNzIwLmRhc2hfYmFzZWxpbmVfMV92MSIsInhwdl9hc3NldF9pZCI6MTc5MzUyODM1MzUxMTg1NjUsImFzc2V0X2FnZV9kYXlzIjoyNDIsInZpX3VzZWNhc2VfaWQiOjEwMDk5LCJkdXJhdGlvbl9zIjoxMCwidXJsZ2VuX3NvdXJjZSI6Ind3dyJ9&ccb=17-1&vs=b381dbbeaa76e61e&_nc_vs=HBksFQIYOnBhc3N0aHJvdWdoX2V2ZXJzdG9yZS9HSUsxenlRNjM3RHpldkVDQUFYSGFFYjRMUVJkYnNwVEFRQUYVAALIARIAFQIYUWlnX3hwdl9wbGFjZW1lbnRfcGVybWFuZW50X3YyL0NFNDkwRDA0OUNDRDMzOUNCRTIyM0NDOUY3MUVGQjlBX2F1ZGlvX2Rhc2hpbml0Lm1wNBUCAsgBEgAoABgAGwKIB3VzZV9vaWwBMRJwcm9ncmVzc2l2ZV9yZWNpcGUBMRUAACbKg_TA84LcPxUCKAJDMywXQCVU_fO2RaIYEmRhc2hfYmFzZWxpbmVfMV92MREAdf4HZeadAQA&_nc_gid=YoBvZTv5AAUhgr2BVX2RBA&_nc_ss=7a3ba&_nc_zt=28&oh=00_AQIiYiUwy4B005M5Io_hja00VTSDsfPLWVLj5nqcDp_eMQ&oe=6AB44046,1768855839
killer_katrin,2720497,My other socials in highlights 👇🏼😋,DToMWVgCLno,Ice ice baby ❄️,28223,216,684688,https://scontent-arn2-1.cdninstagram.com/o1/v/t2/f2/m86/AQMkeBmUDSh0I4pQoANXbOtvlFhTNF3ReT2xVZKomMsTPMZn0DoFAJfLC3iODIlSa990hHkgNdGWNgZjo3NYfG5hHZZSD9jHNPC-TWY.mp4?_nc_cat=107&_nc_sid=5e9851&_nc_ht=scontent-arn2-1.cdninstagram.com&_nc_ohc=qMfpu97ziVYQ7kNvwFsY0gS&efg=eyJ2ZW5jb2RlX3RhZyI6Inhwdl9wcm9ncmVzc2l2ZS5JTlNUQUdSQU0uQ0xJUFMuQzMuNzIwLmRhc2hfYmFzZWxpbmVfMV92MSIsInhwdl9hc3NldF9pZCI6MjM2NTI5NTA3MDU4MTk4OSwiYXNzZXRfYWdlX2RheXMiOjI0NCwidmlfdXNlY2FzZV9pZCI6MTA4MjcsImR1cmF0aW9uX3MiOjEwLCJ1cmxnZW5fc291cmNlIjoid3d3In0%3D&ccb=17-1&vs=b1ed3ed0c35ceb38&_nc_vs=HBksFQIYUmlnX3hwdl9yZWVsc19wZXJtYW5lbnRfc3JfcHJvZC9BNDQ4Q0VCOUZFMkMzNDJDN0IwQzcwRjNEQ0ZCQUU4Ql92aWRlb19kYXNoaW5pdC5tcDQVAALIARIAFQIYUWlnX3hwdl9wbGFjZW1lbnRfcGVybWFuZW50X3YyLzRENEM2MzY2REEyODI0MEE2NDc5QTIyNDdBMTBCQkIwX2F1ZGlvX2Rhc2hpbml0Lm1wNBUCAsgBEgAoABgAGwKIB3VzZV9vaWwBMRJwcm9ncmVzc2l2ZV9yZWNpcGUBMRUAACbK08THpc6zCBUCKAJDMywXQCXqfvnbItEYEmRhc2hfYmFzZWxpbmVfMV92MREAdf4HZZapAQA&_nc_gid=YoBvZTv5AAUhgr2BVX2RBA&_nc_ss=7a3ba&_nc_zt=28&oh=00_AQJP8zrAeyyMIxM1_rpo9zO-Ubwg35cPKEFKfScHGS1FHw&oe=6AB04A90,1768688386
killer_katrin,2720497,My other socials in highlights 👇🏼😋,DSiBfFYiKpI,❣️,24461,293,814594,https://scontent-arn2-1.cdninstagram.com/o1/v/t2/f2/m86/AQNY4HiYLe0ubKI03SQpDcZt8eU3Irxjn8_vBYHzlreUCykyCOk9LoZXnX5VcXTr_qso9We0WrRZHLBAJdW8kKG6RX1Xgy5VOGn7i_w.mp4?_nc_cat=105&_nc_sid=5e9851&_nc_ht=scontent-arn2-1.cdninstagram.com&_nc_ohc=gDO2I2w4Ug8Q7kNvwEYT1H-&efg=eyJ2ZW5jb2RlX3RhZyI6Inhwdl9wcm9ncmVzc2l2ZS5JTlNUQUdSQU0uQ0xJUFMuQzMuNzIwLmRhc2hfYmFzZWxpbmVfMV92MSIsInhwdl9hc3NldF9pZCI6NzA3NDI5OTIyMTczMzU2LCJhc3NldF9hZ2VfZGF5cyI6MjcxLCJ2aV91c2VjYXNlX2lkIjoxMDA5OSwiZHVyYXRpb25fcyI6NiwidXJsZ2VuX3NvdXJjZSI6Ind3dyJ9&ccb=17-1&vs=b415e4070c15afb3&_nc_vs=HBksFQIYUmlnX3hwdl9yZWVsc19wZXJtYW5lbnRfc3JfcHJvZC8yNDQ5MjBFQkUzRkJBNzM2M0M5OUEyOTQ1N0RBN0ZCRl92aWRlb19kYXNoaW5pdC5tcDQVAALIARIAFQIYR2lnX3hwdl9yZWVsc19wZXJtYW5lbnRfc3JfcHJvZC8xMTkxNTE5MjgyOTQyODkwXzY2NzI3MzI3NjEwODc5MDM1NjUubXA0FQICyAESACgAGAAbAogHdXNlX29pbAExEnByb2dyZXNzaXZlX3JlY2lwZQExFQAAJtjGt9Pr2cECFQIoAkMzLBdAGXbItDlYEBgSZGFzaF9iYXNlbGluZV8xX3YxEQB1_gdl5p0BAA&_nc_gid=YoBvZTv5AAUhgr2BVX2RBA&_nc_ss=7a3ba&_nc_zt=28&oh=00_AQKIPjuLevXNG2hxoxIaiqNaiBJqve6KXp8C3XayKnDSgQ&oe=6AB058AA,1766333411
killer_katrin,2720497,My other socials in highlights 👇🏼😋,DSX1AHrCHfa,8 days until Christmas 🫣🙈,22812,258,779205,https://scontent-arn2-1.cdninstagram.com/o1/v/t2/f2/m86/AQONAejG3_6RNs9M-_S6bYY0VnVldCRTTy7u2bZyKA_IMlGHfxCLEg2Img5fiqjaiaUsbwoCqpXpAEB7VmDAQPy3qXBwoVLnrNhnasw.mp4?_nc_cat=103&_nc_sid=5e9851&_nc_ht=scontent-arn2-1.cdninstagram.com&_nc_ohc=3sO0rgq-_awQ7kNvwH5_8_N&efg=eyJ2ZW5jb2RlX3RhZyI6Inhwdl9wcm9ncmVzc2l2ZS5JTlNUQUdSQU0uQ0xJUFMuQzMuNzIwLmRhc2hfYmFzZWxpbmVfMV92MSIsInhwdl9hc3NldF9pZCI6MzA0OTkyOTc2NTE4OTI5MiwiYXNzZXRfYWdlX2RheXMiOjI3NSwidmlfdXNlY2FzZV9pZCI6MTAwOTksImR1cmF0aW9uX3MiOjUsInVybGdlbl9zb3VyY2UiOiJ3d3cifQ%3D%3D&ccb=17-1&vs=2474316b8390461&_nc_vs=HBksFQIYUmlnX3hwdl9yZWVsc19wZXJtYW5lbnRfc3JfcHJvZC85RjRFOTA4REU1OEM4QzcyMzU0RDMwREREQzEwQkI5Q192aWRlb19kYXNoaW5pdC5tcDQVAALIARIAFQIYRmlnX3hwdl9yZWVsc19wZXJtYW5lbnRfc3JfcHJvZC83ODQ1MzA1ODQ2MDM3MTFfNjAyNzk3MDEyNzUxNTU3MTcyMi5tcDQVAgLIARIAKAAYABsCiAd1c2Vfb2lsATEScHJvZ3Jlc3NpdmVfcmVjaXBlATEVAAAm2Nrzw6P56goVAigCQzMsF0AWQ5WBBiTdGBJkYXNoX2Jhc2VsaW5lXzFfdjERAHX-B2XmnQEA&_nc_gid=YoBvZTv5AAUhgr2BVX2RBA&_nc_ss=7a3ba&_nc_zt=28&oh=00_AQKS9COoYcrFHwZkfVMLfKSGOdr7d6wew4H69x77cOpElw&oe=6AB059F4,1765991418
lowmonaxx,163957,"Mona 📸 26 
Charlotte ➡️ Miami 🇺🇸
Check out my highlights 🔗",DdHXjCbsoEb,😡👋,2667,31,71089,https://scontent-cph2-1.cdninstagram.com/o1/v/t2/f2/m86/AQPVpdL7_wfxwtoBNUTkTEBeKUUJ5_Sg1EA_1dymSXdKavM-VhRJ-3DaJYjasi2pb_I5h6DAdzDw0uMtT38esyv9BvXhzYNFnU_WvVQ.mp4?_nc_cat=106&_nc_sid=5e9851&_nc_ht=scontent-cph2-1.cdninstagram.com&_nc_ohc=bF6vL-uMaUoQ7kNvwEDxNTb&efg=eyJ2ZW5jb2RlX3RhZyI6Inhwdl9wcm9ncmVzc2l2ZS5JTlNUQUdSQU0uQ0xJUFMuQzMuNzIwLmRhc2hfYmFzZWxpbmVfMV92MSIsInhwdl9hc3NldF9pZCI6MjgxODYzMjk3NzQzMDkxODAsImFzc2V0X2FnZV9kYXlzIjo4LCJ2aV91c2VjYXNlX2lkIjoxMDA5OSwiZHVyYXRpb25fcyI6MTAsInVybGdlbl9zb3VyY2UiOiJ3d3cifQ%3D%3D&ccb=17-1&vs=71ac1aca3bceb460&_nc_vs=HBksFQIYUmlnX3hwdl9yZWVsc19wZXJtYW5lbnRfc3JfcHJvZC9FRTQxQUY3Njg5QzdDQzU5MURDOUJGNjZFNTdCRUVCOV92aWRlb19kYXNoaW5pdC5tcDQVAALIARIAFQIYUWlnX3hwdl9wbGFjZW1lbnRfcGVybWFuZW50X3YyLzc5NEY2QzMwRDA0Q0Q0RjQxOUFGMDM5MDc5QjJEMTkzX2F1ZGlvX2Rhc2hpbml0Lm1wNBUCAsgBEgAoABgAGwKIB3VzZV9vaWwBMRJwcm9ncmVzc2l2ZV9yZWNpcGUBMRUAACb4_MHbqdSRZBUCKAJDMywXQCQU_fO2RaIYEmRhc2hfYmFzZWxpbmVfMV92MREAdf4HZeadAQA&_nc_gid=yR2LtrgwUYvXcUHpGEqCWw&_nc_ss=7a3ba&_nc_zt=28&oh=00_AQJ2EmdbRFAnkfrm4YLEXpHKI0aOYCUFq2V4o8PRJaVhFg&oe=6AB06E13,1789061165
yourcindyrellaa,261116,"🇮🇹 in 🇺🇸
06
Gym addicted • Virtual lifestyle • Digital Travel Creator",Ddb5iXtt7Z5,,5220,121,53568,https://scontent-cph2-1.cdninstagram.com/o1/v/t16/f2/m84/AQM9VQi2TsegQV-iQL6GAOitGqOGMiMgBUSwh92yY9VUi5A3wOUOPjmNncjNRTrSVMUVbMbuQgleRFX5_mtEgM6H2NgxZDGPqd3sSpA.mp4?_nc_cat=104&_nc_sid=5e9851&_nc_ht=scontent-cph2-1.cdninstagram.com&_nc_ohc=QdlAvFyh7PAQ7kNvwEH1vEu&efg=eyJ2ZW5jb2RlX3RhZyI6Inhwdl9wcm9ncmVzc2l2ZS5JTlNUQUdSQU0uQ0xJUFMuQzMuNzIwLmRhc2hfYmFzZWxpbmVfMV92MSIsInhwdl9hc3NldF9pZCI6MjIxOTA2Nzg1NTMwNzY1NywiYXNzZXRfYWdlX2RheXMiOjAsInZpX3VzZWNhc2VfaWQiOjEwODI3LCJkdXJhdGlvbl9zIjoxMSwidXJsZ2VuX3NvdXJjZSI6Ind3dyJ9&ccb=17-1&vs=8bd33c0162f9efc1&_nc_vs=HBksFQIYTGlnX2JhY2tmaWxsX3RpbWVsaW5lX3ZvZC81ODREMkZGODNGNkE0RTI3RjI4RTE1RjUxQTgyQzBBQV92aWRlb19kYXNoaW5pdC5tcDQVAALIARIAFQIYUWlnX3hwdl9wbGFjZW1lbnRfcGVybWFuZW50X3YyL0Q1NEYxN0NBNzhCM0ZGMDIwQjQzN0Q1QTc0MEE3MUJEX2F1ZGlvX2Rhc2hpbml0Lm1wNBUCAsgBEgAoABgAGwKIB3VzZV9vaWwBMRJwcm9ncmVzc2l2ZV9yZWNpcGUBMRUAACaSjvzz347xBxUCKAJDMywXQCZEGJN0vGoYEmRhc2hfYmFzZWxpbmVfMV92MREAdf4HZZapAQA&_nc_gid=HrXTy_zPelcBMf1HblFxWQ&_nc_ss=7a3ba&_nc_zt=28&oh=00_AQLLT3lkvQM7vYBwTJWcGJ1m0Kf29s61dHqSvgC-ZJN4cg&oe=6AB03F7C,1789750115
yourcindyrellaa,261116,"🇮🇹 in 🇺🇸
06
Gym addicted • Virtual lifestyle • Digital Travel Creator",DdUrAP4Ndf9,,7193,216,74375,https://scontent-cph2-1.cdninstagram.com/o1/v/t2/f2/m86/AQPRf5g9lwYG3duSqFOWTZvtCHu6H-esvZCeKQSYrOHdWtM4Ivu1IZm_8jMDgE_aojGgUN0SLWo_JCkn5MiOZUBgLRLecO_vuMeSbQE.mp4?_nc_cat=104&_nc_sid=5e9851&_nc_ht=scontent-cph2-1.cdninstagram.com&_nc_ohc=MGGUHIg4pIwQ7kNvwFqhx7x&efg=eyJ2ZW5jb2RlX3RhZyI6Inhwdl9wcm9ncmVzc2l2ZS5JTlNUQUdSQU0uQ0xJUFMuQzMuNjQwLmRhc2hfYmFzZWxpbmVfMV92MSIsInhwdl9hc3NldF9pZCI6MTc4NjEyNjE0OTM3MzE0OSwiYXNzZXRfYWdlX2RheXMiOjMsInZpX3VzZWNhc2VfaWQiOjEwMDk5LCJkdXJhdGlvbl9zIjoxMSwidXJsZ2VuX3NvdXJjZSI6Ind3dyJ9&ccb=17-1&vs=12ced023025b1cb0&_nc_vs=HBksFQIYUmlnX3hwdl9yZWVsc19wZXJtYW5lbnRfc3JfcHJvZC83RTRDQjYyODRBRDBFNTRFNEQ5QTU5NjRFNTgwMUY5MV92aWRlb19kYXNoaW5pdC5tcDQVAALIARIAFQIYUWlnX3hwdl9wbGFjZW1lbnRfcGVybWFuZW50X3YyL0Y1NEMwREI3M0NEMkYxRTc4NUU4Q0JGRjA4M0YzRTlDX2F1ZGlvX2Rhc2hpbml0Lm1wNBUCAsgBEgAoABgAGwKIB3VzZV9vaWwBMRJwcm9ncmVzc2l2ZV9yZWNpcGUBMRUAACa6s8LqnJ6sBhUCKAJDMywXQCcU_fO2RaIYEmRhc2hfYmFzZWxpbmVfMV92MREAdf4HZeadAQA&_nc_gid=HrXTy_zPelcBMf1HblFxWQ&_nc_ss=7a3ba&_nc_zt=28&oh=00_AQJkVAlM0j9rjOuAzCLnPsOA-G4Xi4MfJRIuxCi7ZkpQjg&oe=6AB06D21,1789507571
yourcindyrellaa,261116,"🇮🇹 in 🇺🇸
06
Gym addicted • Virtual lifestyle • Digital Travel Creator",DdKNJ8cNEXx,Rate it 0-10,18720,600,209660,https://scontent-cph2-1.cdninstagram.com/o1/v/t2/f2/m86/AQNSA-aOI0Rmpt5J8Wh5DFjwRzEmQyUPqBQbAbS-Fr35cCjlV00e_xvKIXPMJsWc-G_ondRebDuwMSBhggN47ZZVZNW5t-kauBLGK8U.mp4?_nc_cat=106&_nc_sid=5e9851&_nc_ht=scontent-cph2-1.cdninstagram.com&_nc_ohc=gBogyF1YE-gQ7kNvwFyy3Zo&efg=eyJ2ZW5jb2RlX3RhZyI6Inhwdl9wcm9ncmVzc2l2ZS5JTlNUQUdSQU0uQ0xJUFMuQzMuNjQwLmRhc2hfYmFzZWxpbmVfMV92MSIsInhwdl9hc3NldF9pZCI6MTYxOTc2NzQxNjI2NDk5NSwiYXNzZXRfYWdlX2RheXMiOjcsInZpX3VzZWNhc2VfaWQiOjEwMDk5LCJkdXJhdGlvbl9zIjoxMSwidXJsZ2VuX3NvdXJjZSI6Ind3dyJ9&ccb=17-1&vs=e0b3000cc4c68fa8&_nc_vs=HBksFQIYUmlnX3hwdl9yZWVsc19wZXJtYW5lbnRfc3JfcHJvZC83MjQ3N0NBRkFBQ0FEOThGQjgyRERDRjg3RjU2RjNCQ192aWRlb19kYXNoaW5pdC5tcDQVAALIARIAFQIYUWlnX3hwdl9wbGFjZW1lbnRfcGVybWFuZW50X3YyL0Y1NDc3NUZDOERDMUZFNzA4QzUyMTVDQzBENjk5ODkwX2F1ZGlvX2Rhc2hpbml0Lm1wNBUCAsgBEgAoABgAGwKIB3VzZV9vaWwBMRJwcm9ncmVzc2l2ZV9yZWNpcGUBMRUAACbG5LjX78rgBRUCKAJDMywXQCYAAAAAAAAYEmRhc2hfYmFzZWxpbmVfMV92MREAdf4HZeadAQA&_nc_gid=HrXTy_zPelcBMf1HblFxWQ&_nc_ss=7a3ba&_nc_zt=28&oh=00_AQLUJkyup2ydSqZWoohyOypYQy9V-IA3S29RDmU3Ip5NJA&oe=6AB06F4B,1789156557
yourcindyrellaa,261116,"🇮🇹 in 🇺🇸
06
Gym addicted • Virtual lifestyle • Digital Travel Creator",DdHmW2XtX6U,,14520,393,210768,https://scontent-cph2-1.cdninstagram.com/o1/v/t16/f2/m84/AQPnzpUt8nyLPTWw_s9DgaXg04IXGZT4SaMBkMXU-WSr-VBkqdu8vJ5F2o-G-79rSRTjHqhIsRHZkK2ilCZhrDyfLkgLNClCrtPY1GA.mp4?_nc_cat=103&_nc_sid=5e9851&_nc_ht=scontent-cph2-1.cdninstagram.com&_nc_ohc=I6MzWX29qekQ7kNvwH3_A6I&efg=eyJ2ZW5jb2RlX3RhZyI6Inhwdl9wcm9ncmVzc2l2ZS5JTlNUQUdSQU0uQ0xJUFMuQzMuNzIwLmRhc2hfYmFzZWxpbmVfMV92MSIsInhwdl9hc3NldF9pZCI6NDQyNjc2NjE5NzU4ODgyMCwiYXNzZXRfYWdlX2RheXMiOjgsInZpX3VzZWNhc2VfaWQiOjEwODI3LCJkdXJhdGlvbl9zIjo3LCJ1cmxnZW5fc291cmNlIjoid3d3In0%3D&ccb=17-1&vs=e5e1fafa25708918&_nc_vs=HBksFQIYTGlnX2JhY2tmaWxsX3RpbWVsaW5lX3ZvZC83QTQ1QkE3RkY2OTBCN0I5QUJENTE2RTczNjE2N0VBM192aWRlb19kYXNoaW5pdC5tcDQVAALIARIAFQIYUWlnX3hwdl9wbGFjZW1lbnRfcGVybWFuZW50X3YyLzRBNDI0QjM1MDlBQ0UyRDYzNTdDNjlDMTBEMzIzQkEzX2F1ZGlvX2Rhc2hpbml0Lm1wNBUCAsgBEgAoABgAGwKIB3VzZV9vaWwBMRJwcm9ncmVzc2l2ZV9yZWNpcGUBMRUAACaojbCr2ofdDxUCKAJDMywXQB7MzMzMzM0YEmRhc2hfYmFzZWxpbmVfMV92MREAdf4HZZapAQA&_nc_gid=HrXTy_zPelcBMf1HblFxWQ&_nc_ss=7a3ba&_nc_zt=28&oh=00_AQK1AFADk2L15uGfXk8ijMY8-auDIURlYxlMhoQXyZ2FZw&oe=6AB04BED,1789069232
yourcindyrellaa,261116,"🇮🇹 in 🇺🇸
06
Gym addicted • Virtual lifestyle • Digital Travel Creator",Dc1itS_tYsk,#fyp #usa,4862,118,85917,https://scontent-cph2-1.cdninstagram.com/o1/v/t16/f2/m84/AQOMqZ6Nle-ezpV7ejjt9mLcAaKfu9J4SLsi3FUKLafy7rLUwy2a4IsEVbFMjHh37u6DxDhWVs6QOVR56UsVWomrdqLAt2LrBJTzWZ8.mp4?_nc_cat=104&_nc_sid=5e9851&_nc_ht=scontent-cph2-1.cdninstagram.com&_nc_ohc=eMXyDHoHN9EQ7kNvwHgcjNn&efg=eyJ2ZW5jb2RlX3RhZyI6Inhwdl9wcm9ncmVzc2l2ZS5JTlNUQUdSQU0uQ0xJUFMuQzMuNzIwLmRhc2hfYmFzZWxpbmVfMV92MSIsInhwdl9hc3NldF9pZCI6MTU5NjM2NjY3ODYwNzU3NSwiYXNzZXRfYWdlX2RheXMiOjE1LCJ2aV91c2VjYXNlX2lkIjoxMDgyNywiZHVyYXRpb25fcyI6MTAsInVybGdlbl9zb3VyY2UiOiJ3d3cifQ%3D%3D&ccb=17-1&vs=489cf96ab4dc630b&_nc_vs=HBksFQIYTGlnX2JhY2tmaWxsX3RpbWVsaW5lX3ZvZC82RTQ4OEQzMUYwODg0Q0ZGRDE0OEFBMzMzQzA3NjlBRl92aWRlb19kYXNoaW5pdC5tcDQVAALIARIAFQIYUWlnX3hwdl9wbGFjZW1lbnRfcGVybWFuZW50X3YyLzdENEEwMDBEODQ3MDlBMDAyQjdDNTlCOEFGQ0IzNkEzX2F1ZGlvX2Rhc2hpbml0Lm1wNBUCAsgBEgAoABgAGwKIB3VzZV9vaWwBMRJwcm9ncmVzc2l2ZV9yZWNpcGUBMRUAACaum_rM4vjVBRUCKAJDMywXQCREGJN0vGoYEmRhc2hfYmFzZWxpbmVfMV92MREAdf4HZZapAQA&_nc_gid=l3C8yEfdgcJQkx1zNQ5_rQ&_nc_ss=7a3ba&_nc_zt=28&oh=00_AQLiDPpsFkO0iad4xYUMtuMjTiwSpYSPdC1BBGDevxR6vw&oe=6AB040CC,1788464090
sarahtrnerr_,177394,"📍Vegas
australian | bali x syd
check highlights 🍒",DdNr7PKN4oN,someone hold me hostage here,2141,50,37898,https://scontent-arn2-1.cdninstagram.com/o1/v/t2/f2/m86/AQOTugzIs90Gm4S0DDvRHY-hmKsp3NBg7isEocvB21QUzfVTtneGt-JZxxZnOlbugQPK_KeJTd6Jbs5oWcpl2kfBqUel3c6PLUzzlNA.mp4?_nc_cat=111&_nc_sid=5e9851&_nc_ht=scontent-arn2-1.cdninstagram.com&_nc_ohc=PTBelWWTXNYQ7kNvwEbY7-x&efg=eyJ2ZW5jb2RlX3RhZyI6Inhwdl9wcm9ncmVzc2l2ZS5JTlNUQUdSQU0uQ0xJUFMuQzMuNzIwLmRhc2hfYmFzZWxpbmVfMV92MSIsInhwdl9hc3NldF9pZCI6MTQ5NjU1NjYyODg3NDc4OCwiYXNzZXRfYWdlX2RheXMiOjYsInZpX3VzZWNhc2VfaWQiOjEwMDk5LCJkdXJhdGlvbl9zIjo1LCJ1cmxnZW5fc291cmNlIjoid3d3In0%3D&ccb=17-1&vs=7f03155458c0cc07&_nc_vs=HBksFQIYUmlnX3hwdl9yZWVsc19wZXJtYW5lbnRfc3JfcHJvZC80MDQ4MDBFMDY3QzJCMjBFRkIyRjQwMTIzODgwOEVBN192aWRlb19kYXNoaW5pdC5tcDQVAALIARIAFQIYUWlnX3hwdl9wbGFjZW1lbnRfcGVybWFuZW50X3YyL0NFNDNBNTFEOUM1NDQyQzBGMjc2QjNGQjg0MzI2RUEzX2F1ZGlvX2Rhc2hpbml0Lm1wNBUCAsgBEgAoABgAGwKIB3VzZV9vaWwBMRJwcm9ncmVzc2l2ZV9yZWNpcGUBMRUAACbI2IDkh8eoBRUCKAJDMywXQBTul41P3zsYEmRhc2hfYmFzZWxpbmVfMV92MREAdf4HZeadAQA&_nc_gid=SUL45BIb6E6dBI9kWK3zBA&_nc_ss=7a3ba&_nc_zt=28&oh=00_AQL6jqDVbW1uWlTBMZZIECxiPzvEEKQwpCIkC7XRp9ITeg&oe=6AB06C8C,1789273213
sarahtrnerr_,177394,"📍Vegas
australian | bali x syd
check highlights 🍒",Da_mgtIzV_X,💅,49971,755,3270175,https://scontent-arn2-1.cdninstagram.com/o1/v/t2/f2/m86/AQNVFew-ZcSiEJ9kDlMikxIJtX4cIEB68gtkDtJm37xtth5WYIZbcZQ1rG2yZKvD2e9YJdJ0ggpAdCwmRW_HvtQD83GUuWFYzWGUGhA.mp4?_nc_cat=109&_nc_sid=5e9851&_nc_ht=scontent-arn2-1.cdninstagram.com&_nc_ohc=f9WWikARuR0Q7kNvwGY2w6S&efg=eyJ2ZW5jb2RlX3RhZyI6Inhwdl9wcm9ncmVzc2l2ZS5JTlNUQUdSQU0uQ0xJUFMuQzMuNzIwLmRhc2hfYmFzZWxpbmVfMV92MSIsInhwdl9hc3NldF9pZCI6MTA1MzUxODIzMzgwMDU0OCwiYXNzZXRfYWdlX2RheXMiOjYxLCJ2aV91c2VjYXNlX2lkIjoxMDA5OSwiZHVyYXRpb25fcyI6MTAsInVybGdlbl9zb3VyY2UiOiJ3d3cifQ%3D%3D&ccb=17-1&vs=e4f0226b11bf17dc&_nc_vs=HBksFQIYUmlnX3hwdl9yZWVsc19wZXJtYW5lbnRfc3JfcHJvZC81MzRBM0NDNDNDN0JDRDBEQzQ3MThFRTE4Q0VCNzY5RF92aWRlb19kYXNoaW5pdC5tcDQVAALIARIAFQIYUWlnX3hwdl9wbGFjZW1lbnRfcGVybWFuZW50X3YyL0M0NDJENUQ1QjMxMTdFNjVEMDFCNzA4QTZCNTVFNjhDX2F1ZGlvX2Rhc2hpbml0Lm1wNBUCAsgBEgAoABgAGwKIB3VzZV9vaWwBMRJwcm9ncmVzc2l2ZV9yZWNpcGUBMRUAACbIvbjB6orfAxUCKAJDMywXQCWZmZmZmZoYEmRhc2hfYmFzZWxpbmVfMV92MREAdf4HZeadAQA&_nc_gid=GivJ_sWqlDURA2Vm3LQtsw&_nc_ss=7a3ba&_nc_zt=28&oh=00_AQJAi_mz09sxbKA8snVeDv0fCPr-OUVNtg4-7siIdHAbGw&oe=6AB04D36,1784505713
sarahtrnerr_,177394,"📍Vegas
australian | bali x syd
check highlights 🍒",Da5ZheGApcB,miss you,3202,93,196102,https://scontent-arn2-1.cdninstagram.com/o1/v/t2/f2/m86/AQPKGSQgkUR1DpvQtu2AxFpiyy9CYFFDtZGm2xoqMSs4p80RKIZJyV7z4bS4q9bvT0S3EeBUmQcrISoSKx-JHle8Q-VXq89g7k6ZePc.mp4?_nc_cat=100&_nc_sid=5e9851&_nc_ht=scontent-arn2-1.cdninstagram.com&_nc_ohc=5tYzoDONCJcQ7kNvwEIC4YC&efg=eyJ2ZW5jb2RlX3RhZyI6Inhwdl9wcm9ncmVzc2l2ZS5JTlNUQUdSQU0uQ0xJUFMuQzMuNzIwLmRhc2hfYmFzZWxpbmVfMV92MSIsInhwdl9hc3NldF9pZCI6MjIzOTY3NjI1MDE0MDI5NiwiYXNzZXRfYWdlX2RheXMiOjYzLCJ2aV91c2VjYXNlX2lkIjoxMDA5OSwiZHVyYXRpb25fcyI6OSwidXJsZ2VuX3NvdXJjZSI6Ind3dyJ9&ccb=17-1&vs=6f356dde76a4011f&_nc_vs=HBksFQIYUmlnX3hwdl9yZWVsc19wZXJtYW5lbnRfc3JfcHJvZC9DQjQzRTVBNEM5Nzg0MkY1MkQ2Qjc1QkRGRDFEMTA5MV92aWRlb19kYXNoaW5pdC5tcDQVAALIARIAFQIYUWlnX3hwdl9wbGFjZW1lbnRfcGVybWFuZW50X3YyLzRGNEMwN0JFMjBENTc2QzNCOEFFNDM4NDJENzNCRDhFX2F1ZGlvX2Rhc2hpbml0Lm1wNBUCAsgBEgAoABgAGwKIB3VzZV9vaWwBMRJwcm9ncmVzc2l2ZV9yZWNpcGUBMRUAACaQuum0qL76BxUCKAJDMywXQCIAAAAAAAAYEmRhc2hfYmFzZWxpbmVfMV92MREAdf4HZeadAQA&_nc_gid=GivJ_sWqlDURA2Vm3LQtsw&_nc_ss=7a3ba&_nc_zt=28&oh=00_AQKBzg02GpvMVIpbPsJgEA1uIjPsscy4_zKQmZSH0Qox3Q&oe=6AB05EF5,1784297600
siennahayesw,38260,Sienna | 23| Miami 🇺🇸                                                         Check my highlights🔥,DdWVPDxNvqk,@siennahayesw,17105,624,375063,https://scontent-bru2-1.cdninstagram.com/o1/v/t16/f2/m84/AQPAeaJiwFfE1b8mGFZuKxdwPeRr1GOGntz5l_NHuW789J8T6Xqgc8y-PIwhPjBKsaDH1ziyiVr5Ug0MM_p5FxaMtITjMe7EwLnw070.mp4?_nc_cat=111&_nc_sid=5e9851&_nc_ht=scontent-bru2-1.cdninstagram.com&_nc_ohc=e2_yIcrdlD8Q7kNvwFelkR8&efg=eyJ2ZW5jb2RlX3RhZyI6Inhwdl9wcm9ncmVzc2l2ZS5JTlNUQUdSQU0uQ0xJUFMuQzMuNzIwLmRhc2hfYmFzZWxpbmVfMV92MSIsInhwdl9hc3NldF9pZCI6MTA2MjI5NTY4MzM1NTQyOSwiYXNzZXRfYWdlX2RheXMiOjIsInZpX3VzZWNhc2VfaWQiOjEwODI3LCJkdXJhdGlvbl9zIjo5LCJ1cmxnZW5fc291cmNlIjoid3d3In0%3D&ccb=17-1&vs=a65a287b6d70f06&_nc_vs=HBksFQIYTGlnX2JhY2tmaWxsX3RpbWVsaW5lX3ZvZC8wMDQ2NzgwRTIwRUY5M0JCNjRDQzE0QUQ1REQ2MTBCQl92aWRlb19kYXNoaW5pdC5tcDQVAALIARIAFQIYUWlnX3hwdl9wbGFjZW1lbnRfcGVybWFuZW50X3YyLzEyNDJGRkUyRTVBRjZGMUEwQzBDODZERUVGMkM0QTk5X2F1ZGlvX2Rhc2hpbml0Lm1wNBUCAsgBEgAoABgAGwKIB3VzZV9vaWwBMRJwcm9ncmVzc2l2ZV9yZWNpcGUBMRUAACbKzNLN34njAxUCKAJDMywXQCIAAAAAAAAYEmRhc2hfYmFzZWxpbmVfMV92MREAdf4HZZapAQA&_nc_gid=M1KwiWMdybT_5HKVXiMHFQ&_nc_ss=7a3ba&_nc_zt=28&oh=00_AQJcg3hvv555K5AkAXZ8K-EYorQOClEV9lJodizQT00RuA&oe=6AB06CA9,1789563320
evasavagiou,5077829,all natural greek goddess.,DdbYv4KOdlj,why does hitting one nail hurt sooo much 😭,5564,173,93132,https://scontent-arn2-1.cdninstagram.com/o1/v/t16/f2/m84/AQPxrKizzUE7wuGrq14M6CmwpMYnybY7I-JEe561arWcYW5AWopZvkO9Hk0yV1qmi6FJyPzl1oa0fVsdY6hNGEygdWHdP0bZWwBmAao.mp4?_nc_cat=110&_nc_sid=5e9851&_nc_ht=scontent-arn2-1.cdninstagram.com&_nc_ohc=MxzM7Tj5bisQ7kNvwGjIZ2U&efg=eyJ2ZW5jb2RlX3RhZyI6Inhwdl9wcm9ncmVzc2l2ZS5JTlNUQUdSQU0uQ0xJUFMuQzMuNzIwLmRhc2hfYmFzZWxpbmVfMV92MSIsInhwdl9hc3NldF9pZCI6MTc1NzE4NzMzNTM4NTg4NCwiYXNzZXRfYWdlX2RheXMiOjEsInZpX3VzZWNhc2VfaWQiOjEwODI3LCJkdXJhdGlvbl9zIjoxNCwidXJsZ2VuX3NvdXJjZSI6Ind3dyJ9&ccb=17-1&vs=f1061b4f82dddd27&_nc_vs=HBksFQIYTGlnX2JhY2tmaWxsX3RpbWVsaW5lX3ZvZC9GMzQwRkY3NEIzNzdCNEZFMENCQjNBM0Y4QjkyMDZCM192aWRlb19kYXNoaW5pdC5tcDQVAALIARIAFQIYUWlnX3hwdl9wbGFjZW1lbnRfcGVybWFuZW50X3YyLzNENDYxMTU2OENBRkQwQ0MzNTMyNjBBNjUxNjM4OUI5X2F1ZGlvX2Rhc2hpbml0Lm1wNBUCAsgBEgAoABgAGwKIB3VzZV9vaWwBMRJwcm9ncmVzc2l2ZV9yZWNpcGUBMRUAACa4zO_u4YmfBhUCKAJDMywXQC2IMSbpeNUYEmRhc2hfYmFzZWxpbmVfMV92MREAdf4HZZapAQA&_nc_gid=lkmlU01GaHMy7IsDTmOevQ&_nc_ss=7a3ba&_nc_zt=28&oh=00_AQKxzjBqFO44Wlg5erBg-KDYqlEaCSoYsfVpVsn3FRCLWA&oe=6AB063C2,1789732816
evasavagiou,5077829,all natural greek goddess.,DdWPwNqoGlw,"good morning, do u like the view?",12253,432,186578,https://scontent-arn2-1.cdninstagram.com/o1/v/t16/f2/m84/AQMcBIAUdNsvikbVncDXtD7aLbFCM65baVuXW1WRUVrCMf6KyyKlnfVu_FTLj-Rva_etLvaVRPAs1JldcIAMn7XLfgxfBasCvbyOxS0.mp4?_nc_cat=105&_nc_sid=5e9851&_nc_ht=scontent-arn2-1.cdninstagram.com&_nc_ohc=GaS_DOSmB9MQ7kNvwGtn0hd&efg=eyJ2ZW5jb2RlX3RhZyI6Inhwdl9wcm9ncmVzc2l2ZS5JTlNUQUdSQU0uQ0xJUFMuQzMuNzIwLmRhc2hfYmFzZWxpbmVfMV92MSIsInhwdl9hc3NldF9pZCI6MjczMzYxMzE5NDI3Mjk4MTcsImFzc2V0X2FnZV9kYXlzIjoyLCJ2aV91c2VjYXNlX2lkIjoxMDgyNywiZHVyYXRpb25fcyI6MTQsInVybGdlbl9zb3VyY2UiOiJ3d3cifQ%3D%3D&ccb=17-1&vs=98e6dc5af23fd1a0&_nc_vs=HBksFQIYTGlnX2JhY2tmaWxsX3RpbWVsaW5lX3ZvZC84QzRFRTQ1ODhCODczMzI5Q0I4OTQwM0E1NzBBNDhCMF92aWRlb19kYXNoaW5pdC5tcDQVAALIARIAFQIYUWlnX3hwdl9wbGFjZW1lbnRfcGVybWFuZW50X3YyLzBFNEQ3NTI3OUQ0MzVGMjU2MjNFMkJGQjRFRTlEQUFCX2F1ZGlvX2Rhc2hpbml0Lm1wNBUCAsgBEgAoABgAGwKIB3VzZV9vaWwBMRJwcm9ncmVzc2l2ZV9yZWNpcGUBMRUAACayodafpoSPYRUCKAJDMywXQCyZmZmZmZoYEmRhc2hfYmFzZWxpbmVfMV92MREAdf4HZZapAQA&_nc_gid=lkmlU01GaHMy7IsDTmOevQ&_nc_ss=7a3ba&_nc_zt=28&oh=00_AQJM3N1qQ4qW3d_mcrd1-A4_ENk3v1II1ZIeujGeh6Crzg&oe=6AB03F7B,1789560405
evasavagiou,5077829,all natural greek goddess.,DdN7_60on13,ur here so early,7947,208,281947,https://scontent-arn2-1.cdninstagram.com/o1/v/t16/f2/m84/AQMcLVsZMMZ-YXEnyNhucG7_vY16ZtiSwnEISW6H2DUi_q3HOjmR2XjSFW0upzqZj5_Riwd3lT5quKilBRrmDeC88QOWpVqhM5O_qm8.mp4?_nc_cat=105&_nc_sid=5e9851&_nc_ht=scontent-arn2-1.cdninstagram.com&_nc_ohc=TLR6EHzpmlcQ7kNvwGm_UXA&efg=eyJ2ZW5jb2RlX3RhZyI6Inhwdl9wcm9ncmVzc2l2ZS5JTlNUQUdSQU0uQ0xJUFMuQzMuNzIwLmRhc2hfYmFzZWxpbmVfMV92MSIsInhwdl9hc3NldF9pZCI6MTA4MDE1MDA2ODI4MDk4OCwiYXNzZXRfYWdlX2RheXMiOjYsInZpX3VzZWNhc2VfaWQiOjEwODI3LCJkdXJhdGlvbl9zIjo3LCJ1cmxnZW5fc291cmNlIjoid3d3In0%3D&ccb=17-1&vs=4ce0071acaac982b&_nc_vs=HBksFQIYTGlnX2JhY2tmaWxsX3RpbWVsaW5lX3ZvZC9ENjQwN0M4M0U4REMwQjZGRDQ5MzgzMDYxRDY3Q0RCOF92aWRlb19kYXNoaW5pdC5tcDQVAALIARIAFQIYUWlnX3hwdl9wbGFjZW1lbnRfcGVybWFuZW50X3YyLzQ1NDg3QkRFM0E2NTFGMEZGREE1MDY0MURGNURGNTg1X2F1ZGlvX2Rhc2hpbml0Lm1wNBUCAsgBEgAoABgAGwKIB3VzZV9vaWwBMRJwcm9ncmVzc2l2ZV9yZWNpcGUBMRUAACa4-v2RgZnrAxUCKAJDMywXQB7ul41P3zsYEmRhc2hfYmFzZWxpbmVfMV92MREAdf4HZZapAQA&_nc_gid=lkmlU01GaHMy7IsDTmOevQ&_nc_ss=7a3ba&_nc_zt=28&oh=00_AQJ5Wj85fSWjOVOFEMUkVgVE7oVM1J_ssY2E4quVWw-Jiw&oe=6AB06A5F,1789281589
evasavagiou,5077829,all natural greek goddess.,DdRFh3muoNP,POV: u followed the greek girl who said she knows a quiet beach,11805,424,191192,https://scontent-arn2-1.cdninstagram.com/o1/v/t16/f2/m84/AQPXf1CTnCwQwdpIrl1p3vtYGyhuqvpBtKYSRm2vkPg80T-EgJlOnWvjX1S3rRquB5WAlcWleG7Ytam9mYrynrKgCmdt1aVZ3AyT5Ww.mp4?_nc_cat=110&_nc_sid=5e9851&_nc_ht=scontent-arn2-1.cdninstagram.com&_nc_ohc=OvXGx2ku3kEQ7kNvwHVezQ_&efg=eyJ2ZW5jb2RlX3RhZyI6Inhwdl9wcm9ncmVzc2l2ZS5JTlNUQUdSQU0uQ0xJUFMuQzMuNzIwLmRhc2hfYmFzZWxpbmVfMV92MSIsInhwdl9hc3NldF9pZCI6MjYyODE3NDgxNDI4NDk1MSwiYXNzZXRfYWdlX2RheXMiOjUsInZpX3VzZWNhc2VfaWQiOjEwODI3LCJkdXJhdGlvbl9zIjo3LCJ1cmxnZW5fc291cmNlIjoid3d3In0%3D&ccb=17-1&vs=77a434dfd34c7df6&_nc_vs=HBksFQIYTGlnX2JhY2tmaWxsX3RpbWVsaW5lX3ZvZC82QzQ1RUJBMjM3QUM1QjM4MUMzODc1ODc3NDRFNUJBRF92aWRlb19kYXNoaW5pdC5tcDQVAALIARIAFQIYUWlnX3hwdl9wbGFjZW1lbnRfcGVybWFuZW50X3YyL0U3NEM0RDIxQ0VBNzJERDhDMzIwMjZDQkVGNUMwMUE4X2F1ZGlvX2Rhc2hpbml0Lm1wNBUCAsgBEgAoABgAGwKIB3VzZV9vaWwBMRJwcm9ncmVzc2l2ZV9yZWNpcGUBMRUAACausrSj9JOrCRUCKAJDMywXQB2ZmZmZmZoYEmRhc2hfYmFzZWxpbmVfMV92MREAdf4HZZapAQA&_nc_gid=lkmlU01GaHMy7IsDTmOevQ&_nc_ss=7a3ba&_nc_zt=28&oh=00_AQKr4OVHeHqGuH72tWK_cb_pc1ajWvcfvXot4h_mwXfujQ&oe=6AB03C06,1789387206
evasavagiou,5077829,all natural greek goddess.,DdPVqw9Idvk,when did coming home stop meaning nobody could reach u anymore,17167,308,266899,https://scontent-arn2-1.cdninstagram.com/o1/v/t16/f2/m84/AQNCRRFHacxmLhvOEbckFWLhC_UDgooSXYq2pWU59IOWhN0likOw-sAtmfR_ywk_A1w4JuI8WkKZzQtl0pixRcbRrpB6A4F1qwt5z8k.mp4?_nc_cat=109&_nc_sid=5e9851&_nc_ht=scontent-arn2-1.cdninstagram.com&_nc_ohc=F-6lb6SR2KkQ7kNvwEEaLjP&efg=eyJ2ZW5jb2RlX3RhZyI6Inhwdl9wcm9ncmVzc2l2ZS5JTlNUQUdSQU0uQ0xJUFMuQzMuNzIwLmRhc2hfYmFzZWxpbmVfMV92MSIsInhwdl9hc3NldF9pZCI6MTYwNTQyOTM2MDkzNTQ5NiwiYXNzZXRfYWdlX2RheXMiOjUsInZpX3VzZWNhc2VfaWQiOjEwODI3LCJkdXJhdGlvbl9zIjoxMywidXJsZ2VuX3NvdXJjZSI6Ind3dyJ9&ccb=17-1&vs=72166d1ba3600845&_nc_vs=HBksFQIYTGlnX2JhY2tmaWxsX3RpbWVsaW5lX3ZvZC9DRjQzNzhBNTA3RkM1N0NBQjJBMEQ3MUVDNTlERDhBOF92aWRlb19kYXNoaW5pdC5tcDQVAALIARIAFQIYUWlnX3hwdl9wbGFjZW1lbnRfcGVybWFuZW50X3YyLzcxNDk0NDMzQzQ5NEE4MjM2Q0U4QzU2RDQzMTk4QTgzX2F1ZGlvX2Rhc2hpbml0Lm1wNBUCAsgBEgAoABgAGwKIB3VzZV9vaWwBMRJwcm9ncmVzc2l2ZV9yZWNpcGUBMRUAACaQiarspIjaBRUCKAJDMywXQCpU_fO2RaIYEmRhc2hfYmFzZWxpbmVfMV92MREAdf4HZZapAQA&_nc_gid=lkmlU01GaHMy7IsDTmOevQ&_nc_ss=7a3ba&_nc_zt=28&oh=00_AQKIaliiwAVa0_0tt2OdIVXdwCSHhHUL_G7wudMMImc9Fg&oe=6AB05957,1789328623
evasavagiou,5077829,all natural greek goddess.,DdGyUIbIg4N,did u send me my good morning inside the diary yet? 😌☕️,11769,367,179279,https://scontent-arn2-1.cdninstagram.com/o1/v/t16/f2/m84/AQPFQYfSP9F7RwoCTEbKMOVF68AveGVvFCrooXW5elVLEvjIKUkOjQIeaWJysm-OqdZUrrgbqXOJKwWR-G-uZx8PXQnJe-tUTrHXMA0.mp4?_nc_cat=108&_nc_sid=5e9851&_nc_ht=scontent-arn2-1.cdninstagram.com&_nc_ohc=mAFyF4qOYDIQ7kNvwGM2qnZ&efg=eyJ2ZW5jb2RlX3RhZyI6Inhwdl9wcm9ncmVzc2l2ZS5JTlNUQUdSQU0uQ0xJUFMuQzMuNzIwLmRhc2hfYmFzZWxpbmVfMV92MSIsInhwdl9hc3NldF9pZCI6MTc2MDE0MTE4NTI2NTYyOSwiYXNzZXRfYWdlX2RheXMiOjgsInZpX3VzZWNhc2VfaWQiOjEwODI3LCJkdXJhdGlvbl9zIjoxMywidXJsZ2VuX3NvdXJjZSI6Ind3dyJ9&ccb=17-1&vs=6f6e279b8e08c264&_nc_vs=HBksFQIYTGlnX2JhY2tmaWxsX3RpbWVsaW5lX3ZvZC9BMDQ2QkY3OUY0ODE0NjhGREQxOTdCQkQwRTUxNzI4QV92aWRlb19kYXNoaW5pdC5tcDQVAALIARIAFQIYUWlnX3hwdl9wbGFjZW1lbnRfcGVybWFuZW50X3YyLzAwNERDNTlBRTExMzVCRERDNzBBNzdENTFGQTA5NDk3X2F1ZGlvX2Rhc2hpbml0Lm1wNBUCAsgBEgAoABgAGwKIB3VzZV9vaWwBMRJwcm9ncmVzc2l2ZV9yZWNpcGUBMRUAACa6v9Hh2bWgBhUCKAJDMywXQCozMzMzMzMYEmRhc2hfYmFzZWxpbmVfMV92MREAdf4HZZapAQA&_nc_gid=lkmlU01GaHMy7IsDTmOevQ&_nc_ss=7a3ba&_nc_zt=28&oh=00_AQLk34T9-2BR6SHBrH9iefiw8DyVlaPNfnUkPgOMskkT9Q&oe=6AB05D58,1789041649
evasavagiou,5077829,all natural greek goddess.,DdENZYSI_mc,good morning detectives… case closed now? 😭,10011,282,168734,https://scontent-cph2-1.cdninstagram.com/o1/v/t16/f2/m84/AQOJ3GR75UkSWZBYSYgF6gWNHzYioIGzon1-DQwjUC8s55Higp3wc6ed_QwofoQpYlQFyNhQbTriZw9hySH1nq74EVnRKNlw6wihV-Q.mp4?_nc_cat=105&_nc_sid=5e9851&_nc_ht=scontent-cph2-1.cdninstagram.com&_nc_ohc=5_jaxPJSzGgQ7kNvwFt5PMU&efg=eyJ2ZW5jb2RlX3RhZyI6Inhwdl9wcm9ncmVzc2l2ZS5JTlNUQUdSQU0uQ0xJUFMuQzMuNzIwLmRhc2hfYmFzZWxpbmVfMV92MSIsInhwdl9hc3NldF9pZCI6MTA0MTYzNDgwODY3NTY5MywiYXNzZXRfYWdlX2RheXMiOjEwLCJ2aV91c2VjYXNlX2lkIjoxMDgyNywiZHVyYXRpb25fcyI6MjMsInVybGdlbl9zb3VyY2UiOiJ3d3cifQ%3D%3D&ccb=17-1&vs=da1d3e422558a5f&_nc_vs=HBksFQIYTGlnX2JhY2tmaWxsX3RpbWVsaW5lX3ZvZC9FQjQ4NzI0RkMzMTVGOUE1Qjk2NjM2REE4NURFRkJBNl92aWRlb19kYXNoaW5pdC5tcDQVAALIARIAFQIYUWlnX3hwdl9wbGFjZW1lbnRfcGVybWFuZW50X3YyLzRBNEY4OTcwNDUxQUI2MUI2NkZFN0E0RjI5Q0M0MkI2X2F1ZGlvX2Rhc2hpbml0Lm1wNBUCAsgBEgAoABgAGwKIB3VzZV9vaWwBMRJwcm9ncmVzc2l2ZV9yZWNpcGUBMRUAACba9Y2MkNfZAxUCKAJDMywXQDe7peNT988YEmRhc2hfYmFzZWxpbmVfMV92MREAdf4HZZapAQA&_nc_gid=3gbqGh-U0GXwAUgjCZ2UZg&_nc_ss=7a3ba&_nc_zt=28&oh=00_AQIwchKOwqWrt2cPh0VOsrJ2yvRorHkffi8vAd9Ra-lV7A&oe=6AB056CB,1788955183
evasavagiou,5077829,all natural greek goddess.,DdBovYio76n,i literally can’t think when i’m hungry lol,13210,305,363743,https://scontent-cph2-1.cdninstagram.com/o1/v/t16/f2/m84/AQMX_a0cnzAwni6X3xCc9mY4bgSf2rK37mxjsFjvbzDM5JXFpgc1BMp3c8XqlOxpjfSf_ap26ndb5yygu24NyQbZlGqy7R61yiJeA7A.mp4?_nc_cat=111&_nc_sid=5e9851&_nc_ht=scontent-cph2-1.cdninstagram.com&_nc_ohc=245kh2oPPkoQ7kNvwGUNzD3&efg=eyJ2ZW5jb2RlX3RhZyI6Inhwdl9wcm9ncmVzc2l2ZS5JTlNUQUdSQU0uQ0xJUFMuQzMuNzIwLmRhc2hfYmFzZWxpbmVfMV92MSIsInhwdl9hc3NldF9pZCI6MTA5Mjc4MTA2OTg2ODE5MywiYXNzZXRfYWdlX2RheXMiOjEwLCJ2aV91c2VjYXNlX2lkIjoxMDgyNywiZHVyYXRpb25fcyI6MjAsInVybGdlbl9zb3VyY2UiOiJ3d3cifQ%3D%3D&ccb=17-1&vs=1c75f0b3bb2d26e8&_nc_vs=HBksFQIYTGlnX2JhY2tmaWxsX3RpbWVsaW5lX3ZvZC82QzQ5MjVCODlCMUM5NjgyODBDREI1NjEyMTgwQjk5N192aWRlb19kYXNoaW5pdC5tcDQVAALIARIAFQIYUWlnX3hwdl9wbGFjZW1lbnRfcGVybWFuZW50X3YyLzEwNDk4QzgyRTcyODkyODE2MEMyQTVDMzk3QzE2MTgwX2F1ZGlvX2Rhc2hpbml0Lm1wNBUCAsgBEgAoABgAGwKIB3VzZV9vaWwBMRJwcm9ncmVzc2l2ZV9yZWNpcGUBMRUAACbC8uS3nfjwAxUCKAJDMywXQDREGJN0vGoYEmRhc2hfYmFzZWxpbmVfMV92MREAdf4HZZapAQA&_nc_gid=3gbqGh-U0GXwAUgjCZ2UZg&_nc_ss=7a3ba&_nc_zt=28&oh=00_AQLieNwDM03hlNfc43_WCBLHH8dm5uI3ovyuqptr9sBsUw&oe=6AB06379,1788868880
evasavagiou,5077829,all natural greek goddess.,Dc_EMzvIJhj,okayyy my friends in the states… i made us a little place called “eva is typing…” 💬 did u find it yet? 🥰,8768,246,157229,https://scontent-cph2-1.cdninstagram.com/o1/v/t16/f2/m84/AQPu6BOkUN2xBRN5ha8hQhaBJLu1_yWb5H46jIy52xImjcJ2gUyNdaBKNzJ8fU-akleraq4bYNIs29IfR21TdE2p7oeKHXzyh2qxmFg.mp4?_nc_cat=109&_nc_sid=5e9851&_nc_ht=scontent-cph2-1.cdninstagram.com&_nc_ohc=UawQ033bYugQ7kNvwFqaDOe&efg=eyJ2ZW5jb2RlX3RhZyI6Inhwdl9wcm9ncmVzc2l2ZS5JTlNUQUdSQU0uQ0xJUFMuQzMuNzIwLmRhc2hfYmFzZWxpbmVfMV92MSIsInhwdl9hc3NldF9pZCI6MTA2OTcyMDkwMjEzMjIyNSwiYXNzZXRfYWdlX2RheXMiOjExLCJ2aV91c2VjYXNlX2lkIjoxMDgyNywiZHVyYXRpb25fcyI6NiwidXJsZ2VuX3NvdXJjZSI6Ind3dyJ9&ccb=17-1&vs=4aaacdc84054ce7a&_nc_vs=HBksFQIYTGlnX2JhY2tmaWxsX3RpbWVsaW5lX3ZvZC83MDQ5QTY2NjgxRUJDODYzMDA5MTI2MDI3ODBFQkU4Ql92aWRlb19kYXNoaW5pdC5tcDQVAALIARIAFQIYUWlnX3hwdl9wbGFjZW1lbnRfcGVybWFuZW50X3YyL0EyNEY3NzNFMDMxMENCRDQ5RTM0OUJBMTA3Q0VDQzk1X2F1ZGlvX2Rhc2hpbml0Lm1wNBUCAsgBEgAoABgAGwKIB3VzZV9vaWwBMRJwcm9ncmVzc2l2ZV9yZWNpcGUBMRUAACaCiIvm-bnmAxUCKAJDMywXQBqp--dsi0QYEmRhc2hfYmFzZWxpbmVfMV92MREAdf4HZZapAQA&_nc_gid=3gbqGh-U0GXwAUgjCZ2UZg&_nc_ss=7a3ba&_nc_zt=28&oh=00_AQImqHrhn0xlnGfao0VZhjLXgoxxYpK7oOq2eCPFYreNhw&oe=6AB056B7,1788782593
evasavagiou,5077829,all natural greek goddess.,Dc6jU0PJHC7,pov: you’re in dallas and this is your saturday evening distraction ☺️,9040,219,283028,https://scontent-cph2-1.cdninstagram.com/o1/v/t16/f2/m84/AQPaNAkv3I1tQIZEUJxUpfe423zuOQ7McGj9q2ZbUqvmN2-A_1YFpC97NPw62yAX4YKN_4c5erSERATBN0HI2V06m8Ij9vqtIuii7vo.mp4?_nc_cat=109&_nc_sid=5e9851&_nc_ht=scontent-cph2-1.cdninstagram.com&_nc_ohc=VljNsSRLt9AQ7kNvwG3-tyO&efg=eyJ2ZW5jb2RlX3RhZyI6Inhwdl9wcm9ncmVzc2l2ZS5JTlNUQUdSQU0uQ0xJUFMuQzMuNzIwLmRhc2hfYmFzZWxpbmVfMV92MSIsInhwdl9hc3NldF9pZCI6Mjk4NDE5OTE1ODU5NDQ2MSwiYXNzZXRfYWdlX2RheXMiOjEzLCJ2aV91c2VjYXNlX2lkIjoxMDgyNywiZHVyYXRpb25fcyI6MTAsInVybGdlbl9zb3VyY2UiOiJ3d3cifQ%3D%3D&ccb=17-1&vs=5701ba4d872cd9f3&_nc_vs=HBksFQIYTGlnX2JhY2tmaWxsX3RpbWVsaW5lX3ZvZC8zRjQxREFBNjRERDQ5REVDQzQzOUJCOTJCNjJFNTQ4MV92aWRlb19kYXNoaW5pdC5tcDQVAALIARIAFQIYUWlnX3hwdl9wbGFjZW1lbnRfcGVybWFuZW50X3YyLzFBNEREMThCQUM4MEEyMzExQkQyQzMwMEU4OTcwOEE0X2F1ZGlvX2Rhc2hpbml0Lm1wNBUCAsgBEgAoABgAGwKIB3VzZV9vaWwBMRJwcm9ncmVzc2l2ZV9yZWNpcGUBMRUAACa67susoIfNChUCKAJDMywXQCQAAAAAAAAYEmRhc2hfYmFzZWxpbmVfMV92MREAdf4HZZapAQA&_nc_gid=3gbqGh-U0GXwAUgjCZ2UZg&_nc_ss=7a3ba&_nc_zt=28&oh=00_AQJ-08vICyt2pr_7nZ9wiDx1Xn181iUg1WaEhCG4RxB7Kw&oe=6AB07273,1788631148
evasavagiou,5077829,all natural greek goddess.,Dc4AVleo4Es,rate my shopping outfit 1-10 🤍,18113,310,473585,https://scontent-cph2-1.cdninstagram.com/o1/v/t16/f2/m84/AQP07edhNlGdbz6HFs0YveYAB0HYkCOVdRdelQ8JBZTv_BMUD1hurEJlY5vdVcbVqe-NYcm8fZdkYNBpeQvKALO4RZEV7SQUsDks4lI.mp4?_nc_cat=107&_nc_sid=5e9851&_nc_ht=scontent-cph2-1.cdninstagram.com&_nc_ohc=j8M6JJYeEhAQ7kNvwFTk-FW&efg=eyJ2ZW5jb2RlX3RhZyI6Inhwdl9wcm9ncmVzc2l2ZS5JTlNUQUdSQU0uQ0xJUFMuQzMuNzIwLmRhc2hfYmFzZWxpbmVfMV92MSIsInhwdl9hc3NldF9pZCI6MTc2Mzg3NTY5ODE0OTU1OSwiYXNzZXRfYWdlX2RheXMiOjE0LCJ2aV91c2VjYXNlX2lkIjoxMDgyNywiZHVyYXRpb25fcyI6OSwidXJsZ2VuX3NvdXJjZSI6Ind3dyJ9&ccb=17-1&vs=56ac6b9bf3124917&_nc_vs=HBksFQIYTGlnX2JhY2tmaWxsX3RpbWVsaW5lX3ZvZC83QTQ4MDgxRTQzMDVBNkVCNzE0N0JBOEY5NUU1RUZBQl92aWRlb19kYXNoaW5pdC5tcDQVAALIARIAFQIYUWlnX3hwdl9wbGFjZW1lbnRfcGVybWFuZW50X3YyL0U3NDNDQjZFNjk0MTFFM0ZBMUU1QzM5OUNCNEU3MDhDX2F1ZGlvX2Rhc2hpbml0Lm1wNBUCAsgBEgAoABgAGwKIB3VzZV9vaWwBMRJwcm9ncmVzc2l2ZV9yZWNpcGUBMRUAACbuotSGio-iBhUCKAJDMywXQCKIMSbpeNUYEmRhc2hfYmFzZWxpbmVfMV92MREAdf4HZZapAQA&_nc_gid=3gbqGh-U0GXwAUgjCZ2UZg&_nc_ss=7a3ba&_nc_zt=28&oh=00_AQJtWsD-PxpISqCU4ENE5YVKU1GFm8YC0y9Blb3O8uVoIQ&oe=6AB05801,1788545697
evasavagiou,5077829,all natural greek goddess.,Dc0bLOOIIdA,this red dress >>,14255,286,1254075,https://scontent-cph2-1.cdninstagram.com/o1/v/t16/f2/m84/AQM06mxr6nRUOxmZ77rOcgay6OTVP6vapTb4qF4O-D2nsTI_ph3AfrvmIYA7htLdhXDgojqbE1gszLlTZE-P1qsUqUyvb5jfcXu8SE8.mp4?_nc_cat=100&_nc_sid=5e9851&_nc_ht=scontent-cph2-1.cdninstagram.com&_nc_ohc=LZ64tcuCU6UQ7kNvwE_cvQb&efg=eyJ2ZW5jb2RlX3RhZyI6Inhwdl9wcm9ncmVzc2l2ZS5JTlNUQUdSQU0uQ0xJUFMuQzMuNzIwLmRhc2hfYmFzZWxpbmVfMV92MSIsInhwdl9hc3NldF9pZCI6MjI3MDUzNTU5MzcwOTYwMiwiYXNzZXRfYWdlX2RheXMiOjE2LCJ2aV91c2VjYXNlX2lkIjoxMDgyNywiZHVyYXRpb25fcyI6OSwidXJsZ2VuX3NvdXJjZSI6Ind3dyJ9&ccb=17-1&vs=32b9e72cb726ecac&_nc_vs=HBksFQIYTGlnX2JhY2tmaWxsX3RpbWVsaW5lX3ZvZC9FNTRDQjY5QkVEODU2OUQ5MEEyNjZBNDA4NDk4RjE5N192aWRlb19kYXNoaW5pdC5tcDQVAALIARIAFQIYUWlnX3hwdl9wbGFjZW1lbnRfcGVybWFuZW50X3YyL0E2NEQzRENDNTVFMEVCMzlEQzM4MzE0REU1ODI1RjlBX2F1ZGlvX2Rhc2hpbml0Lm1wNBUCAsgBEgAoABgAGwKIB3VzZV9vaWwBMRJwcm9ncmVzc2l2ZV9yZWNpcGUBMRUAACbEwJq4yMKICBUCKAJDMywXQCJU_fO2RaIYEmRhc2hfYmFzZWxpbmVfMV92MREAdf4HZZapAQA&_nc_gid=3gbqGh-U0GXwAUgjCZ2UZg&_nc_ss=7a3ba&_nc_zt=28&oh=00_AQLHvKwKIxLFw8WLyIaZc1BRoG17zXX3rSt6_4CIi7sG8g&oe=6AB06B80,1788425533
michellediaz_x,249389,,DdaV7C1t5It,Do you like football?⚽️,2581,109,31313,https://scontent-cph2-1.cdninstagram.com/o1/v/t2/f2/m86/AQO7H5XbDZulfMRNlc-7lRANGvNWuBgD_QBcYQvuGJ0bxOqJ9DSUKfidjKhCZjG1TwH0yFzCk3OvXuq4pgjhGD4r1SW8nNI6E5eSGc4.mp4?_nc_cat=110&_nc_sid=5e9851&_nc_ht=scontent-cph2-1.cdninstagram.com&_nc_ohc=S_6S72NxgQkQ7kNvwHcgafh&efg=eyJ2ZW5jb2RlX3RhZyI6Inhwdl9wcm9ncmVzc2l2ZS5JTlNUQUdSQU0uQ0xJUFMuQzMuNzIwLmRhc2hfYmFzZWxpbmVfMV92MSIsInhwdl9hc3NldF9pZCI6MTA3MTkxMjk3OTAzOTQ3MiwiYXNzZXRfYWdlX2RheXMiOjEsInZpX3VzZWNhc2VfaWQiOjEwMDk5LCJkdXJhdGlvbl9zIjo5LCJ1cmxnZW5fc291cmNlIjoid3d3In0%3D&ccb=17-1&vs=b08058b352a4a867&_nc_vs=HBksFQIYUmlnX3hwdl9yZWVsc19wZXJtYW5lbnRfc3JfcHJvZC9GNTRCRjExMzM1OTIxMDY5QUU4MDc5MTQ3MzY2NTM4RF92aWRlb19kYXNoaW5pdC5tcDQVAALIARIAFQIYUWlnX3hwdl9wbGFjZW1lbnRfcGVybWFuZW50X3YyL0MxNEE5NDFBMEMyN0VBMkFEQzZENTIwN0YyQjRCRDhEX2F1ZGlvX2Rhc2hpbml0Lm1wNBUCAsgBEgAoABgAGwKIB3VzZV9vaWwBMRJwcm9ncmVzc2l2ZV9yZWNpcGUBMRUAACbgk8SFxrnnAxUCKAJDMywXQCK7ZFocrAgYEmRhc2hfYmFzZWxpbmVfMV92MREAdf4HZeadAQA&_nc_gid=h1rSYKDX12BZW7xI1E1yjQ&_nc_ss=7a3ba&_nc_zt=28&oh=00_AQK8mhIvnYWSq3zCltuhtK3k4uhsSUViwvvMR6PCETsbBg&oe=6AB0400B,1789697847
michellediaz_x,249389,,DdZzlQsxwl2,Shoot day 🌊🐚,2319,98,43707,https://scontent-cph2-1.cdninstagram.com/o1/v/t2/f2/m86/AQO8v2Bf9mOsYSdvdqOdRq48ddgVr6s2ctHG7pE_VLP1Am5NuhsuW2LrD0I8Yv4VEw0uzWzlHUp48EMVjgSR5JAa9gZFIG6Eaxg725A.mp4?_nc_cat=108&_nc_sid=5e9851&_nc_ht=scontent-cph2-1.cdninstagram.com&_nc_ohc=7YH8yAcvaH8Q7kNvwEbMBjD&efg=eyJ2ZW5jb2RlX3RhZyI6Inhwdl9wcm9ncmVzc2l2ZS5JTlNUQUdSQU0uQ0xJUFMuQzMuNzIwLmRhc2hfYmFzZWxpbmVfMV92MSIsInhwdl9hc3NldF9pZCI6MjU4NTk0ODAwODQ5NDYzMiwiYXNzZXRfYWdlX2RheXMiOjEsInZpX3VzZWNhc2VfaWQiOjEwMDk5LCJkdXJhdGlvbl9zIjo5LCJ1cmxnZW5fc291cmNlIjoid3d3In0%3D&ccb=17-1&vs=538f63ea2d642458&_nc_vs=HBksFQIYUmlnX3hwdl9yZWVsc19wZXJtYW5lbnRfc3JfcHJvZC81RTRCQjY3NzgwRjYwQUNGMDg2OTc2RDY4RjU1QUY5NV92aWRlb19kYXNoaW5pdC5tcDQVAALIARIAFQIYUWlnX3hwdl9wbGFjZW1lbnRfcGVybWFuZW50X3YyLzVBNEY4QzVCRjZENUQzRTE4NUYyMDlDRkFEMEE2Q0I3X2F1ZGlvX2Rhc2hpbml0Lm1wNBUCAsgBEgAoABgAGwKIB3VzZV9vaWwBMRJwcm9ncmVzc2l2ZV9yZWNpcGUBMRUAACbQ2KGH_vmXCRUCKAJDMywXQCMzMzMzMzMYEmRhc2hfYmFzZWxpbmVfMV92MREAdf4HZeadAQA&_nc_gid=h1rSYKDX12BZW7xI1E1yjQ&_nc_ss=7a3ba&_nc_zt=28&oh=00_AQLGF8KZcXiryjmazLzPshLjYS4MPKQvwM5Hj9-98uDCKQ&oe=6AB06D55,1789680031
michellediaz_x,249389,,DdUphX3xRae,🐟 @michellediaz_x,6978,136,238054,https://scontent-cph2-1.cdninstagram.com/o1/v/t2/f2/m86/AQMB9lPpwTsUnJ4KX8BWu6flvPnmsYFJ1OieLZlYSrTqAqVpGYTTOLzjspwioDBhJDxdTdaJu2XuEdGbG-xfaLRpVY-ANMeslgBAaEg.mp4?_nc_cat=104&_nc_sid=5e9851&_nc_ht=scontent-cph2-1.cdninstagram.com&_nc_ohc=houXSYHYTa4Q7kNvwFa-ILH&efg=eyJ2ZW5jb2RlX3RhZyI6Inhwdl9wcm9ncmVzc2l2ZS5JTlNUQUdSQU0uQ0xJUFMuQzMuNzIwLmRhc2hfYmFzZWxpbmVfMV92MSIsInhwdl9hc3NldF9pZCI6MjI0OTIwNTY2NTkyOTk5NiwiYXNzZXRfYWdlX2RheXMiOjMsInZpX3VzZWNhc2VfaWQiOjEwMDk5LCJkdXJhdGlvbl9zIjoyMiwidXJsZ2VuX3NvdXJjZSI6Ind3dyJ9&ccb=17-1&vs=7148b1caa049c0aa&_nc_vs=HBksFQIYUmlnX3hwdl9yZWVsc19wZXJtYW5lbnRfc3JfcHJvZC83QjRGRTM3OTc3QjM2ODlFMUY0N0Q5M0M5ODlBNDA5N192aWRlb19kYXNoaW5pdC5tcDQVAALIARIAFQIYUWlnX3hwdl9wbGFjZW1lbnRfcGVybWFuZW50X3YyLzYyNDM2Q0U4NkUyMDk2MEFERkJERDJGNThERkM4MEIyX2F1ZGlvX2Rhc2hpbml0Lm1wNBUCAsgBEgAoABgAGwKIB3VzZV9vaWwBMRJwcm9ncmVzc2l2ZV9yZWNpcGUBMRUAACaY7PSLgOn-BxUCKAJDMywXQDbdsi0OVgQYEmRhc2hfYmFzZWxpbmVfMV92MREAdf4HZeadAQA&_nc_gid=h1rSYKDX12BZW7xI1E1yjQ&_nc_ss=7a3ba&_nc_zt=28&oh=00_AQIogm9gnzydORtUUaB_Ka0hQVAczmNE_nT905HsNVjeeA&oe=6AB06399,1789506847
michellediaz_x,249389,,DcWnGORxe65,Bailando para ti 🩶,12518,303,460409,https://scontent-cph2-1.cdninstagram.com/o1/v/t2/f2/m86/AQMkhHH9sX99qhWzKwYkWZdItMfDzRiUmiR1GQBPjHRQyDyj0zr32m0dXu_uFW8u9HcD9RNkaxYinl4Qc2ahHLJgIOeTHfO_k8zc4DI.mp4?_nc_cat=101&_nc_sid=5e9851&_nc_ht=scontent-cph2-1.cdninstagram.com&_nc_ohc=sSLZ3DyEp3QQ7kNvwHR0hKK&efg=eyJ2ZW5jb2RlX3RhZyI6Inhwdl9wcm9ncmVzc2l2ZS5JTlNUQUdSQU0uQ0xJUFMuQzMuNzIwLmRhc2hfYmFzZWxpbmVfMV92MSIsInhwdl9hc3NldF9pZCI6MTM4NjgxMTE0MDMwNTE2NywiYXNzZXRfYWdlX2RheXMiOjI3LCJ2aV91c2VjYXNlX2lkIjoxMDA5OSwiZHVyYXRpb25fcyI6MTMsInVybGdlbl9zb3VyY2UiOiJ3d3cifQ%3D%3D&ccb=17-1&vs=b498d58b4d790b96&_nc_vs=HBkcFQIYUmlnX3hwdl9yZWVsc19wZXJtYW5lbnRfc3JfcHJvZC85ODQ1NDA3ODIyQjNCQ0RGNjA3OTdCRkUwNjFBMkJCRF92aWRlb19kYXNoaW5pdC5tcDQVAALIARIAKAAYABsCiAd1c2Vfb2lsATEScHJvZ3Jlc3NpdmVfcmVjaXBlATEVAAAmnsSbloTT9gQVAigCQzMsF0AqEOVgQYk3GBJkYXNoX2Jhc2VsaW5lXzFfdjERAHX-B2XmnQEA&_nc_gid=h1rSYKDX12BZW7xI1E1yjQ&_nc_ss=7a3ba&_nc_zt=28&oh=00_AQIts38yZM-ponclgWRdqDY4dj3adxvYYk3PyFGblaUzUg&oe=6AB04432,1787425192
michellediaz_x,249389,,Dc4jxEhxpzF,🩵,7884,193,208802,https://scontent-cph2-1.cdninstagram.com/o1/v/t16/f2/m84/AQOT5Etb7pxkhinhPkCOKpwgX6RzjZvlkwMvN_U0IEQ3t_l_owXuA5BUAhkK2_4bszw2aEtCuZbzW7b4TmU_J8w0htHyTXZEXuW_d5g.mp4?_nc_cat=104&_nc_sid=5e9851&_nc_ht=scontent-cph2-1.cdninstagram.com&_nc_ohc=KEgQ25u8wYcQ7kNvwHvTI9H&efg=eyJ2ZW5jb2RlX3RhZyI6Inhwdl9wcm9ncmVzc2l2ZS5JTlNUQUdSQU0uQ0xJUFMuQzMuNzIwLmRhc2hfYmFzZWxpbmVfMV92MSIsInhwdl9hc3NldF9pZCI6MzAwMTM3OTI1Njg2OTQ3MSwiYXNzZXRfYWdlX2RheXMiOjE0LCJ2aV91c2VjYXNlX2lkIjoxMDgyNywiZHVyYXRpb25fcyI6MTIsInVybGdlbl9zb3VyY2UiOiJ3d3cifQ%3D%3D&ccb=17-1&vs=d641e1acd2f44c9f&_nc_vs=HBksFQIYTGlnX2JhY2tmaWxsX3RpbWVsaW5lX3ZvZC9CMTQ2M0NBMEM3MTM4NTg4RTVBMDhCNUU0RjQ0MTY4Nl92aWRlb19kYXNoaW5pdC5tcDQVAALIARIAFQIYUWlnX3hwdl9wbGFjZW1lbnRfcGVybWFuZW50X3YyLzRCNDMzNDA5OENBMjBFQUFCMUE1ODlFRTI2ODUxQjgyX2F1ZGlvX2Rhc2hpbml0Lm1wNBUCAsgBEgAoABgAGwKIB3VzZV9vaWwBMRJwcm9ncmVzc2l2ZV9yZWNpcGUBMRUAACa-iYmHou_UChUCKAJDMywXQCh3S8an754YEmRhc2hfYmFzZWxpbmVfMV92MREAdf4HZZapAQA&_nc_gid=h1rSYKDX12BZW7xI1E1yjQ&_nc_ss=7a3ba&_nc_zt=28&oh=00_AQIv9mNtUQ6KX9yjCedeXGO7qLJRh_fwZcDLpzBu0wnAgw&oe=6AB05E28,1788564306
michellediaz_x,249389,,DcGqkA0xfAp,Easyyyy,23376,731,1173463,https://scontent-cph2-1.cdninstagram.com/o1/v/t16/f2/m84/AQPcwYfSGgdPyEdiO9BrYAwLQzbqp1Rmfo4X6YgmpUkDTsmg3hwFNOBDiVE1XDBTPcdpMA4StsY00yhXr1Qqfkh1Q24UIjUgiTENWyI.mp4?_nc_cat=108&_nc_sid=5e9851&_nc_ht=scontent-cph2-1.cdninstagram.com&_nc_ohc=VyPImVHmsugQ7kNvwGRZWeC&efg=eyJ2ZW5jb2RlX3RhZyI6Inhwdl9wcm9ncmVzc2l2ZS5JTlNUQUdSQU0uQ0xJUFMuQzMuNzIwLmRhc2hfYmFzZWxpbmVfMV92MSIsInhwdl9hc3NldF9pZCI6MjMyMzUxOTAzMTc5MTIzNywiYXNzZXRfYWdlX2RheXMiOjMzLCJ2aV91c2VjYXNlX2lkIjoxMDgyNywiZHVyYXRpb25fcyI6MTMsInVybGdlbl9zb3VyY2UiOiJ3d3cifQ%3D%3D&ccb=17-1&vs=b82ec1c8300119fe&_nc_vs=HBksFQIYTGlnX2JhY2tmaWxsX3RpbWVsaW5lX3ZvZC9CQzQ5NTZCODM2OTY0ODJBQjcwRjAwRTEyNkFGMTZBNl92aWRlb19kYXNoaW5pdC5tcDQVAALIARIAFQIYUWlnX3hwdl9wbGFjZW1lbnRfcGVybWFuZW50X3YyLzVCNDcxQTI0RDY1RTE1QTZGODIwM0QyMTNFOEEzRjkyX2F1ZGlvX2Rhc2hpbml0Lm1wNBUCAsgBEgAoABgAGwKIB3VzZV9vaWwBMRJwcm9ncmVzc2l2ZV9yZWNpcGUBMRUAACaKuqbozc6gCBUCKAJDMywXQCuZmZmZmZoYEmRhc2hfYmFzZWxpbmVfMV92MREAdf4HZZapAQA&_nc_gid=h1rSYKDX12BZW7xI1E1yjQ&_nc_ss=7a3ba&_nc_zt=28&oh=00_AQKvnoX-U4WELnt9SZJB_iDxa7sIJrI6rsv5ByJpvoDxNw&oe=6AB06634,1786890221
michellediaz_x,249389,,DczRCO9x_RH,,13786,481,285659,https://scontent-cph2-1.cdninstagram.com/o1/v/t2/f2/m86/AQNaoQtg6mxtMG3lGdeGHIiGsTTURiVWAfqnhkLRmksabFmJXTICrW_C6HsZbn5Bj-w9uKsTOhPXWjd6oZ6RQecNsg-hg8SPRK-Pc6M.mp4?_nc_cat=101&_nc_sid=5e9851&_nc_ht=scontent-cph2-1.cdninstagram.com&_nc_ohc=UPsdFatfqNgQ7kNvwG9JQl0&efg=eyJ2ZW5jb2RlX3RhZyI6Inhwdl9wcm9ncmVzc2l2ZS5JTlNUQUdSQU0uQ0xJUFMuQzMuNzIwLmRhc2hfYmFzZWxpbmVfMV92MSIsInhwdl9hc3NldF9pZCI6MjM0ODM1Nzk1OTMyNTk5OSwiYXNzZXRfYWdlX2RheXMiOjE2LCJ2aV91c2VjYXNlX2lkIjoxMDA5OSwiZHVyYXRpb25fcyI6OSwidXJsZ2VuX3NvdXJjZSI6Ind3dyJ9&ccb=17-1&vs=b539b15760f69b3c&_nc_vs=HBkcFQIYUmlnX3hwdl9yZWVsc19wZXJtYW5lbnRfc3JfcHJvZC83MjQyMUE4QUExNjRERTFGQjg2QUFENzNEMUU0NEU4N192aWRlb19kYXNoaW5pdC5tcDQVAALIARIAKAAYABsCiAd1c2Vfb2lsATEScHJvZ3Jlc3NpdmVfcmVjaXBlATEVAAAm3uTEn7b0qwgVAigCQzMsF0Aiqn752yLRGBJkYXNoX2Jhc2VsaW5lXzFfdjERAHX-B2XmnQEA&_nc_gid=h1rSYKDX12BZW7xI1E1yjQ&_nc_ss=7a3ba&_nc_zt=28&oh=00_AQIz6YKYmwHtVYbw-Rfs5qg2UU4KneVxcPaS8bUiZhOh1A&oe=6AB04CAE,1788386671
michellediaz_x,249389,,Dc_Xx5RRrDq,,8177,220,286000,https://scontent-cph2-1.cdninstagram.com/o1/v/t16/f2/m84/AQMGL01e1iF3IzDbPItadl8KvQgUuRRRx_d_I4qD6h3VmDOUFyFYloILVC3uXSeuSbaPp8IDqP5FZLAtiSROeCSuxDpUYCgldM6au4I.mp4?_nc_cat=104&_nc_sid=5e9851&_nc_ht=scontent-cph2-1.cdninstagram.com&_nc_ohc=bgm9Wau-x44Q7kNvwHdpWt9&efg=eyJ2ZW5jb2RlX3RhZyI6Inhwdl9wcm9ncmVzc2l2ZS5JTlNUQUdSQU0uQ0xJUFMuQzMuNzIwLmRhc2hfYmFzZWxpbmVfMV92MSIsInhwdl9hc3NldF9pZCI6MTA0MTk2MDgxMjE2OTcwMiwiYXNzZXRfYWdlX2RheXMiOjExLCJ2aV91c2VjYXNlX2lkIjoxMDgyNywiZHVyYXRpb25fcyI6MTAsInVybGdlbl9zb3VyY2UiOiJ3d3cifQ%3D%3D&ccb=17-1&vs=a4eeb8afaf7efe06&_nc_vs=HBksFQIYTGlnX2JhY2tmaWxsX3RpbWVsaW5lX3ZvZC9ERTRBNDlGQTgxNDk5QTA1QTRCMEEyRDE0NUFEMzg4NV92aWRlb19kYXNoaW5pdC5tcDQVAALIARIAFQIYUWlnX3hwdl9wbGFjZW1lbnRfcGVybWFuZW50X3YyL0U5NEI2MThGMzcwMjExNkQ3QzNBQkQ1NzlGRjQyQTlDX2F1ZGlvX2Rhc2hpbml0Lm1wNBUCAsgBEgAoABgAGwKIB3VzZV9vaWwBMRJwcm9ncmVzc2l2ZV9yZWNpcGUBMRUAACbMp6KBjerZAxUCKAJDMywXQCWZmZmZmZoYEmRhc2hfYmFzZWxpbmVfMV92MREAdf4HZZapAQA&_nc_gid=h1rSYKDX12BZW7xI1E1yjQ&_nc_ss=7a3ba&_nc_zt=28&oh=00_AQL56bL-uizMv7fBLHlYAOwmaXfT9ZhLVvrQQa43UGR3Qw&oe=6AB04D34,1788793009
michellediaz_x,249389,,Dc1eBYSRA4t,,9219,180,206971,https://scontent-cph2-1.cdninstagram.com/o1/v/t16/f2/m84/AQPzouSN6H6eEnbB8QV48khFX-TEQbBhI4aiXRsy1FbIp4iI5YswXpCgD4A0nFYl2BQGU9gG4-aAJ5i_yLaAwJ9hioFI7JwhGjC_j5k.mp4?_nc_cat=104&_nc_sid=5e9851&_nc_ht=scontent-cph2-1.cdninstagram.com&_nc_ohc=IQ-DtBShPWEQ7kNvwHP-um7&efg=eyJ2ZW5jb2RlX3RhZyI6Inhwdl9wcm9ncmVzc2l2ZS5JTlNUQUdSQU0uQ0xJUFMuQzMuNzIwLmRhc2hfYmFzZWxpbmVfMV92MSIsInhwdl9hc3NldF9pZCI6MjQ4NTU4MDc1NTI2NzgxMSwiYXNzZXRfYWdlX2RheXMiOjE1LCJ2aV91c2VjYXNlX2lkIjoxMDgyNywiZHVyYXRpb25fcyI6MTQsInVybGdlbl9zb3VyY2UiOiJ3d3cifQ%3D%3D&ccb=17-1&vs=ec3bbce77d1c3fee&_nc_vs=HBkcFQIYTGlnX2JhY2tmaWxsX3RpbWVsaW5lX3ZvZC9GOTQ0RkFFMjg5NzYyREUwRTJGNkY1RjA2NTE4MENCMF92aWRlb19kYXNoaW5pdC5tcDQVAALIARIAKAAYABsCiAd1c2Vfb2lsATEScHJvZ3Jlc3NpdmVfcmVjaXBlATEVAAAmxsPT3-un6ggVAigCQzMsF0AsAAAAAAAAGBJkYXNoX2Jhc2VsaW5lXzFfdjERAHX-B2WWqQEA&_nc_gid=h1rSYKDX12BZW7xI1E1yjQ&_nc_ss=7a3ba&_nc_zt=28&oh=00_AQJwLyDnjSKje58VmYeLpoMuorXx5-urNzaq3fAn9U-72w&oe=6AB05C68,1788460616
michellediaz_x,249389,,DcoDhJaRu03,Buenos dias✨,7641,338,142434,https://scontent-hel3-1.cdninstagram.com/o1/v/t2/f2/m86/AQNL5jcgfEGUjr-yN80R43X4n7Eb-9IydmPflXLDYBOhPok-AT2xrc86i7B4FtaeMMVYI75OlyIRhj1qWWQd6M6tSTJDbnXITOn-O3s.mp4?_nc_cat=104&_nc_sid=5e9851&_nc_ht=scontent-hel3-1.cdninstagram.com&_nc_ohc=qCz1oDCBNLkQ7kNvwEWmkPe&efg=eyJ2ZW5jb2RlX3RhZyI6Inhwdl9wcm9ncmVzc2l2ZS5JTlNUQUdSQU0uQ0xJUFMuQzMuNzIwLmRhc2hfYmFzZWxpbmVfMV92MSIsInhwdl9hc3NldF9pZCI6MTUwNDM0NDM4ODA3ODAzNywiYXNzZXRfYWdlX2RheXMiOjIwLCJ2aV91c2VjYXNlX2lkIjoxMDA5OSwiZHVyYXRpb25fcyI6OSwidXJsZ2VuX3NvdXJjZSI6Ind3dyJ9&ccb=17-1&vs=4e4f50089955f417&_nc_vs=HBksFQIYUmlnX3hwdl9yZWVsc19wZXJtYW5lbnRfc3JfcHJvZC8yOTREOUJBNEJGQjhCQTQ2RkMwQzg1QTAxMzI5QkFBRF92aWRlb19kYXNoaW5pdC5tcDQVAALIARIAFQIYUWlnX3hwdl9wbGFjZW1lbnRfcGVybWFuZW50X3YyLzAyNEQ4OUEwQ0RERDUwNDQwMjk3NTc5QUU5QzdEOUJBX2F1ZGlvX2Rhc2hpbml0Lm1wNBUCAsgBEgAoABgAGwKIB3VzZV9vaWwBMRJwcm9ncmVzc2l2ZV9yZWNpcGUBMRUAACaqp_iNr4ysBRUCKAJDMywXQCNmZmZmZmYYEmRhc2hfYmFzZWxpbmVfMV92MREAdf4HZeadAQA&_nc_gid=yCxzx5X6JREMyKNdXDK9NQ&_nc_ss=7a3ba&_nc_zt=28&oh=00_AQJsbkEsqnePXrlcg89wuiAWWLlBhB55Zi5sXHgfI2UbOA&oe=6AB05A81,1788010488
michellediaz_x,249389,,Dc7Hi4_R6K1,Ok,5002,158,77329,https://scontent-hel3-1.cdninstagram.com/o1/v/t16/f2/m84/AQOtrpBajXXZhaynej8at7ADNUBD_4K16uDhXr9YF82wSbyZzkqLKJF-WfAZvqtLKaYUebxtfIvp_HVrDugOt7m8D8mMCiPjSH4tFw0.mp4?_nc_cat=110&_nc_sid=5e9851&_nc_ht=scontent-hel3-1.cdninstagram.com&_nc_ohc=wVymzPku0goQ7kNvwGYn4b2&efg=eyJ2ZW5jb2RlX3RhZyI6Inhwdl9wcm9ncmVzc2l2ZS5JTlNUQUdSQU0uQ0xJUFMuQzMuNzIwLmRhc2hfYmFzZWxpbmVfMV92MSIsInhwdl9hc3NldF9pZCI6MTg1NDUyNDk1OTI1OTYwMSwiYXNzZXRfYWdlX2RheXMiOjEzLCJ2aV91c2VjYXNlX2lkIjoxMDgyNywiZHVyYXRpb25fcyI6MTEsInVybGdlbl9zb3VyY2UiOiJ3d3cifQ%3D%3D&ccb=17-1&vs=edaf38583075e59&_nc_vs=HBksFQIYTGlnX2JhY2tmaWxsX3RpbWVsaW5lX3ZvZC8zRTQ2RjRFNUY0REY2MkQ1MTkxRENFNTRDQTgxMjJCN192aWRlb19kYXNoaW5pdC5tcDQVAALIARIAFQIYUWlnX3hwdl9wbGFjZW1lbnRfcGVybWFuZW50X3YyLzlBNDRBMEI5QkY4NDM1QkZDMzI4QzU2MzdBMzc4RTg3X2F1ZGlvX2Rhc2hpbml0Lm1wNBUCAsgBEgAoABgAGwKIB3VzZV9vaWwBMRJwcm9ncmVzc2l2ZV9yZWNpcGUBMRUAACai7-PWx6vLBhUCKAJDMywXQCbdsi0OVgQYEmRhc2hfYmFzZWxpbmVfMV92MREAdf4HZZapAQA&_nc_gid=yCxzx5X6JREMyKNdXDK9NQ&_nc_ss=7a3ba&_nc_zt=28&oh=00_AQIeJEFIGo_S6YjKCdYI63UD02n5ya9KujeTslsLQVZOtQ&oe=6AB046A6,1788650140
michellediaz_x,249389,,DctSLbCxr2H,Say hi to my sister 😍🇨🇴,7180,380,198619,https://scontent-hel3-1.cdninstagram.com/o1/v/t2/f2/m86/AQMA3ZSpfeT8Z0SJlQU2JPF-nYwvx4WUVRrG9nD6LzncKPAxVMvh3FF-L-Bl2NgxJmqzz1jZNuM2zxASY9_GVALedhq1EctkSrsOsG8.mp4?_nc_cat=102&_nc_sid=5e9851&_nc_ht=scontent-hel3-1.cdninstagram.com&_nc_ohc=_TjO6vJ_ytYQ7kNvwH_d7u9&efg=eyJ2ZW5jb2RlX3RhZyI6Inhwdl9wcm9ncmVzc2l2ZS5JTlNUQUdSQU0uQ0xJUFMuQzMuNzIwLmRhc2hfYmFzZWxpbmVfMV92MSIsInhwdl9hc3NldF9pZCI6MTUwNDAwMzUxMTc0NTIwNCwiYXNzZXRfYWdlX2RheXMiOjE4LCJ2aV91c2VjYXNlX2lkIjoxMDA5OSwiZHVyYXRpb25fcyI6OCwidXJsZ2VuX3NvdXJjZSI6Ind3dyJ9&ccb=17-1&vs=f653483d25fc47d7&_nc_vs=HBksFQIYUmlnX3hwdl9yZWVsc19wZXJtYW5lbnRfc3JfcHJvZC8zMjQ2QjYzQjFGMkEwNUQ0NjM3QThDQUU5OUJFRkFBNV92aWRlb19kYXNoaW5pdC5tcDQVAALIARIAFQIYUWlnX3hwdl9wbGFjZW1lbnRfcGVybWFuZW50X3YyLzg4NDEyRTc5MjhEODFGRjU1MEZBMDQyMDE4MTg1MDg5X2F1ZGlvX2Rhc2hpbml0Lm1wNBUCAsgBEgAoABgAGwKIB3VzZV9vaWwBMRJwcm9ncmVzc2l2ZV9yZWNpcGUBMRUAACbo6veww_irBRUCKAJDMywXQCAhysCDEm8YEmRhc2hfYmFzZWxpbmVfMV92MREAdf4HZeadAQA&_nc_gid=yCxzx5X6JREMyKNdXDK9NQ&_nc_ss=7a3ba&_nc_zt=28&oh=00_AQKVuAnwc7r1PkQoc9XugkPjdm6PPxGX69aknMCRFbGGuw&oe=6AB05FDF,1788185935
michellediaz_x,249389,,DbPQlmuNKcv,🏝️@michellediaz_x,16485,275,510091,https://scontent-hel3-1.cdninstagram.com/o1/v/t2/f2/m86/AQPvQzM6YBamCw39PSkfkrNm-DnZOJVTo8zr78Ng1p2PgsifdrgTTS1dzer2k0lQDIGvbGmMFFK6KlXiQbUC0j4YrxYb_ColHVqACzQ.mp4?_nc_cat=104&_nc_sid=5e9851&_nc_ht=scontent-hel3-1.cdninstagram.com&_nc_ohc=5BpZpwtOUToQ7kNvwGgJ0Oe&efg=eyJ2ZW5jb2RlX3RhZyI6Inhwdl9wcm9ncmVzc2l2ZS5JTlNUQUdSQU0uQ0xJUFMuQzMuNzIwLmRhc2hfYmFzZWxpbmVfMV92MSIsInhwdl9hc3NldF9pZCI6MTc1MTg5MDQ0MjYzNDA3MywiYXNzZXRfYWdlX2RheXMiOjU1LCJ2aV91c2VjYXNlX2lkIjoxMDA5OSwiZHVyYXRpb25fcyI6OCwidXJsZ2VuX3NvdXJjZSI6Ind3dyJ9&ccb=17-1&vs=4fb940c0c684f575&_nc_vs=HBksFQIYUmlnX3hwdl9yZWVsc19wZXJtYW5lbnRfc3JfcHJvZC8xMzRDNTY4QkUzRDhCRjE4RDlDQjZCQTc0NThGQzFBNF92aWRlb19kYXNoaW5pdC5tcDQVAALIARIAFQIYUWlnX3hwdl9wbGFjZW1lbnRfcGVybWFuZW50X3YyLzE1NEUxRDRGOTlCNEQzMjA2NkI0QUIxRTE0OUNFQkIyX2F1ZGlvX2Rhc2hpbml0Lm1wNBUCAsgBEgAoABgAGwKIB3VzZV9vaWwBMRJwcm9ncmVzc2l2ZV9yZWNpcGUBMRUAACayjab4uNWcBhUCKAJDMywXQCHMzMzMzM0YEmRhc2hfYmFzZWxpbmVfMV92MREAdf4HZeadAQA&_nc_gid=yCxzx5X6JREMyKNdXDK9NQ&_nc_ss=7a3ba&_nc_zt=28&oh=00_AQJRX2IcJrmRrNMSD2oTylFVpiGzpeh7Jgig0gMD51kGrw&oe=6AB03F99,1785031033
cecerose,2210709,🌎,DdZY5a4Aodt,"Hi, I’m Cece what’s your name?",9168,149,155749,https://scontent-arn2-1.cdninstagram.com/o1/v/t2/f2/m86/AQMYHg9QAh8X4Owf2eDIme7GqetYFw6b1N9gEY4StZx6Pytc7HTqoppnQYPk9ZxXNWtglCX9kNE-c0z0Y1FO32wc_1-XLzziB2DR48w.mp4?_nc_cat=111&_nc_sid=5e9851&_nc_ht=scontent-arn2-1.cdninstagram.com&_nc_ohc=3BYN0-jP1EIQ7kNvwGjm2gd&efg=eyJ2ZW5jb2RlX3RhZyI6Inhwdl9wcm9ncmVzc2l2ZS5JTlNUQUdSQU0uQ0xJUFMuQzMuNzIwLmRhc2hfYmFzZWxpbmVfMV92MSIsInhwdl9hc3NldF9pZCI6MjA5NDg4NTExNzc3ODAzNCwiYXNzZXRfYWdlX2RheXMiOjEsInZpX3VzZWNhc2VfaWQiOjEwMDk5LCJkdXJhdGlvbl9zIjo4LCJ1cmxnZW5fc291cmNlIjoid3d3In0%3D&ccb=17-1&vs=7927a557eba64cfa&_nc_vs=HBksFQIYUmlnX3hwdl9yZWVsc19wZXJtYW5lbnRfc3JfcHJvZC81RTQwN0IzN0Q3ODdERDEwQ0Q5Q0RGQjIzMTBFQjBCRl92aWRlb19kYXNoaW5pdC5tcDQVAALIARIAFQIYUWlnX3hwdl9wbGFjZW1lbnRfcGVybWFuZW50X3YyLzQyNENFRjRBN0U1MzE0MDM0NjdBNjE1NjNGNjhBQkI2X2F1ZGlvX2Rhc2hpbml0Lm1wNBUCAsgBEgAoABgAGwKIB3VzZV9vaWwBMRJwcm9ncmVzc2l2ZV9yZWNpcGUBMRUAACbk4dK0rtK4BxUCKAJDMywXQCCqfvnbItEYEmRhc2hfYmFzZWxpbmVfMV92MREAdf4HZeadAQA&_nc_gid=OFNveJkTytvEfB8mVx8jnw&_nc_ss=7a3ba&_nc_zt=28&oh=00_AQJ4K_jHF8FTsMA8syUpCyBUWk0gCZvUfHCyik-_8HFfag&oe=6AB04CF0,1789665931
cecerose,2210709,🌎,DdJkUKbAzJB,Euro summer in a nutshell,29489,406,377641,https://scontent-arn2-1.cdninstagram.com/o1/v/t2/f2/m86/AQPCbTj3Ozx0hD5zxU5d5G3UYTJA-edtgbBMankcfQiGT49c2niP00Woo8rjmcf3xz0LSNgndYQrIqMdUaWSTPW5NfVp_HtAl34CZEg.mp4?_nc_cat=107&_nc_sid=5e9851&_nc_ht=scontent-arn2-1.cdninstagram.com&_nc_ohc=06Zw2pz7TF4Q7kNvwEWoy5I&efg=eyJ2ZW5jb2RlX3RhZyI6Inhwdl9wcm9ncmVzc2l2ZS5JTlNUQUdSQU0uQ0xJUFMuQzMuNzIwLmRhc2hfYmFzZWxpbmVfMV92MSIsInhwdl9hc3NldF9pZCI6MTAwNTc1OTYyNTg1MTk4MSwiYXNzZXRfYWdlX2RheXMiOjcsInZpX3VzZWNhc2VfaWQiOjEwMDk5LCJkdXJhdGlvbl9zIjo1LCJ1cmxnZW5fc291cmNlIjoid3d3In0%3D&ccb=17-1&vs=6fe72b4bb36c08f&_nc_vs=HBksFQIYUmlnX3hwdl9yZWVsc19wZXJtYW5lbnRfc3JfcHJvZC82QjRDQTVCQTVEQUY2OTgzNEQ4ODlDQjk1NjU1Nzg4Q192aWRlb19kYXNoaW5pdC5tcDQVAALIARIAFQIYUWlnX3hwdl9wbGFjZW1lbnRfcGVybWFuZW50X3YyLzZDNDhDQ0Q2OTA3NTQ3Q0JGQjhCQkY0QTc0NjA0N0JEX2F1ZGlvX2Rhc2hpbml0Lm1wNBUCAsgBEgAoABgAGwKIB3VzZV9vaWwBMRJwcm9ncmVzc2l2ZV9yZWNpcGUBMRUAACaa0dOT9a7JAxUCKAJDMywXQBbMzMzMzM0YEmRhc2hfYmFzZWxpbmVfMV92MREAdf4HZeadAQA&_nc_gid=OFNveJkTytvEfB8mVx8jnw&_nc_ss=7a3ba&_nc_zt=28&oh=00_AQKPYQkn9GUT1fRDHOlKBua7eAedXuF2YN29yK_fC0w4cQ&oe=6AB04430,1789135009
cecerose,2210709,🌎,Dc_LrwRqv5v,Splashing around,38012,504,536484,https://scontent-arn2-1.cdninstagram.com/o1/v/t2/f2/m86/AQPQC1HhLZB4CUFemDQZAjtCkIlYjk5gVQgLsRPwXHWOREHRAiCQRj32newt8_iWi-lSacyhNDE4Y8j1mPOUF_GE5PsGamWZAQs4viA.mp4?_nc_cat=111&_nc_sid=5e9851&_nc_ht=scontent-arn2-1.cdninstagram.com&_nc_ohc=Z8E4FRvlPkcQ7kNvwFFXKV3&efg=eyJ2ZW5jb2RlX3RhZyI6Inhwdl9wcm9ncmVzc2l2ZS5JTlNUQUdSQU0uQ0xJUFMuQzMuNzIwLmRhc2hfYmFzZWxpbmVfMV92MSIsInhwdl9hc3NldF9pZCI6Mjc1NjgzOTExNzYxNzI2MDksImFzc2V0X2FnZV9kYXlzIjoxMSwidmlfdXNlY2FzZV9pZCI6MTAwOTksImR1cmF0aW9uX3MiOjMsInVybGdlbl9zb3VyY2UiOiJ3d3cifQ%3D%3D&ccb=17-1&vs=a797b2d513f81dc4&_nc_vs=HBksFQIYUmlnX3hwdl9yZWVsc19wZXJtYW5lbnRfc3JfcHJvZC9BMzRCRTQxNTAxNDQ4NEVDNkUzQ0FFN0I3Q0I1ODE5Nl92aWRlb19kYXNoaW5pdC5tcDQVAALIARIAFQIYUWlnX3hwdl9wbGFjZW1lbnRfcGVybWFuZW50X3YyL0VBNERCNzhDOUQ1RDM3QzQzODY0N0VBNzQyREQyRUI1X2F1ZGlvX2Rhc2hpbml0Lm1wNBUCAsgBEgAoABgAGwKIB3VzZV9vaWwBMRJwcm9ncmVzc2l2ZV9yZWNpcGUBMRUAACaC0a2xyNP4YRUCKAJDMywXQAlT987ZFocYEmRhc2hfYmFzZWxpbmVfMV92MREAdf4HZeadAQA&_nc_gid=OFNveJkTytvEfB8mVx8jnw&_nc_ss=7a3ba&_nc_zt=28&oh=00_AQI-kU13F7zw5ZUVEpH95Qac798vGD957DnyRE6UdSuhzA&oe=6AB06B64,1788786642
cecerose,2210709,🌎,Dc5_--vqxSJ,Soaking up every second of the European sun,27222,431,522507,https://scontent-arn2-1.cdninstagram.com/o1/v/t2/f2/m86/AQPDOIIhPWLepyDhM8-pi3JODkCdZHHdrGF8JUWIOnf0-nrgdwJ9c4IKtk16a1qEDaAS0Xt65YqhOUHmBMHv1CvnMyLNfgkvMjSVTrA.mp4?_nc_cat=111&_nc_sid=5e9851&_nc_ht=scontent-arn2-1.cdninstagram.com&_nc_ohc=Y3x58pzM6cYQ7kNvwFqo4uI&efg=eyJ2ZW5jb2RlX3RhZyI6Inhwdl9wcm9ncmVzc2l2ZS5JTlNUQUdSQU0uQ0xJUFMuQzMuNzIwLmRhc2hfYmFzZWxpbmVfMV92MSIsInhwdl9hc3NldF9pZCI6MTM4ODEzNzgwOTQzMDg4OCwiYXNzZXRfYWdlX2RheXMiOjEzLCJ2aV91c2VjYXNlX2lkIjoxMDA5OSwiZHVyYXRpb25fcyI6NCwidXJsZ2VuX3NvdXJjZSI6Ind3dyJ9&ccb=17-1&vs=a6dcaa0a8516a6ff&_nc_vs=HBksFQIYUmlnX3hwdl9yZWVsc19wZXJtYW5lbnRfc3JfcHJvZC8xODQzRUFCOUY1NDc5QTFEMEM2Q0M0NDdBRTNDMkZBOV92aWRlb19kYXNoaW5pdC5tcDQVAALIARIAFQIYUWlnX3hwdl9wbGFjZW1lbnRfcGVybWFuZW50X3YyLzcwNDc3MUEyMUU4NDU0NjRGMTBFMzg5OTI2RkE4Mzg3X2F1ZGlvX2Rhc2hpbml0Lm1wNBUCAsgBEgAoABgAGwKIB3VzZV9vaWwBMRJwcm9ncmVzc2l2ZV9yZWNpcGUBMRUAACbQpb7QoKD3BBUCKAJDMywXQBEzMzMzMzMYEmRhc2hfYmFzZWxpbmVfMV92MREAdf4HZeadAQA&_nc_gid=OFNveJkTytvEfB8mVx8jnw&_nc_ss=7a3ba&_nc_zt=28&oh=00_AQIwHYUH0N8AsWhSrub8e8xzZgev8xsEKAoEZ6ISDV_6-g&oe=6AB04330,1788612666
cecerose,2210709,🌎,DcvyFP8qQjc,How morning in Europe feel,21538,302,280920,https://scontent-arn2-1.cdninstagram.com/o1/v/t2/f2/m86/AQPJgZjNTzHzDegHWVuOcgm8vKQw2f7MJmcs5NYUNGyBJA_Upw7LaWGlcKTbhnns3BvM9v-uNR0Ig60oJl9H-gSdPKMtX0EzhNLhLmg.mp4?_nc_cat=101&_nc_sid=5e9851&_nc_ht=scontent-arn2-1.cdninstagram.com&_nc_ohc=fc_tmflhkQgQ7kNvwGB_fBY&efg=eyJ2ZW5jb2RlX3RhZyI6Inhwdl9wcm9ncmVzc2l2ZS5JTlNUQUdSQU0uQ0xJUFMuQzMuNzIwLmRhc2hfYmFzZWxpbmVfMV92MSIsInhwdl9hc3NldF9pZCI6MjIyNzE5NDE5ODA2MDgwMywiYXNzZXRfYWdlX2RheXMiOjE3LCJ2aV91c2VjYXNlX2lkIjoxMDA5OSwiZHVyYXRpb25fcyI6NiwidXJsZ2VuX3NvdXJjZSI6Ind3dyJ9&ccb=17-1&vs=ef85624b64d53ce3&_nc_vs=HBksFQIYUmlnX3hwdl9yZWVsc19wZXJtYW5lbnRfc3JfcHJvZC9FNDRERkQ4RjUzQTRBN0I1NDcxRkU4NEU0RTE4OUE4QV92aWRlb19kYXNoaW5pdC5tcDQVAALIARIAFQIYUWlnX3hwdl9wbGFjZW1lbnRfcGVybWFuZW50X3YyLzI4NDIxRDIyMzhERDYzOTIxNUNENkNEMTgwMUU0REJCX2F1ZGlvX2Rhc2hpbml0Lm1wNBUCAsgBEgAoABgAGwKIB3VzZV9vaWwBMRJwcm9ncmVzc2l2ZV9yZWNpcGUBMRUAACaGvKvw4ef0BxUCKAJDMywXQBtU_fO2RaIYEmRhc2hfYmFzZWxpbmVfMV92MREAdf4HZeadAQA&_nc_gid=OFNveJkTytvEfB8mVx8jnw&_nc_ss=7a3ba&_nc_zt=28&oh=00_AQI9xrbZBBWgzexdjmBcyTzwsREyg88MitlGLDPK8akWhw&oe=6AB0512A,1788269868
cecerose,2210709,🌎,DclcOZyxVYJ,Go for a Run! (A walk works too),15262,362,217954,https://scontent-cph2-1.cdninstagram.com/o1/v/t2/f2/m86/AQNeA4oOkERb19N05dneiBpbubw5zTTRyOGBqvQYC0pRVpCnl7keahj_U1UecY24HB-xo_QSUDQLO1h4GLdv0yZgNOoOBAELn3TcH0U.mp4?_nc_cat=102&_nc_sid=5e9851&_nc_ht=scontent-cph2-1.cdninstagram.com&_nc_ohc=-u6yL4K9MZcQ7kNvwHAXdc7&efg=eyJ2ZW5jb2RlX3RhZyI6Inhwdl9wcm9ncmVzc2l2ZS5JTlNUQUdSQU0uQ0xJUFMuQzMuNzIwLmRhc2hfYmFzZWxpbmVfMV92MSIsInhwdl9hc3NldF9pZCI6MTA5NjEwMzM2NjIyODA4MiwiYXNzZXRfYWdlX2RheXMiOjIxLCJ2aV91c2VjYXNlX2lkIjoxMDA5OSwiZHVyYXRpb25fcyI6MTEsInVybGdlbl9zb3VyY2UiOiJ3d3cifQ%3D%3D&ccb=17-1&vs=ec882191c3d1ef15&_nc_vs=HBksFQIYUmlnX3hwdl9yZWVsc19wZXJtYW5lbnRfc3JfcHJvZC84QzQzMDI5MUEzM0JBNkY3QzlEQkY5MEFEREYxREM4N192aWRlb19kYXNoaW5pdC5tcDQVAALIARIAFQIYUWlnX3hwdl9wbGFjZW1lbnRfcGVybWFuZW50X3YyLzc5NEVGRkIwNDExMUE0RTlGQzc5RjlBREVBOUNGNjhBX2F1ZGlvX2Rhc2hpbml0Lm1wNBUCAsgBEgAoABgAGwKIB3VzZV9vaWwBMRJwcm9ncmVzc2l2ZV9yZWNpcGUBMRUAACbk4b-8zrnyAxUCKAJDMywXQCYhysCDEm8YEmRhc2hfYmFzZWxpbmVfMV92MREAdf4HZeadAQA&_nc_gid=I6NTjDjVuJWc04zpia5aPA&_nc_ss=7a3ba&_nc_zt=28&oh=00_AQLlCvL9dVpbeaSoRoyqukP8mp3k68a_X-ea7I9gWZwQCA&oe=6AB0644B,1787922869
cecerose,2210709,🌎,DcdsJrURKmm,Wait for the surprise🤭 @1win,9706,117,190579,https://scontent-cph2-1.cdninstagram.com/o1/v/t2/f2/m86/AQM65Z7AQTi5eCCec2eW3AqSJUuqRtvhuYIW1Mi6eapTIEVfjNu0naj2uQhnCo1RvS98HfQpybuxQHQxN2kpOajPzmxj-90QPqW2VWQ.mp4?_nc_cat=107&_nc_sid=5e9851&_nc_ht=scontent-cph2-1.cdninstagram.com&_nc_ohc=R1R67TCHz7UQ7kNvwE6jlUO&efg=eyJ2ZW5jb2RlX3RhZyI6Inhwdl9wcm9ncmVzc2l2ZS5JTlNUQUdSQU0uQ0xJUFMuQzMuNzIwLmRhc2hfYmFzZWxpbmVfMV92MSIsInhwdl9hc3NldF9pZCI6MTA0MTAxNTU3MjAzODQ0MSwiYXNzZXRfYWdlX2RheXMiOjI0LCJ2aV91c2VjYXNlX2lkIjoxMDA5OSwiZHVyYXRpb25fcyI6MTQsInVybGdlbl9zb3VyY2UiOiJ3d3cifQ%3D%3D&ccb=17-1&vs=975153ef53bdb1a3&_nc_vs=HBksFQIYUmlnX3hwdl9yZWVsc19wZXJtYW5lbnRfc3JfcHJvZC83NTQ5MTQ4REMzRUEzNUE3M0REQzQ2QUI3Mzc0MDI4OF92aWRlb19kYXNoaW5pdC5tcDQVAALIARIAFQIYUWlnX3hwdl9wbGFjZW1lbnRfcGVybWFuZW50X3YyL0VBNDJGMkEzMThBMUU4NTdFNjRDNDIxMEFDQjdEM0FCX2F1ZGlvX2Rhc2hpbml0Lm1wNBUCAsgBEgAoABgAGwKIB3VzZV9vaWwBMRJwcm9ncmVzc2l2ZV9yZWNpcGUBMRUAACbSjIS2irPZAxUCKAJDMywXQCwAAAAAAAAYEmRhc2hfYmFzZWxpbmVfMV92MREAdf4HZeadAQA&_nc_gid=I6NTjDjVuJWc04zpia5aPA&_nc_ss=7a3ba&_nc_zt=28&oh=00_AQIm8oiNRBELd7TruSaC_hMqm1qMxuBxH8kp3EBj4bLzMw&oe=6AB055DC,1787662819
cecerose,2210709,🌎,DcbF-8VxL4_,Pool day 🏊‍♀️,19516,283,461260,https://scontent-cph2-1.cdninstagram.com/o1/v/t2/f2/m86/AQNolO2yGx8QhMaeuTd8HVwfmuw-pYKl0tg55CWse1pvRgAt27HSs7Ace_6QXlLJ7LOngmqhSeNxRQT1rBpShEy7_kfTAu7W9SmdWKc.mp4?_nc_cat=102&_nc_sid=5e9851&_nc_ht=scontent-cph2-1.cdninstagram.com&_nc_ohc=lo2hshgSFzYQ7kNvwHOF_r5&efg=eyJ2ZW5jb2RlX3RhZyI6Inhwdl9wcm9ncmVzc2l2ZS5JTlNUQUdSQU0uQ0xJUFMuQzMuNzIwLmRhc2hfYmFzZWxpbmVfMV92MSIsInhwdl9hc3NldF9pZCI6MTQ0MTc2NjA3ODAxMDI2MiwiYXNzZXRfYWdlX2RheXMiOjI1LCJ2aV91c2VjYXNlX2lkIjoxMDA5OSwiZHVyYXRpb25fcyI6MSwidXJsZ2VuX3NvdXJjZSI6Ind3dyJ9&ccb=17-1&vs=1df88ef3289a4216&_nc_vs=HBksFQIYUmlnX3hwdl9yZWVsc19wZXJtYW5lbnRfc3JfcHJvZC84MjQ3QkMzRjVFNjA1REZCQ0IxQ0M3NkE2NTNGOTlCMl92aWRlb19kYXNoaW5pdC5tcDQVAALIARIAFQIYUWlnX3hwdl9wbGFjZW1lbnRfcGVybWFuZW50X3YyLzVBNEE2NzVBNDIxNjdDNTg4RjAwN0U1MEQxQ0JFQUEwX2F1ZGlvX2Rhc2hpbml0Lm1wNBUCAsgBEgAoABgAGwKIB3VzZV9vaWwBMRJwcm9ncmVzc2l2ZV9yZWNpcGUBMRUAACaszu6u6tGPBRUCKAJDMywXP_iHKwIMSboYEmRhc2hfYmFzZWxpbmVfMV92MREAdf4HZeadAQA&_nc_gid=I6NTjDjVuJWc04zpia5aPA&_nc_ss=7a3ba&_nc_zt=28&oh=00_AQLEt8r6owG9S1HtmWvt5GIUvq1xO_Dumnl37aMlU-DrYA&oe=6AB05573,1787575629
cecerose,2210709,🌎,DcV89URR7f7,Can you guess how tall I am?,20770,557,420801,https://scontent-cph2-1.cdninstagram.com/o1/v/t2/f2/m86/AQOkceyEJe-asSQNqhKHdqbK8x4Ro70-thxXOHdK6ksAQar438mUxrC_dQqbVWuXTXxfNLmu3XL8ZiRT2Wppupx4wnyDWr0JLi-UMZY.mp4?_nc_cat=102&_nc_sid=5e9851&_nc_ht=scontent-cph2-1.cdninstagram.com&_nc_ohc=FjFroKG69Q8Q7kNvwG0Fcud&efg=eyJ2ZW5jb2RlX3RhZyI6Inhwdl9wcm9ncmVzc2l2ZS5JTlNUQUdSQU0uQ0xJUFMuQzMuNzIwLmRhc2hfYmFzZWxpbmVfMV92MSIsInhwdl9hc3NldF9pZCI6MTMzOTg1Mjk2NDgwMzA1MiwiYXNzZXRfYWdlX2RheXMiOjI3LCJ2aV91c2VjYXNlX2lkIjoxMDA5OSwiZHVyYXRpb25fcyI6NiwidXJsZ2VuX3NvdXJjZSI6Ind3dyJ9&ccb=17-1&vs=608a174cc98978b1&_nc_vs=HBksFQIYUmlnX3hwdl9yZWVsc19wZXJtYW5lbnRfc3JfcHJvZC9GMDQ4MTk5MzE3NDVGNUVGNEQyNkJERDFFMzU2Nzg4NV92aWRlb19kYXNoaW5pdC5tcDQVAALIARIAFQIYUWlnX3hwdl9wbGFjZW1lbnRfcGVybWFuZW50X3YyLzlGNEE5RTIxOTEzNUU5RkZDN0U3RDk4Q0YzMkFBQzg0X2F1ZGlvX2Rhc2hpbml0Lm1wNBUCAsgBEgAoABgAGwKIB3VzZV9vaWwBMRJwcm9ncmVzc2l2ZV9yZWNpcGUBMRUAACbYx6XA2qXhBBUCKAJDMywXQBlU_fO2RaIYEmRhc2hfYmFzZWxpbmVfMV92MREAdf4HZeadAQA&_nc_gid=I6NTjDjVuJWc04zpia5aPA&_nc_ss=7a3ba&_nc_zt=28&oh=00_AQIWAhga6ktN8_TZXflJAGd3sZLwz_luvxUTXukt9O-saQ&oe=6AB04B0F,1787403094
cecerose,2210709,🌎,DcGuLc7xI48,Let’s go for a ride,13115,264,223522,https://scontent-cph2-1.cdninstagram.com/o1/v/t2/f2/m86/AQOWB4iZ3sU-DkN19zV2qQtF9WdoagY3sSBrw2dbQEib2MWbIywCAoE8m3ZStWqW2Kj8WbK4LJJykRbhRgrrRo7_FE9f0vRYrDPm0yI.mp4?_nc_cat=106&_nc_sid=5e9851&_nc_ht=scontent-cph2-1.cdninstagram.com&_nc_ohc=Md6ZJlO9P6UQ7kNvwHfsacJ&efg=eyJ2ZW5jb2RlX3RhZyI6Inhwdl9wcm9ncmVzc2l2ZS5JTlNUQUdSQU0uQ0xJUFMuQzMuNzIwLmRhc2hfYmFzZWxpbmVfMV92MSIsInhwdl9hc3NldF9pZCI6OTc5ODY4NTg1MTEzMzIwLCJhc3NldF9hZ2VfZGF5cyI6MzMsInZpX3VzZWNhc2VfaWQiOjEwMDk5LCJkdXJhdGlvbl9zIjoxMSwidXJsZ2VuX3NvdXJjZSI6Ind3dyJ9&ccb=17-1&vs=57221bda3cd140b4&_nc_vs=HBksFQIYUmlnX3hwdl9yZWVsc19wZXJtYW5lbnRfc3JfcHJvZC83MTRFRkYxQzc0MUJFMjVDM0YyN0Y1QkEyQjk2MzM5RV92aWRlb19kYXNoaW5pdC5tcDQVAALIARIAFQIYUWlnX3hwdl9wbGFjZW1lbnRfcGVybWFuZW50X3YyLzlGNEQ3ODNCRjk4NTA3NTIwNEJDRkYxMzZFOUUwRjhEX2F1ZGlvX2Rhc2hpbml0Lm1wNBUCAsgBEgAoABgAGwKIB3VzZV9vaWwBMRJwcm9ncmVzc2l2ZV9yZWNpcGUBMRUAACbQ24nv7cu9AxUCKAJDMywXQCaZmZmZmZoYEmRhc2hfYmFzZWxpbmVfMV92MREAdf4HZeadAQA&_nc_gid=I6NTjDjVuJWc04zpia5aPA&_nc_ss=7a3ba&_nc_zt=28&oh=00_AQJhrpK55wsglHdaTzOv8cjEosnYufS2ldwrhHwc0Jdl2w&oe=6AB0610F,1786892087
cecerose,2210709,🌎,DcEHBeixKn3,Now be good and like this too 🥰,21422,322,351686,https://scontent-cph2-1.cdninstagram.com/o1/v/t2/f2/m86/AQP3GHtji3Z6gzl5GI4247GoOg-7HlH2pNc3ONj7iyMHBtV17wtZTtGJ5PEct4f-FIzNwZHHxoCjEMOBe5r8PuAzhnP2Cw0edIWA6EU.mp4?_nc_cat=110&_nc_sid=5e9851&_nc_ht=scontent-cph2-1.cdninstagram.com&_nc_ohc=7FF2Im5WCOcQ7kNvwHwFyfq&efg=eyJ2ZW5jb2RlX3RhZyI6Inhwdl9wcm9ncmVzc2l2ZS5JTlNUQUdSQU0uQ0xJUFMuQzMuNzIwLmRhc2hfYmFzZWxpbmVfMV92MSIsInhwdl9hc3NldF9pZCI6MTQ5NTg1MjIyODk2NTQwNSwiYXNzZXRfYWdlX2RheXMiOjM0LCJ2aV91c2VjYXNlX2lkIjoxMDA5OSwiZHVyYXRpb25fcyI6NSwidXJsZ2VuX3NvdXJjZSI6Ind3dyJ9&ccb=17-1&vs=8739b8f718a5981b&_nc_vs=HBksFQIYUmlnX3hwdl9yZWVsc19wZXJtYW5lbnRfc3JfcHJvZC82MjQ2MDBCN0EyQjE2MDA1MDJDMUMyQTg2NTU3QTg4Rl92aWRlb19kYXNoaW5pdC5tcDQVAALIARIAFQIYUWlnX3hwdl9wbGFjZW1lbnRfcGVybWFuZW50X3YyL0IxNDc5MDdDMkYzNzhCOTdBOUIzNzAzNjZENTU4QkIxX2F1ZGlvX2Rhc2hpbml0Lm1wNBUCAsgBEgAoABgAGwKIB3VzZV9vaWwBMRJwcm9ncmVzc2l2ZV9yZWNpcGUBMRUAACa60PPLh56oBRUCKAJDMywXQBfdLxqfvncYEmRhc2hfYmFzZWxpbmVfMV92MREAdf4HZeadAQA&_nc_gid=I6NTjDjVuJWc04zpia5aPA&_nc_ss=7a3ba&_nc_zt=28&oh=00_AQIZPoGbvLqjYKNbslSayArohto7yDwu7as6xKlgttiFxw&oe=6AB03CF3,1786804411
lexi_marvel,3388374,"backup: @itsleximarvel
check out my website 🫶🏼",DdcOLeqhLLU,first time ever making matcha! 💚 I love my new kit 🥹 #matcha #asmr,4399,117,64220,https://scontent-cph2-1.cdninstagram.com/o1/v/t2/f2/m86/AQO0MdhKrx0nM9Q9nbI0IEtPQIxCfRArlLz5R4HI1MECQBdLhUf2zlOxtFdJr1QLNhQVB-PNLuTrxST7jylppZ81t3Dv2v7W93SuyvU.mp4?_nc_cat=101&_nc_sid=5e9851&_nc_ht=scontent-cph2-1.cdninstagram.com&_nc_ohc=NNbR-RuKC78Q7kNvwGIzZpV&efg=eyJ2ZW5jb2RlX3RhZyI6Inhwdl9wcm9ncmVzc2l2ZS5JTlNUQUdSQU0uQ0xJUFMuQzMuNzIwLmRhc2hfYmFzZWxpbmVfMV92MSIsInhwdl9hc3NldF9pZCI6NDQxNjQyMDk1ODU3NjIzMCwiYXNzZXRfYWdlX2RheXMiOjAsInZpX3VzZWNhc2VfaWQiOjEwMDk5LCJkdXJhdGlvbl9zIjo0NiwidXJsZ2VuX3NvdXJjZSI6Ind3dyJ9&ccb=17-1&vs=83b22b4ef39f43f5&_nc_vs=HBksFQIYUmlnX3hwdl9yZWVsc19wZXJtYW5lbnRfc3JfcHJvZC81QTRBMzJCQkRBMjkyMjM2Mjk2QTM2QjY1Mzg1QkU5NV92aWRlb19kYXNoaW5pdC5tcDQVAALIARIAFQIYUWlnX3hwdl9wbGFjZW1lbnRfcGVybWFuZW50X3YyLzZGNDlBOUYwQzZFRURDQkNFMkFDRTg2MTZDRDhDNEE3X2F1ZGlvX2Rhc2hpbml0Lm1wNBUCAsgBEgAoABgAGwKIB3VzZV9vaWwBMRJwcm9ncmVzc2l2ZV9yZWNpcGUBMRUAACbM-dCmxK3YDxUCKAJDMywXQEcqn752yLQYEmRhc2hfYmFzZWxpbmVfMV92MREAdf4HZeadAQA&_nc_gid=fkS4B2nOUTFGB5-yNTgoYA&_nc_ss=7a3ba&_nc_zt=28&oh=00_AQJrnyanSGj0Vu7I3xHZd1LeWgDZlvXzKeE1WrXVUAwZsg&oe=6AB06ADE,1789760924
lexi_marvel,3388374,"backup: @itsleximarvel
check out my website 🫶🏼",DdbyRz2hjW-,such a lovely day out ☀️☕️,19238,426,266797,https://scontent-cph2-1.cdninstagram.com/o1/v/t2/f2/m86/AQOaWNXqqBDFQgQguyaRTjX9HdKr65V4o6RoqKjs3bJ8KKTHJdLDHMUIlLEDkrv3_U1PczjVPs-rkFZu2AmSZF-ziYuS11os1IEbhKc.mp4?_nc_cat=103&_nc_sid=5e9851&_nc_ht=scontent-cph2-1.cdninstagram.com&_nc_ohc=BNoaVgzeQiUQ7kNvwFnDVMd&efg=eyJ2ZW5jb2RlX3RhZyI6Inhwdl9wcm9ncmVzc2l2ZS5JTlNUQUdSQU0uQ0xJUFMuQzMuNzIwLmRhc2hfYmFzZWxpbmVfMV92MSIsInhwdl9hc3NldF9pZCI6MTYyMjI4NTM2NTkxODE5NiwiYXNzZXRfYWdlX2RheXMiOjAsInZpX3VzZWNhc2VfaWQiOjEwMDk5LCJkdXJhdGlvbl9zIjo5LCJ1cmxnZW5fc291cmNlIjoid3d3In0%3D&ccb=17-1&vs=e6dfdfc17c1118cf&_nc_vs=HBksFQIYUmlnX3hwdl9yZWVsc19wZXJtYW5lbnRfc3JfcHJvZC8xMjRCMzY0REU4RkE1MTNFN0RCRERFNDIxQTk3Mjc4QV92aWRlb19kYXNoaW5pdC5tcDQVAALIARIAFQIYUWlnX3hwdl9wbGFjZW1lbnRfcGVybWFuZW50X3YyLzIzNDlCMjc3ODA1NEIxOUVENkZCMEQ5RDBGNURCNkI4X2F1ZGlvX2Rhc2hpbml0Lm1wNBUCAsgBEgAoABgAGwKIB3VzZV9vaWwBMRJwcm9ncmVzc2l2ZV9yZWNpcGUBMRUAACbo563vt93hBRUCKAJDMywXQCIVgQYk3S8YEmRhc2hfYmFzZWxpbmVfMV92MREAdf4HZeadAQA&_nc_gid=fkS4B2nOUTFGB5-yNTgoYA&_nc_ss=7a3ba&_nc_zt=28&oh=00_AQJcL02hDzLBgOCCb9j7duwVJpN1HStoUaZVM5OTZ4aJUQ&oe=6AB04F08,1789746301
lexi_marvel,3388374,"backup: @itsleximarvel
check out my website 🫶🏼",DdMGc9Lhq-t,waiting for my coffee ☕️,29244,602,460133,https://scontent-cph2-1.cdninstagram.com/o1/v/t2/f2/m86/AQOt3kbiHFQJmC0PbFLw1M6AOLApXM7ALuIbNXgWmSnFeNQ9qmzhHNdR43dIftof1CzFHklJe2AcEbuhettrcOU3A-yPPn3QW1raqf8.mp4?_nc_cat=105&_nc_sid=5e9851&_nc_ht=scontent-cph2-1.cdninstagram.com&_nc_ohc=b2cAmYUUVfAQ7kNvwEG5Dkt&efg=eyJ2ZW5jb2RlX3RhZyI6Inhwdl9wcm9ncmVzc2l2ZS5JTlNUQUdSQU0uQ0xJUFMuQzMuNzIwLmRhc2hfYmFzZWxpbmVfMV92MSIsInhwdl9hc3NldF9pZCI6MTU2NjQ0NTQ5ODU1NDYyMywiYXNzZXRfYWdlX2RheXMiOjYsInZpX3VzZWNhc2VfaWQiOjEwMDk5LCJkdXJhdGlvbl9zIjoxMywidXJsZ2VuX3NvdXJjZSI6Ind3dyJ9&ccb=17-1&vs=77ad0c7fa6b96c9e&_nc_vs=HBksFQIYUmlnX3hwdl9yZWVsc19wZXJtYW5lbnRfc3JfcHJvZC9ENjRGRUY2NDMxQ0NDRTBGQTQxRDdEMUY4M0NCQTlCQ192aWRlb19kYXNoaW5pdC5tcDQVAALIARIAFQIYUWlnX3hwdl9wbGFjZW1lbnRfcGVybWFuZW50X3YyL0Y3NDYxQjdBNTlENzhCNzYzQzYyMTAxOEE1N0RDMkI1X2F1ZGlvX2Rhc2hpbml0Lm1wNBUCAsgBEgAoABgAGwKIB3VzZV9vaWwBMRJwcm9ncmVzc2l2ZV9yZWNpcGUBMRUAACb-44K4kKvIBRUCKAJDMywXQCugxJul41QYEmRhc2hfYmFzZWxpbmVfMV92MREAdf4HZeadAQA&_nc_gid=fkS4B2nOUTFGB5-yNTgoYA&_nc_ss=7a3ba&_nc_zt=28&oh=00_AQJHtoqDQahN_09vg5UK0QImTVWo_1bNsiReJO4ks5PL4Q&oe=6AB053F6,1789220063
lexi_marvel,3388374,"backup: @itsleximarvel
check out my website 🫶🏼",Dc62WiKBACy,thought it was a picture 😅,64995,535,3146121,https://scontent-cph2-1.cdninstagram.com/o1/v/t2/f2/m86/AQNFGDXvZSzxSQvd5g0LKCWf8xm3o5UT77kC_lf_QBYNUVyPYXm-L2Lz4ZgPw5fIxZLrtPhXIkBsdX47fxswiW60tcN424BE6_uIqes.mp4?_nc_cat=108&_nc_sid=5e9851&_nc_ht=scontent-cph2-1.cdninstagram.com&_nc_ohc=kX76f6U3IqgQ7kNvwFq6GeX&efg=eyJ2ZW5jb2RlX3RhZyI6Inhwdl9wcm9ncmVzc2l2ZS5JTlNUQUdSQU0uQ0xJUFMuQzMuNzIwLmRhc2hfYmFzZWxpbmVfMV92MSIsInhwdl9hc3NldF9pZCI6OTEzMjMzNzk0ODAyNjQ0LCJhc3NldF9hZ2VfZGF5cyI6MTMsInZpX3VzZWNhc2VfaWQiOjEwMDk5LCJkdXJhdGlvbl9zIjoxMCwidXJsZ2VuX3NvdXJjZSI6Ind3dyJ9&ccb=17-1&vs=14d7877a00a4ec5c&_nc_vs=HBksFQIYUmlnX3hwdl9yZWVsc19wZXJtYW5lbnRfc3JfcHJvZC9CMzRCQTAzQjM0Q0YzRjcxMUZBQkQ2QjE5OENBRTVCMl92aWRlb19kYXNoaW5pdC5tcDQVAALIARIAFQIYUWlnX3hwdl9wbGFjZW1lbnRfcGVybWFuZW50X3YyLzczNEEwNTk5OUMyMUNGNjU1MjlCMDU4MTlENjdDNDgzX2F1ZGlvX2Rhc2hpbml0Lm1wNBUCAsgBEgAoABgAGwKIB3VzZV9vaWwBMRJwcm9ncmVzc2l2ZV9yZWNpcGUBMRUAACaoj_3-maWfAxUCKAJDMywXQCSIMSbpeNUYEmRhc2hfYmFzZWxpbmVfMV92MREAdf4HZeadAQA&_nc_gid=fkS4B2nOUTFGB5-yNTgoYA&_nc_ss=7a3ba&_nc_zt=28&oh=00_AQLguDXYdqZt1Fq63p9XjgwXVCwLqdCkH3u944C9WuQF9g&oe=6AB04951,1788641111
lexi_marvel,3388374,"backup: @itsleximarvel
check out my website 🫶🏼",Dc1RUOBBedN,,60557,920,1136836,https://scontent-cph2-1.cdninstagram.com/o1/v/t2/f2/m86/AQOyYKxSW4l1cAbtlYe1bqHUG0HaC2RlLp5o8ZNOcVX1B39iUb6-3KEcGI4wKLp1I8sJqd02ic4XfcynYBateu9n1NQnVDsTuxhjNdY.mp4?_nc_cat=104&_nc_sid=5e9851&_nc_ht=scontent-cph2-1.cdninstagram.com&_nc_ohc=cAqXUyz6qNwQ7kNvwE4Duuy&efg=eyJ2ZW5jb2RlX3RhZyI6Inhwdl9wcm9ncmVzc2l2ZS5JTlNUQUdSQU0uQ0xJUFMuQzMuNzIwLmRhc2hfYmFzZWxpbmVfMV92MSIsInhwdl9hc3NldF9pZCI6MTcwMTcwNTMyNzU2OTMyMSwiYXNzZXRfYWdlX2RheXMiOjE1LCJ2aV91c2VjYXNlX2lkIjoxMDA5OSwiZHVyYXRpb25fcyI6MTAsInVybGdlbl9zb3VyY2UiOiJ3d3cifQ%3D%3D&ccb=17-1&vs=744322656b7342ea&_nc_vs=HBksFQIYUmlnX3hwdl9yZWVsc19wZXJtYW5lbnRfc3JfcHJvZC84MzQ0RjUwOEE5MzM4MDEyRDRDOEJFM0QxNzZFNTFCM192aWRlb19kYXNoaW5pdC5tcDQVAALIARIAFQIYUWlnX3hwdl9wbGFjZW1lbnRfcGVybWFuZW50X3YyLzc5NDE2NTk4OUE1QzQ3OTM2RTI0RUExOEE0NEIxREJGX2F1ZGlvX2Rhc2hpbml0Lm1wNBUCAsgBEgAoABgAGwKIB3VzZV9vaWwBMRJwcm9ncmVzc2l2ZV9yZWNpcGUBMRUAACbSpv_YpOyFBhUCKAJDMywXQCXdsi0OVgQYEmRhc2hfYmFzZWxpbmVfMV92MREAdf4HZeadAQA&_nc_gid=fkS4B2nOUTFGB5-yNTgoYA&_nc_ss=7a3ba&_nc_zt=28&oh=00_AQIiG55XYSEp9yVnO-V9yyeoRLJLs2QQVu_6qgkotrQkKQ&oe=6AB06519,1788453959
lexi_marvel,3388374,"backup: @itsleximarvel
check out my website 🫶🏼",Db6LvldBh0K,bts ✨,81238,506,15999765,https://scontent-cph2-1.cdninstagram.com/o1/v/t2/f2/m86/AQN8ylpAEwcEYjSyfNbL7saY1FJjmV3wbtmt0-omEjzDh1AipTnaVG5tbYcyrIv1fNCEz3Fwhpv9cPZf8hx9b0wyFFFZhUMGSAwBZmU.mp4?_nc_cat=104&_nc_sid=5e9851&_nc_ht=scontent-cph2-1.cdninstagram.com&_nc_ohc=_T-eCJ7g8dYQ7kNvwF0EERC&efg=eyJ2ZW5jb2RlX3RhZyI6Inhwdl9wcm9ncmVzc2l2ZS5JTlNUQUdSQU0uQ0xJUFMuQzMuNzIwLmRhc2hfYmFzZWxpbmVfMV92MSIsInhwdl9hc3NldF9pZCI6MTAyMTA0MDA2NzU4MDEwMywiYXNzZXRfYWdlX2RheXMiOjM4LCJ2aV91c2VjYXNlX2lkIjoxMDA5OSwiZHVyYXRpb25fcyI6OSwidXJsZ2VuX3NvdXJjZSI6Ind3dyJ9&ccb=17-1&vs=f0c3a66ff0d90936&_nc_vs=HBksFQIYUmlnX3hwdl9yZWVsc19wZXJtYW5lbnRfc3JfcHJvZC8zMzQ5QTcwRDEzRDEwOEI4NkFEOTEwNTc3NDlBNDZBRF92aWRlb19kYXNoaW5pdC5tcDQVAALIARIAFQIYUWlnX3hwdl9wbGFjZW1lbnRfcGVybWFuZW50X3YyL0UwNDEyQjRBRjE4MTRCOTExNUM5OTJGQTIzNzg5NTlCX2F1ZGlvX2Rhc2hpbml0Lm1wNBUCAsgBEgAoABgAGwKIB3VzZV9vaWwBMRJwcm9ncmVzc2l2ZV9yZWNpcGUBMRUAACaOw7yorajQAxUCKAJDMywXQCJ3S8an754YEmRhc2hfYmFzZWxpbmVfMV92MREAdf4HZeadAQA&_nc_gid=fkS4B2nOUTFGB5-yNTgoYA&_nc_ss=7a3ba&_nc_zt=28&oh=00_AQJkFrTV_INJL_-ySWSvYkS2MtSexRaO2O9WloPbH9Nlmg&oe=6AB04989,1786471335
lexi_marvel,3388374,"backup: @itsleximarvel
check out my website 🫶🏼",Db1Ae15BsUa,,59886,1295,1114447,https://scontent-cph2-1.cdninstagram.com/o1/v/t2/f2/m86/AQPATgIy8FofjgS-7MOUKiyTDVcaJlPY5RGLIE-3-WbWMFZbVjMVKwdGMXLs8e4QPM--Anf0L45pl5UJxsW6lYIq5wX_rWmSkSRyNI0.mp4?_nc_cat=105&_nc_sid=5e9851&_nc_ht=scontent-cph2-1.cdninstagram.com&_nc_ohc=8qVLYKc20_MQ7kNvwH-oJSI&efg=eyJ2ZW5jb2RlX3RhZyI6Inhwdl9wcm9ncmVzc2l2ZS5JTlNUQUdSQU0uQ0xJUFMuQzMuNzIwLmRhc2hfYmFzZWxpbmVfMV92MSIsInhwdl9hc3NldF9pZCI6MTM4NTUwOTUwNjQ3NjM3NiwiYXNzZXRfYWdlX2RheXMiOjQwLCJ2aV91c2VjYXNlX2lkIjoxMDA5OSwiZHVyYXRpb25fcyI6MTEsInVybGdlbl9zb3VyY2UiOiJ3d3cifQ%3D%3D&ccb=17-1&vs=61416bc843355212&_nc_vs=HBksFQIYUmlnX3hwdl9yZWVsc19wZXJtYW5lbnRfc3JfcHJvZC9GMjRCNDRDMjJCRENDNUE0RkU4MjE4OEM5OUI5RDI5M192aWRlb19kYXNoaW5pdC5tcDQVAALIARIAFQIYUWlnX3hwdl9wbGFjZW1lbnRfcGVybWFuZW50X3YyLzY0NDcyQUQ5QkQzQzA3RTQ2N0ZFNkEzRTY0Q0ZFQkI2X2F1ZGlvX2Rhc2hpbml0Lm1wNBUCAsgBEgAoABgAGwKIB3VzZV9vaWwBMRJwcm9ncmVzc2l2ZV9yZWNpcGUBMRUAACawpbufoof2BBUCKAJDMywXQCdmZmZmZmYYEmRhc2hfYmFzZWxpbmVfMV92MREAdf4HZeadAQA&_nc_gid=G6_J0LEDvrhDk3C82BZwow&_nc_ss=7a3ba&_nc_zt=28&oh=00_AQKBffWC_UkvGs31kGD97X0uZM0FZXnYwMHz7WAjiVTycw&oe=6AB04506,1786297659
lexi_marvel,3388374,"backup: @itsleximarvel
check out my website 🫶🏼",DbmWf8EMc4W,he said.. what 😅,16359,424,360629,https://scontent-cph2-1.cdninstagram.com/o1/v/t2/f2/m86/AQNNQGkjdThvwuWtXNaQEbgu6kcjD6VGMV9jZSsjYyoMWBL7x1p2pTYC_NgALOQxnh7_ke6oIQ5imeUDdoW3iMyNj-mhOZ_E9kWIWS0.mp4?_nc_cat=101&_nc_sid=5e9851&_nc_ht=scontent-cph2-1.cdninstagram.com&_nc_ohc=OC0dalxL8a4Q7kNvwF2UhWS&efg=eyJ2ZW5jb2RlX3RhZyI6Inhwdl9wcm9ncmVzc2l2ZS5JTlNUQUdSQU0uQ0xJUFMuQzMuNzIwLmRhc2hfYmFzZWxpbmVfMV92MSIsInhwdl9hc3NldF9pZCI6MTcxMjUyNTAxNjUwNDQyNywiYXNzZXRfYWdlX2RheXMiOjQ2LCJ2aV91c2VjYXNlX2lkIjoxMDA5OSwiZHVyYXRpb25fcyI6NiwidXJsZ2VuX3NvdXJjZSI6Ind3dyJ9&ccb=17-1&vs=f2c8283e37642d85&_nc_vs=HBksFQIYUmlnX3hwdl9yZWVsc19wZXJtYW5lbnRfc3JfcHJvZC80ODQzN0U4NjA1QjFDOUU4OTJDOTEwREVCNDY4MzhCMV92aWRlb19kYXNoaW5pdC5tcDQVAALIARIAFQIYUWlnX3hwdl9wbGFjZW1lbnRfcGVybWFuZW50X3YyL0VBNDgyMjAwNTU2QjBFMzE5NTgzMUU2QkMzMkQxMEEwX2F1ZGlvX2Rhc2hpbml0Lm1wNBUCAsgBEgAoABgAGwKIB3VzZV9vaWwBMRJwcm9ncmVzc2l2ZV9yZWNpcGUBMRUAACbW4bjUieKKBhUCKAJDMywXQBuZmZmZmZoYEmRhc2hfYmFzZWxpbmVfMV92MREAdf4HZeadAQA&_nc_gid=G6_J0LEDvrhDk3C82BZwow&_nc_ss=7a3ba&_nc_zt=28&oh=00_AQIcs5aFRO1ITHyqK-p7fAAl5aCJ1PjGPrLRthRjsOvVjw&oe=6AB05A2A,1785805837
fromchurch.toprison,15790,"Latvian x Aussie 
Vegan  - Melbourne   
@sliiced.cakes 
@only.harrietx",Dc7zuLEA_D8,❤️❤️When in Busan ❤️❤️,120,8,5575,https://scontent-bru2-1.cdninstagram.com/o1/v/t2/f2/m86/AQNpPerbrqlX0xfFPK6XFB9KyW_0q8jQ5Cz_oCXWm21oPQAU-XyovJ9olXJ_dwxqxB4ryOh-BlA3tFXJ591GjfGMpeHSivHDxGr9u6k.mp4?_nc_cat=109&_nc_sid=5e9851&_nc_ht=scontent-bru2-1.cdninstagram.com&_nc_ohc=-t2yg1L9w4oQ7kNvwFigbx8&efg=eyJ2ZW5jb2RlX3RhZyI6Inhwdl9wcm9ncmVzc2l2ZS5JTlNUQUdSQU0uQ0xJUFMuQzMuNzIwLmRhc2hfYmFzZWxpbmVfMV92MSIsInhwdl9hc3NldF9pZCI6MjIzNTY2ODc2NzI4MjAyOSwiYXNzZXRfYWdlX2RheXMiOjEzLCJ2aV91c2VjYXNlX2lkIjoxMDA5OSwiZHVyYXRpb25fcyI6MTAsInVybGdlbl9zb3VyY2UiOiJ3d3cifQ%3D%3D&ccb=17-1&vs=f58cccb9b435bb20&_nc_vs=HBksFQIYUmlnX3hwdl9yZWVsc19wZXJtYW5lbnRfc3JfcHJvZC85NDRGMjQ3NENFNEU3NkM1NjFFRTE4NDUyQ0RBMERBOV92aWRlb19kYXNoaW5pdC5tcDQVAALIARIAFQIYUWlnX3hwdl9wbGFjZW1lbnRfcGVybWFuZW50X3YyLzYxNEY3QUIyNkVDOUNERkNFOTFBREVCMjU5REVDMzg3X2F1ZGlvX2Rhc2hpbml0Lm1wNBUCAsgBEgAoABgAGwKIB3VzZV9vaWwBMRJwcm9ncmVzc2l2ZV9yZWNpcGUBMRUAACbazayrhtX4BxUCKAJDMywXQCWIMSbpeNUYEmRhc2hfYmFzZWxpbmVfMV92MREAdf4HZeadAQA&_nc_gid=RlC5YO7ycXA0tjEV36dUSQ&_nc_ss=7a3ba&_nc_zt=28&oh=00_AQJlVJPBYf9Wd4sNubQAxt2ytcF5qaaWvHqXQXtpVXCjQQ&oe=6AB05DB2,1788673658
fromchurch.toprison,15790,"Latvian x Aussie 
Vegan  - Melbourne   
@sliiced.cakes 
@only.harrietx",DaPgEz1AcVA,Life is better when you’re tanned ✨,274,28,11918,https://scontent-bru2-1.cdninstagram.com/o1/v/t2/f2/m86/AQPloyRi-yu69zaEwWmUlt-5Yl8yUsWarkeiAzb89uLbakyldp1VJEaEBp0hdh3Njv__3OtFpMArx6mZ0QTe_zAR8XU2-zQyAJ45x4s.mp4?_nc_cat=101&_nc_sid=5e9851&_nc_ht=scontent-bru2-1.cdninstagram.com&_nc_ohc=3LSOaxccCoAQ7kNvwHP8iPR&efg=eyJ2ZW5jb2RlX3RhZyI6Inhwdl9wcm9ncmVzc2l2ZS5JTlNUQUdSQU0uQ0xJUFMuQzMuNzIwLmRhc2hfYmFzZWxpbmVfMV92MSIsInhwdl9hc3NldF9pZCI6MTYwNjIyOTE1Nzg4NTQxMSwiYXNzZXRfYWdlX2RheXMiOjgwLCJ2aV91c2VjYXNlX2lkIjoxMDA5OSwiZHVyYXRpb25fcyI6MTYsInVybGdlbl9zb3VyY2UiOiJ3d3cifQ%3D%3D&ccb=17-1&vs=1df42ad0658f18de&_nc_vs=HBksFQIYUmlnX3hwdl9yZWVsc19wZXJtYW5lbnRfc3JfcHJvZC8yQTQ1Q0Y2NTUwMzZBRjRFQzRDRDczMjk5RTZBMTc4RF92aWRlb19kYXNoaW5pdC5tcDQVAALIARIAFQIYUWlnX3hwdl9wbGFjZW1lbnRfcGVybWFuZW50X3YyLzIxNDIxQzk2MjM3MTc2RkU2MkY5MjY3MEQ3MTZBNzlEX2F1ZGlvX2Rhc2hpbml0Lm1wNBUCAsgBEgAoABgAGwKIB3VzZV9vaWwBMRJwcm9ncmVzc2l2ZV9yZWNpcGUBMRUAACbG15Hm67baBRUCKAJDMywXQDAZmZmZmZoYEmRhc2hfYmFzZWxpbmVfMV92MREAdf4HZeadAQA&_nc_gid=RlC5YO7ycXA0tjEV36dUSQ&_nc_ss=7a3ba&_nc_zt=28&oh=00_AQIzeKP7gnYmObou80mM8ISNta__6w_zeYoMi46JFtYEIg&oe=6AB03DBE,1782891621
fromchurch.toprison,15790,"Latvian x Aussie 
Vegan  - Melbourne   
@sliiced.cakes 
@only.harrietx",DcGA4bNguO7,Burn by Bali 👌🏽,116,10,3554,https://scontent-bru2-1.cdninstagram.com/o1/v/t2/f2/m86/AQOFBLma0Jg7ahMwt88jOnaBSngOX3rlSxK5sAWGe-DX5HYF6v1Ln8iikbJPxdiOy8Z_N_vz7ACdjEmvfRv7JtgvI2uM-rfdwpl-xuc.mp4?_nc_cat=102&_nc_sid=5e9851&_nc_ht=scontent-bru2-1.cdninstagram.com&_nc_ohc=eTcM0zdW2CEQ7kNvwFVnzh1&efg=eyJ2ZW5jb2RlX3RhZyI6Inhwdl9wcm9ncmVzc2l2ZS5JTlNUQUdSQU0uQ0xJUFMuQzMuNzIwLmRhc2hfYmFzZWxpbmVfMV92MSIsInhwdl9hc3NldF9pZCI6MTY5OTg2MDA0MTMwODM3MSwiYXNzZXRfYWdlX2RheXMiOjM0LCJ2aV91c2VjYXNlX2lkIjoxMDA5OSwiZHVyYXRpb25fcyI6MTUsInVybGdlbl9zb3VyY2UiOiJ3d3cifQ%3D%3D&ccb=17-1&vs=85c5d71b5d0955dc&_nc_vs=HBksFQIYUmlnX3hwdl9yZWVsc19wZXJtYW5lbnRfc3JfcHJvZC9FRTRCNTRCRTkyMkJEQkJGNEU1MkNDNTE4MEM4MjFCRV92aWRlb19kYXNoaW5pdC5tcDQVAALIARIAFQIYUWlnX3hwdl9wbGFjZW1lbnRfcGVybWFuZW50X3YyLzZFNDM4QjJDN0VGQ0NDMzUyRDUyQUZCODRDMzhEMTg4X2F1ZGlvX2Rhc2hpbml0Lm1wNBUCAsgBEgAoABgAGwKIB3VzZV9vaWwBMRJwcm9ncmVzc2l2ZV9yZWNpcGUBMRUAACam4_Ce8ICFBhUCKAJDMywXQC8AAAAAAAAYEmRhc2hfYmFzZWxpbmVfMV92MREAdf4HZeadAQA&_nc_gid=RlC5YO7ycXA0tjEV36dUSQ&_nc_ss=7a3ba&_nc_zt=28&oh=00_AQJ7bXqVvQ6CzT0P8bDelbKvTvOz8_8ffoNBY75BKq85_Q&oe=6AB0499F,1786868263
fromchurch.toprison,15790,"Latvian x Aussie 
Vegan  - Melbourne   
@sliiced.cakes 
@only.harrietx",DcP3jsQAJBT,That one tiny bit of hair that wasn’t in my ponytail properly sticking off the side of my head was a paid actor,121,17,3607,https://scontent-bru2-1.cdninstagram.com/o1/v/t2/f2/m86/AQMttubi4iKmD4gpxfRZRx947nROSg2_YD4jZE3I5f44VszDUhbQGwC-ad617NP0frkPqltYCO11ngn2cBszt9h0ih6FrZ-4zP2ZBbo.mp4?_nc_cat=108&_nc_sid=5e9851&_nc_ht=scontent-bru2-1.cdninstagram.com&_nc_ohc=dJw8YdXfz2oQ7kNvwHbYatq&efg=eyJ2ZW5jb2RlX3RhZyI6Inhwdl9wcm9ncmVzc2l2ZS5JTlNUQUdSQU0uQ0xJUFMuQzMuNzIwLmRhc2hfYmFzZWxpbmVfMV92MSIsInhwdl9hc3NldF9pZCI6MTk1NTc5NDYyODcxMDI1NiwiYXNzZXRfYWdlX2RheXMiOjMwLCJ2aV91c2VjYXNlX2lkIjoxMDA5OSwiZHVyYXRpb25fcyI6NSwidXJsZ2VuX3NvdXJjZSI6Ind3dyJ9&ccb=17-1&vs=7ac078f42ad2b5ed&_nc_vs=HBksFQIYUmlnX3hwdl9yZWVsc19wZXJtYW5lbnRfc3JfcHJvZC9CMDQ4NDFCQzU4MjZFMzEyMkQ1NzJFQUFBRTQxQ0M5Q192aWRlb19kYXNoaW5pdC5tcDQVAALIARIAFQIYUWlnX3hwdl9wbGFjZW1lbnRfcGVybWFuZW50X3YyL0Q1NEY2N0FFMEJFREE2RDI5NjE3OUU3NjNDQkM5NDg3X2F1ZGlvX2Rhc2hpbml0Lm1wNBUCAsgBEgAoABgAGwKIB3VzZV9vaWwBMRJwcm9ncmVzc2l2ZV9yZWNpcGUBMRUAACbgvcjBnbL5BhUCKAJDMywXQBZDlYEGJN0YEmRhc2hfYmFzZWxpbmVfMV92MREAdf4HZeadAQA&_nc_gid=RlC5YO7ycXA0tjEV36dUSQ&_nc_ss=7a3ba&_nc_zt=28&oh=00_AQI6khz_fIpQ7s5CrAfu_t2XanCLV9qc4IRYGf9mYBMB6Q&oe=6AB05F5D,1787198920
fromchurch.toprison,15790,"Latvian x Aussie 
Vegan  - Melbourne   
@sliiced.cakes 
@only.harrietx",DZKGtNzgpdJ,Life is so fkn good,205,23,8320,https://scontent-cph2-1.cdninstagram.com/o1/v/t2/f2/m86/AQNNfVE08lK5YQNcLDbknBU9sbRyKTXDZcjfx42GFwRQs2S68o98M8UbkKauYhJdjg0xqu77cDMQ3Fz1V-kv0NDxqtam0V_EibI6Gio.mp4?_nc_cat=104&_nc_sid=5e9851&_nc_ht=scontent-cph2-1.cdninstagram.com&_nc_ohc=O3sRzycAeGEQ7kNvwFJkrc-&efg=eyJ2ZW5jb2RlX3RhZyI6Inhwdl9wcm9ncmVzc2l2ZS5JTlNUQUdSQU0uQ0xJUFMuQzMuNzIwLmRhc2hfYmFzZWxpbmVfMV92MSIsInhwdl9hc3NldF9pZCI6MjgyNTI2OTUxMTE1OTQxMywiYXNzZXRfYWdlX2RheXMiOjEwNywidmlfdXNlY2FzZV9pZCI6MTAwOTksImR1cmF0aW9uX3MiOjksInVybGdlbl9zb3VyY2UiOiJ3d3cifQ%3D%3D&ccb=17-1&vs=2307d14848024241&_nc_vs=HBksFQIYUmlnX3hwdl9yZWVsc19wZXJtYW5lbnRfc3JfcHJvZC9GNDQxOEVENUVGODU3Mjc5M0NFRjJEMUNDQTZERkZBMF92aWRlb19kYXNoaW5pdC5tcDQVAALIARIAFQIYUWlnX3hwdl9wbGFjZW1lbnRfcGVybWFuZW50X3YyLzNENEEwNkMwRDVFNDAzNTBCN0E3M0EwRkQ2RTBDQTk4X2F1ZGlvX2Rhc2hpbml0Lm1wNBUCAsgBEgAoABgAGwKIB3VzZV9vaWwBMRJwcm9ncmVzc2l2ZV9yZWNpcGUBMRUAACbq-duZquSEChUCKAJDMywXQCPdsi0OVgQYEmRhc2hfYmFzZWxpbmVfMV92MREAdf4HZeadAQA&_nc_gid=Gox-EQ6UBpZFMxBw0817xA&_nc_ss=7a3ba&_nc_zt=28&oh=00_AQL9DS0Ocgr3bDUPaYcFmodXuP08fEQrnZm1lZMMCJBR1A&oe=6AB0695D,1780563055
fromchurch.toprison,15790,"Latvian x Aussie 
Vegan  - Melbourne   
@sliiced.cakes 
@only.harrietx",DZjB5BtAlx8,Life is sexy and so are we ✨,344,37,14555,https://scontent-cph2-1.cdninstagram.com/o1/v/t2/f2/m86/AQNrU4rLiuHuB9xrOQ7HP456i-9DGJpkur10f7HxcqxDOJeK6CSVQKFKSa02vA8GW2z-cmUxG9t9XNAWLyZuFumFGZ-tr146vXqZRoM.mp4?_nc_cat=102&_nc_sid=5e9851&_nc_ht=scontent-cph2-1.cdninstagram.com&_nc_ohc=b8aKQBYGlroQ7kNvwEVNAeF&efg=eyJ2ZW5jb2RlX3RhZyI6Inhwdl9wcm9ncmVzc2l2ZS5JTlNUQUdSQU0uQ0xJUFMuQzMuNzIwLmRhc2hfYmFzZWxpbmVfMV92MSIsInhwdl9hc3NldF9pZCI6MzkzOTU1MDM1MzAxOTYzNSwiYXNzZXRfYWdlX2RheXMiOjk3LCJ2aV91c2VjYXNlX2lkIjoxMDA5OSwiZHVyYXRpb25fcyI6MTgsInVybGdlbl9zb3VyY2UiOiJ3d3cifQ%3D%3D&ccb=17-1&vs=1972db5dd75abed6&_nc_vs=HBksFQIYUmlnX3hwdl9yZWVsc19wZXJtYW5lbnRfc3JfcHJvZC81RDRCNDhFQkY2MUYyQTRGOUNFQURBQjQ5RUVDQjQ5M192aWRlb19kYXNoaW5pdC5tcDQVAALIARIAFQIYUWlnX3hwdl9wbGFjZW1lbnRfcGVybWFuZW50X3YyL0JGNEI1MzM1NkYzNkMyMTBFQkYzQzIxOTc2NDQ4MUJFX2F1ZGlvX2Rhc2hpbml0Lm1wNBUCAsgBEgAoABgAGwKIB3VzZV9vaWwBMRJwcm9ncmVzc2l2ZV9yZWNpcGUBMRUAACbmy-61gcD_DRUCKAJDMywXQDLQYk3S8aoYEmRhc2hfYmFzZWxpbmVfMV92MREAdf4HZeadAQA&_nc_gid=Gox-EQ6UBpZFMxBw0817xA&_nc_ss=7a3ba&_nc_zt=28&oh=00_AQK3NRehyB_eL6a81lmVwt135JmmwhKpotRgtG5OeUZnIA&oe=6AB06EC7,1781399450
fromchurch.toprison,15790,"Latvian x Aussie 
Vegan  - Melbourne   
@sliiced.cakes 
@only.harrietx",DZl59tJgjDX,"Filthy martini, extra filth x",126,8,8217,https://scontent-cph2-1.cdninstagram.com/o1/v/t2/f2/m86/AQMQXX8K1pPQ0Kn5CzPMGjmlH1v7n_oxZl7a4FIMkM9Mxn2tpzu-raYZjZ0qGyPrbhtE-JO5sCLXrWE_SHhbA1GigYqei23reOJXWUs.mp4?_nc_cat=110&_nc_sid=5e9851&_nc_ht=scontent-cph2-1.cdninstagram.com&_nc_ohc=6PmHxVpo-GgQ7kNvwG7dwm_&efg=eyJ2ZW5jb2RlX3RhZyI6Inhwdl9wcm9ncmVzc2l2ZS5JTlNUQUdSQU0uQ0xJUFMuQzMuNzIwLmRhc2hfYmFzZWxpbmVfMV92MSIsInhwdl9hc3NldF9pZCI6OTA4NjA0OTU4OTIwMDc5LCJhc3NldF9hZ2VfZGF5cyI6OTYsInZpX3VzZWNhc2VfaWQiOjEwMDk5LCJkdXJhdGlvbl9zIjoxMSwidXJsZ2VuX3NvdXJjZSI6Ind3dyJ9&ccb=17-1&vs=9b625765d8970989&_nc_vs=HBksFQIYUmlnX3hwdl9yZWVsc19wZXJtYW5lbnRfc3JfcHJvZC9CQTQzQzAxOEFCNTcwQ0E3QkYwQjFERkZEQzlENjk4Nl92aWRlb19kYXNoaW5pdC5tcDQVAALIARIAFQIYUWlnX3hwdl9wbGFjZW1lbnRfcGVybWFuZW50X3YyLzIwNEVDQzY3MTcyNUEwMUZFNTg1NzRDMTY2OEM3QzkzX2F1ZGlvX2Rhc2hpbml0Lm1wNBUCAsgBEgAoABgAGwKIB3VzZV9vaWwBMRJwcm9ncmVzc2l2ZV9yZWNpcGUBMRUAACaetoq94pedAxUCKAJDMywXQCcQ5WBBiTcYEmRhc2hfYmFzZWxpbmVfMV92MREAdf4HZeadAQA&_nc_gid=Gox-EQ6UBpZFMxBw0817xA&_nc_ss=7a3ba&_nc_zt=28&oh=00_AQIsWdGlFJiFAzCCly1RwpfHJGkcfU0kdvCZV9fF-qwU0w&oe=6AB06AAB,1781495901
fromchurch.toprison,15790,"Latvian x Aussie 
Vegan  - Melbourne   
@sliiced.cakes 
@only.harrietx",DZegbU5hobs,🖤🤍,32,3,2393,https://scontent-cph2-1.cdninstagram.com/o1/v/t2/f2/m86/AQPnxRvPxhQ_otX2Dqtu0bx97emaH4Qr9zhNWZsEkCNJ33xvd27aXN1nm5N2Zxdj2x51LYGrStKVEY400T1-NL4xWqgBiCtKWlSDXyo.mp4?_nc_cat=107&_nc_sid=5e9851&_nc_ht=scontent-cph2-1.cdninstagram.com&_nc_ohc=2uzHmmABimkQ7kNvwFh3gsQ&efg=eyJ2ZW5jb2RlX3RhZyI6Inhwdl9wcm9ncmVzc2l2ZS5JTlNUQUdSQU0uQ0xJUFMuQzMuNzIwLmRhc2hfYmFzZWxpbmVfMV92MSIsInhwdl9hc3NldF9pZCI6MTY0MjY1OTAxMzQ1ODg0OCwiYXNzZXRfYWdlX2RheXMiOjEwMSwidmlfdXNlY2FzZV9pZCI6MTAwOTksImR1cmF0aW9uX3MiOjUsInVybGdlbl9zb3VyY2UiOiJ3d3cifQ%3D%3D&ccb=17-1&vs=d22265d8529b98a6&_nc_vs=HBksFQIYUmlnX3hwdl9yZWVsc19wZXJtYW5lbnRfc3JfcHJvZC83QzQ4MzFGMDBENzY1NzFERjRDNTI4Q0Y1QUY1RTI4NV92aWRlb19kYXNoaW5pdC5tcDQVAALIARIAFQIYUWlnX3hwdl9wbGFjZW1lbnRfcGVybWFuZW50X3YyLzQ1NDdFM0FFQkFEMjYyNTJCNzFGNkU1OTNGMzhEQjkyX2F1ZGlvX2Rhc2hpbml0Lm1wNBUCAsgBEgAoABgAGwKIB3VzZV9vaWwBMRJwcm9ncmVzc2l2ZV9yZWNpcGUBMRUAACbA7t-vq__qBRUCKAJDMywXQBdU_fO2RaIYEmRhc2hfYmFzZWxpbmVfMV92MREAdf4HZeadAQA&_nc_gid=Gox-EQ6UBpZFMxBw0817xA&_nc_ss=7a3ba&_nc_zt=28&oh=00_AQIda4KM10_NOR0Z8T6Fh186GQVw1z-zHczAIcufguh1pg&oe=6AB060D0,1781420405
fromchurch.toprison,15790,"Latvian x Aussie 
Vegan  - Melbourne   
@sliiced.cakes 
@only.harrietx",DZcaOB5Atez,You wish…,199,11,10286,https://scontent-cph2-1.cdninstagram.com/o1/v/t2/f2/m86/AQPLwEQq0nF6RLg19oF_-KaWECAdQkoIWjVXA6W05FHqtPfpdCHOd5WUWpixnIugDSRZNzbGcY9Zt2cunq3I_5UwC_nS89x2-5eR1jw.mp4?_nc_cat=108&_nc_sid=5e9851&_nc_ht=scontent-cph2-1.cdninstagram.com&_nc_ohc=cSwUm6mndHoQ7kNvwHGXdqK&efg=eyJ2ZW5jb2RlX3RhZyI6Inhwdl9wcm9ncmVzc2l2ZS5JTlNUQUdSQU0uQ0xJUFMuQzMuNzIwLmRhc2hfYmFzZWxpbmVfMV92MSIsInhwdl9hc3NldF9pZCI6MTI0MzQ4NzA3MTA0MDM2OSwiYXNzZXRfYWdlX2RheXMiOjEwMCwidmlfdXNlY2FzZV9pZCI6MTAwOTksImR1cmF0aW9uX3MiOjgsInVybGdlbl9zb3VyY2UiOiJ3d3cifQ%3D%3D&ccb=17-1&vs=3bde8a3973f7238c&_nc_vs=HBksFQIYUmlnX3hwdl9yZWVsc19wZXJtYW5lbnRfc3JfcHJvZC8xMjQ2Q0JBQUIzNDQyMTMzOTMwMkZBMUNGODdDOTI5N192aWRlb19kYXNoaW5pdC5tcDQVAALIARIAFQIYUWlnX3hwdl9wbGFjZW1lbnRfcGVybWFuZW50X3YyLzU5NEFFMEMwNzNCMUMwNjcwMTk0RTMzMTI1MTkzNzlCX2F1ZGlvX2Rhc2hpbml0Lm1wNBUCAsgBEgAoABgAGwKIB3VzZV9vaWwBMRJwcm9ncmVzc2l2ZV9yZWNpcGUBMRUAACbizbfSvLy1BBUCKAJDMywXQCFU_fO2RaIYEmRhc2hfYmFzZWxpbmVfMV92MREAdf4HZeadAQA&_nc_gid=Gox-EQ6UBpZFMxBw0817xA&_nc_ss=7a3ba&_nc_zt=28&oh=00_AQJUuZXRqUEQNKDzQOSCG5Hmz7OmAFjtOzjdsIHL-aBk1w&oe=6AB05C85,1781177549
deannaritter98,653094,"☆꧁༒America's favorite virtual girl™️༒꧂☆
𝐿𝑒𝓉'𝓈 𝑒𝓃𝒿𝑜𝓎 𝓉𝒽𝒾𝓈 𝓌𝒽𝒾𝓁𝑒 𝓌𝑒 𝒸𝒶𝓃",DcTy9pCRcYE,Aw man. I missed 250. Dang it. I've got to do better. Ah well. Enjoy your day!! ❤️ 249,4304,266,43654,https://scontent-cph2-1.cdninstagram.com/o1/v/t16/f2/m84/AQP3c1P2CfxgQ_xc5a3opHLLBsdq3BNPd8OVKGO_fKcuIUZ9C1yocB4pdJv_5baI-8cm6IR56UIF3SHFQoLhs7tJ0kEBlLjJLX_xgkI.mp4?_nc_cat=109&_nc_sid=5e9851&_nc_ht=scontent-cph2-1.cdninstagram.com&_nc_ohc=G_Ru4ygEZeMQ7kNvwHv0DTq&efg=eyJ2ZW5jb2RlX3RhZyI6Inhwdl9wcm9ncmVzc2l2ZS5JTlNUQUdSQU0uQ0xJUFMuQzMuNzIwLmRhc2hfYmFzZWxpbmVfMV92MSIsInhwdl9hc3NldF9pZCI6MjQ3MTA3MzY1MzgxMDQ4MCwiYXNzZXRfYWdlX2RheXMiOjMwLCJ2aV91c2VjYXNlX2lkIjoxMDgyNywiZHVyYXRpb25fcyI6MTUsInVybGdlbl9zb3VyY2UiOiJ3d3cifQ%3D%3D&ccb=17-1&vs=79d0531a9e1d2848&_nc_vs=HBksFQIYTGlnX2JhY2tmaWxsX3RpbWVsaW5lX3ZvZC8wNTQzMzkwMjdGMjRFQkI0QzVCRDhDMzdEQkRBOUFCN192aWRlb19kYXNoaW5pdC5tcDQVAALIARIAFQIYUWlnX3hwdl9wbGFjZW1lbnRfcGVybWFuZW50X3YyLzczNDM2NzA3MDc4ODNERkYxN0VEQUFDRTlFMEQyMzg3X2F1ZGlvX2Rhc2hpbml0Lm1wNBUCAsgBEgAoABgAGwKIB3VzZV9vaWwBMRJwcm9ncmVzc2l2ZV9yZWNpcGUBMRUAACbglMu1tdvjCBUCKAJDMywXQC4Q5WBBiTcYEmRhc2hfYmFzZWxpbmVfMV92MREAdf4HZZapAQA&_nc_gid=JcW-XJHBXLN-Dt9ujBrlGw&_nc_ss=7a3ba&_nc_zt=28&oh=00_AQJ1awlzX44a9p7zaQzk_RyDcWIspMH4BKQ8jdLLZoPujA&oe=6AB2E6E7,1787330764
nadiabennt,359555,"Spanish 🛫 Miami
Vet Student | @univmiami 
23",DdhkYDvAeXr,IIIIITSSS TIMEEEE!!!,469,10,12387,https://scontent-arn2-1.cdninstagram.com/o1/v/t2/f2/m86/AQPwaCB4UPTBtr-ZdulbiaqTxbiyQk5iQ8ZmipHUNpMYGzH5DxquBQwFRs6ksjuKFUvU5GuSIU8qszmODBm77mYpG_m7BI5V_HfJCXw.mp4?_nc_cat=107&_nc_sid=5e9851&_nc_ht=scontent-arn2-1.cdninstagram.com&_nc_ohc=OXZK333AG4sQ7kNvwEXrdFM&efg=eyJ2ZW5jb2RlX3RhZyI6Inhwdl9wcm9ncmVzc2l2ZS5JTlNUQUdSQU0uQ0xJUFMuQzMuNzIwLmRhc2hfYmFzZWxpbmVfMV92MSIsInhwdl9hc3NldF9pZCI6MTc5MDk4MjA0NDc1NTE0MDQsImFzc2V0X2FnZV9kYXlzIjowLCJ2aV91c2VjYXNlX2lkIjoxMDA5OSwiZHVyYXRpb25fcyI6MTQsInVybGdlbl9zb3VyY2UiOiJ3d3cifQ%3D%3D&ccb=17-1&vs=46e726f1e827c32c&_nc_vs=HBksFQIYUmlnX3hwdl9yZWVsc19wZXJtYW5lbnRfc3JfcHJvZC82MTQ3RUM4QzNFRjBFMjkzMDZBMjgwMTQ4MUM1REE4Ml92aWRlb19kYXNoaW5pdC5tcDQVAALIARIAFQIYUWlnX3hwdl9wbGFjZW1lbnRfcGVybWFuZW50X3YyLzM0NDNGMDk1NEY1QzRFMjFEQjgzQUVCQkI1NkMwRjg1X2F1ZGlvX2Rhc2hpbml0Lm1wNBUCAsgBEgAoABgAGwKIB3VzZV9vaWwBMRJwcm9ncmVzc2l2ZV9yZWNpcGUBMRUAACbYvqPc4LjQPxUCKAJDMywXQC3ul41P3zsYEmRhc2hfYmFzZWxpbmVfMV92MREAdf4HZeadAQA&_nc_gid=wx_qkN2rksywAQwL4ifpyQ&_nc_ss=7a3ba&_nc_zt=28&oh=00_AQK_65kQ_g_h6aiKZf8evs_0s68s7GU8UUKN8o5TIfUGnA&oe=6AB2D0C4,1789940304
nadiabennt,359555,"Spanish 🛫 Miami
Vet Student | @univmiami 
23",DdfKuVqqMjz,The wild trio 💖,743,37,33830,https://scontent-arn2-1.cdninstagram.com/o1/v/t2/f2/m86/AQOdDkMcqn8PVikiNcGUC4rMmolG-cQ_GRslVzvS62W4BUoKFDaHtBmWaw-cF9Lmlz1UFHzuP_kZnb2VoLwO_fa6gFkIhEMxeQK4cOc.mp4?_nc_cat=109&_nc_sid=5e9851&_nc_ht=scontent-arn2-1.cdninstagram.com&_nc_ohc=QkIf1A1aSgIQ7kNvwGOH_Tl&efg=eyJ2ZW5jb2RlX3RhZyI6Inhwdl9wcm9ncmVzc2l2ZS5JTlNUQUdSQU0uQ0xJUFMuQzMuNzIwLmRhc2hfYmFzZWxpbmVfMV92MSIsInhwdl9hc3NldF9pZCI6MjM5MjEzOTk1ODE5NjQyNywiYXNzZXRfYWdlX2RheXMiOjEsInZpX3VzZWNhc2VfaWQiOjEwMDk5LCJkdXJhdGlvbl9zIjoxMCwidXJsZ2VuX3NvdXJjZSI6Ind3dyJ9&ccb=17-1&vs=de0f2d36af34da71&_nc_vs=HBksFQIYUmlnX3hwdl9yZWVsc19wZXJtYW5lbnRfc3JfcHJvZC80OTRDNDE0NTUzNEI5RUVCNkRFOTM5NDI2NTQ5MEY5Q192aWRlb19kYXNoaW5pdC5tcDQVAALIARIAFQIYUWlnX3hwdl9wbGFjZW1lbnRfcGVybWFuZW50X3YyLzEwNEVGQ0E3NUFGQUI0M0Y4Q0RDQ0QxMzk1RTg2ODg2X2F1ZGlvX2Rhc2hpbml0Lm1wNBUCAsgBEgAoABgAGwKIB3VzZV9vaWwBMRJwcm9ncmVzc2l2ZV9yZWNpcGUBMRUAACaW47DH7-i_CBUCKAJDMywXQCV3S8an754YEmRhc2hfYmFzZWxpbmVfMV92MREAdf4HZeadAQA&_nc_gid=wx_qkN2rksywAQwL4ifpyQ&_nc_ss=7a3ba&_nc_zt=28&oh=00_AQJMPM0ojMRCuHtAHnsmJICcP5zuSZT39FaXxF_S-hbX8A&oe=6AB2D812,1789859955
nadiabennt,359555,"Spanish 🛫 Miami
Vet Student | @univmiami 
23",Ddet5QXEwZj,,993,47,23475,https://scontent-arn2-1.cdninstagram.com/o1/v/t2/f2/m86/AQNs0O_asJeZIpPUcRKQnAw5CuCM_31m6u84lNW_eXsCUCgPcyhnmOCZx76Uo92EPiBVQc2aq8zpLT5hOy-I1m0zo2lxRA3IMoLSED4.mp4?_nc_cat=107&_nc_sid=5e9851&_nc_ht=scontent-arn2-1.cdninstagram.com&_nc_ohc=9k7CLkXDwmEQ7kNvwGIOnld&efg=eyJ2ZW5jb2RlX3RhZyI6Inhwdl9wcm9ncmVzc2l2ZS5JTlNUQUdSQU0uQ0xJUFMuQzMuNzIwLmRhc2hfYmFzZWxpbmVfMV92MSIsInhwdl9hc3NldF9pZCI6MTc5MDk2MzYxNTQ1NTE0MDQsImFzc2V0X2FnZV9kYXlzIjoxLCJ2aV91c2VjYXNlX2lkIjoxMDA5OSwiZHVyYXRpb25fcyI6NywidXJsZ2VuX3NvdXJjZSI6Ind3dyJ9&ccb=17-1&vs=5a4f585592f911d4&_nc_vs=HBksFQIYUmlnX3hwdl9yZWVsc19wZXJtYW5lbnRfc3JfcHJvZC8yQjQyOTQzQTEyODA3MEJCNEJGQTMxRkY5MTM1OTFCQl92aWRlb19kYXNoaW5pdC5tcDQVAALIARIAFQIYUWlnX3hwdl9wbGFjZW1lbnRfcGVybWFuZW50X3YyL0RGNDQ4NzdBMTUwMTU2NUZFM0IxMzIyQTM0MTczREFBX2F1ZGlvX2Rhc2hpbml0Lm1wNBUCAsgBEgAoABgAGwKIB3VzZV9vaWwBMRJwcm9ncmVzc2l2ZV9yZWNpcGUBMRUAACbYsePQg67QPxUCKAJDMywXQB-7ZFocrAgYEmRhc2hfYmFzZWxpbmVfMV92MREAdf4HZeadAQA&_nc_gid=wx_qkN2rksywAQwL4ifpyQ&_nc_ss=7a3ba&_nc_zt=28&oh=00_AQI7uvS9ojn5nmCMLF-3KwU-ZGp_cwOIafbKfDpMNQmrAA&oe=6AB2B99C,1789844632
nadiabennt,359555,"Spanish 🛫 Miami
Vet Student | @univmiami 
23",DdcQXzWkrOM,hi,370,23,15172,https://scontent-arn2-1.cdninstagram.com/o1/v/t2/f2/m86/AQPSBnOwcOVNp_K7Tw8JmOB2Md4EXCkKxQu_E-w7T1zOK3zvi0hPaGNbxPrFCFZLhLf7uSfIxTWOGlOK1YMt1QKYTdqW5DZDKP0yTsM.mp4?_nc_cat=108&_nc_sid=5e9851&_nc_ht=scontent-arn2-1.cdninstagram.com&_nc_ohc=qYIOo0ez0pkQ7kNvwGXb2kC&efg=eyJ2ZW5jb2RlX3RhZyI6Inhwdl9wcm9ncmVzc2l2ZS5JTlNUQUdSQU0uQ0xJUFMuQzMuNzIwLmRhc2hfYmFzZWxpbmVfMV92MSIsInhwdl9hc3NldF9pZCI6MTc5MDk0NzE3MzM1NTE0MDQsImFzc2V0X2FnZV9kYXlzIjoyLCJ2aV91c2VjYXNlX2lkIjoxMDA5OSwiZHVyYXRpb25fcyI6OCwidXJsZ2VuX3NvdXJjZSI6Ind3dyJ9&ccb=17-1&vs=b99fa2d931442f5f&_nc_vs=HBksFQIYUmlnX3hwdl9yZWVsc19wZXJtYW5lbnRfc3JfcHJvZC85MDQzQURBODAzODJCRDg4OTczNzBGMjU2NjcwQzM5Ql92aWRlb19kYXNoaW5pdC5tcDQVAALIARIAFQIYUWlnX3hwdl9wbGFjZW1lbnRfcGVybWFuZW50X3YyLzVCNDNEQjZEODc4OTNBOThENDY2NzI5Qzc3ODBFN0JGX2F1ZGlvX2Rhc2hpbml0Lm1wNBUCAsgBEgAoABgAGwKIB3VzZV9vaWwBMRJwcm9ncmVzc2l2ZV9yZWNpcGUBMRUAACbYxNjMuqTQPxUCKAJDMywXQCGqfvnbItEYEmRhc2hfYmFzZWxpbmVfMV92MREAdf4HZeadAQA&_nc_gid=wx_qkN2rksywAQwL4ifpyQ&_nc_ss=7a3ba&_nc_zt=28&oh=00_AQLBBqGGZ9wgub8uEEPCUBUB7Uz_Z2NSGo5Y_fZHj6vkPQ&oe=6AB2B769,1789762046
nadiabennt,359555,"Spanish 🛫 Miami
Vet Student | @univmiami 
23",DdXVi9JlBR-,ups,1697,46,41353,https://scontent-arn2-1.cdninstagram.com/o1/v/t2/f2/m86/AQNzhRhR_fwpn5KGXnob1h3sEkbR4Bi5gEecMmEuw0Mrynd2bG2mewg-deYU1wLc29q60HDgMa0oXAA_95Rfbm4mhhN43VY9GGoelXI.mp4?_nc_cat=102&_nc_sid=5e9851&_nc_ht=scontent-arn2-1.cdninstagram.com&_nc_ohc=NXznk7qdzGIQ7kNvwEWRuL3&efg=eyJ2ZW5jb2RlX3RhZyI6Inhwdl9wcm9ncmVzc2l2ZS5JTlNUQUdSQU0uQ0xJUFMuQzMuNzIwLmRhc2hfYmFzZWxpbmVfMV92MSIsInhwdl9hc3NldF9pZCI6MTc5MDkxNjg4NjI1NTE0MDQsImFzc2V0X2FnZV9kYXlzIjo0LCJ2aV91c2VjYXNlX2lkIjoxMDA5OSwiZHVyYXRpb25fcyI6OSwidXJsZ2VuX3NvdXJjZSI6Ind3dyJ9&ccb=17-1&vs=4f3b2410fce00a09&_nc_vs=HBksFQIYUmlnX3hwdl9yZWVsc19wZXJtYW5lbnRfc3JfcHJvZC8yRjRGMERCQkI4MkU2MUEwQTQ2NUVGMTI0MDgxQkQ4QV92aWRlb19kYXNoaW5pdC5tcDQVAALIARIAFQIYUWlnX3hwdl9wbGFjZW1lbnRfcGVybWFuZW50X3YyLzVENDExNzM4NzA2MjU1MTQ4RDE3MzIwRTVCQ0Y5RDgyX2F1ZGlvX2Rhc2hpbml0Lm1wNBUCAsgBEgAoABgAGwKIB3VzZV9vaWwBMRJwcm9ncmVzc2l2ZV9yZWNpcGUBMRUAACbY9bKE6pLQPxUCKAJDMywXQCNU_fO2RaIYEmRhc2hfYmFzZWxpbmVfMV92MREAdf4HZeadAQA&_nc_gid=wx_qkN2rksywAQwL4ifpyQ&_nc_ss=7a3ba&_nc_zt=28&oh=00_AQLeAOngpkntdbdfEvKcV-Pr-Zpnkc9Ldg_4a_3T9fkHoA&oe=6AB2CC13,1789596988
nadiabennt,359555,"Spanish 🛫 Miami
Vet Student | @univmiami 
23",DdSNdLJgXu6,passionfruit,672,25,28109,https://scontent-arn2-1.cdninstagram.com/o1/v/t2/f2/m86/AQPnR1jjeEa-K-gs66o8SwLu-cA-jDqTa08YBzWAA4k_Gpg4embtYtdX6fgWI22wEgvwUUtEXzGRp7WeuaVxt9gJQRrcjVtEnc__mh4.mp4?_nc_cat=103&_nc_sid=5e9851&_nc_ht=scontent-arn2-1.cdninstagram.com&_nc_ohc=WWEDQ7N3-1IQ7kNvwEWRP-8&efg=eyJ2ZW5jb2RlX3RhZyI6Inhwdl9wcm9ncmVzc2l2ZS5JTlNUQUdSQU0uQ0xJUFMuQzMuNzIwLmRhc2hfYmFzZWxpbmVfMV92MSIsInhwdl9hc3NldF9pZCI6MTc5MDg4NjA3NjU1NTE0MDQsImFzc2V0X2FnZV9kYXlzIjo2LCJ2aV91c2VjYXNlX2lkIjoxMDA5OSwiZHVyYXRpb25fcyI6OSwidXJsZ2VuX3NvdXJjZSI6Ind3dyJ9&ccb=17-1&vs=6ea33df980356c56&_nc_vs=HBksFQIYUmlnX3hwdl9yZWVsc19wZXJtYW5lbnRfc3JfcHJvZC82QzQ4Mjg4QjhFRTc1QjNGRDI1N0U5RjZCODkzNzBCQV92aWRlb19kYXNoaW5pdC5tcDQVAALIARIAFQIYUWlnX3hwdl9wbGFjZW1lbnRfcGVybWFuZW50X3YyLzkyNEZERjhCM0Y4Mzk5RUUwNTU1NDgxRDZEQkIyRDlCX2F1ZGlvX2Rhc2hpbml0Lm1wNBUCAsgBEgAoABgAGwKIB3VzZV9vaWwBMRJwcm9ncmVzc2l2ZV9yZWNpcGUBMRUAACbY7JnE8oDQPxUCKAJDMywXQCIzMzMzMzMYEmRhc2hfYmFzZWxpbmVfMV92MREAdf4HZeadAQA&_nc_gid=wx_qkN2rksywAQwL4ifpyQ&_nc_ss=7a3ba&_nc_zt=28&oh=00_AQIklMD2VQGwgVHONd2RhQi9g-1GFvIiKZ5aGGMNusqZ_A&oe=6AB2E310,1789424971
nadiabennt,359555,"Spanish 🛫 Miami
Vet Student | @univmiami 
23",DdR7QYSgpVR,You missed your chance,1119,24,39864,https://scontent-arn2-1.cdninstagram.com/o1/v/t2/f2/m86/AQN4Rk2W3U0uNFfGZsQnt0bE9XJwvSsbeed1NTTzjiZFusvgsPQHx4vmcTTxBTaHpPD2mka-j_UccLc8z9ouyHhv6JewWhi0MBnsou4.mp4?_nc_cat=101&_nc_sid=5e9851&_nc_ht=scontent-arn2-1.cdninstagram.com&_nc_ohc=UQ53sNFLRn0Q7kNvwFi6OYv&efg=eyJ2ZW5jb2RlX3RhZyI6Inhwdl9wcm9ncmVzc2l2ZS5JTlNUQUdSQU0uQ0xJUFMuQzMuNzIwLmRhc2hfYmFzZWxpbmVfMV92MSIsInhwdl9hc3NldF9pZCI6MTc5MDg4NDY1NTE1NTE0MDQsImFzc2V0X2FnZV9kYXlzIjo2LCJ2aV91c2VjYXNlX2lkIjoxMDA5OSwiZHVyYXRpb25fcyI6OSwidXJsZ2VuX3NvdXJjZSI6Ind3dyJ9&ccb=17-1&vs=8ef3d9e0c2a679ca&_nc_vs=HBksFQIYUmlnX3hwdl9yZWVsc19wZXJtYW5lbnRfc3JfcHJvZC9DQjQ4RDJGRjEzMEU2NTM3RkE1MDgyNUEwNUY1QTk5N192aWRlb19kYXNoaW5pdC5tcDQVAALIARIAFQIYUWlnX3hwdl9wbGFjZW1lbnRfcGVybWFuZW50X3YyLzQ5NDUzQUUxRTU4NkRBM0E2OUY1RDMxRjExRTcyMTlEX2F1ZGlvX2Rhc2hpbml0Lm1wNBUCAsgBEgAoABgAGwKIB3VzZV9vaWwBMRJwcm9ncmVzc2l2ZV9yZWNpcGUBMRUAACbYttbQiIDQPxUCKAJDMywXQCIzMzMzMzMYEmRhc2hfYmFzZWxpbmVfMV92MREAdf4HZeadAQA&_nc_gid=wx_qkN2rksywAQwL4ifpyQ&_nc_ss=7a3ba&_nc_zt=28&oh=00_AQKF8xziTJZmgOczr1HSWZ80jMoT69ABdvv_veTuNtX-HA&oe=6AB2DB7E,1789415431
nadiabennt,359555,"Spanish 🛫 Miami
Vet Student | @univmiami 
23",DdPo2GKozJ6,Which one looks better on me ?,2867,71,85280,https://scontent-arn2-1.cdninstagram.com/o1/v/t16/f2/m84/AQOCnbme60PsB3_34l5ccnPyXoUZ8toKynOnLr1ieiJFvQyenABvFwg12QW20EMnnZNPqATB6kcIIicYXVKc3gql2N9YZn4652mC-D0.mp4?_nc_cat=111&_nc_sid=5e9851&_nc_ht=scontent-arn2-1.cdninstagram.com&_nc_ohc=R1pGOHsQI70Q7kNvwHqXS0c&efg=eyJ2ZW5jb2RlX3RhZyI6Inhwdl9wcm9ncmVzc2l2ZS5JTlNUQUdSQU0uQ0xJUFMuQzMuNzIwLmRhc2hfYmFzZWxpbmVfMV92MSIsInhwdl9hc3NldF9pZCI6NDM2NzA2NzQwMDIwOTY1NCwiYXNzZXRfYWdlX2RheXMiOjgsInZpX3VzZWNhc2VfaWQiOjEwODI3LCJkdXJhdGlvbl9zIjoyNCwidXJsZ2VuX3NvdXJjZSI6Ind3dyJ9&ccb=17-1&vs=f7d2576ef0963897&_nc_vs=HBksFQIYTGlnX2JhY2tmaWxsX3RpbWVsaW5lX3ZvZC81RDQzNTgwOTNGRDAyNjgwNDYwQUIyQ0IzMEFGQzc4RF92aWRlb19kYXNoaW5pdC5tcDQVAALIARIAFQIYUWlnX3hwdl9wbGFjZW1lbnRfcGVybWFuZW50X3YyL0NENEJEQ0FGQzRFOTZGMTgyMTk3RDQ0RUVCRUMzMkE3X2F1ZGlvX2Rhc2hpbml0Lm1wNBUCAsgBEgAoABgAGwKIB3VzZV9vaWwBMRJwcm9ncmVzc2l2ZV9yZWNpcGUBMRUAACbsk8zR4_TBDxUCKAJDMywXQDgQ5WBBiTcYEmRhc2hfYmFzZWxpbmVfMV92MREAdf4HZZapAQA&_nc_gid=wx_qkN2rksywAQwL4ifpyQ&_nc_ss=7a3ba&_nc_zt=28&oh=00_AQIwH2xwRYdst51NEaFxXnoa141kzjJCaq5qF1icrbcj3Q&oe=6AB2E385,1789341601
nadiabennt,359555,"Spanish 🛫 Miami
Vet Student | @univmiami 
23",DdPd6IuiACU,"If it wasn't him, it was his clone",4569,116,273036,https://scontent-arn2-1.cdninstagram.com/o1/v/t2/f2/m86/AQPPadCp6v6ZDObOgoH8zo4cOix7YuT5ArKqJEzeVFl2i_-sFkcTeSag4TYvFuBV20yyAaeY0Eu6D8LDe0HSPk8JWwxzmur3dZTsjlA.mp4?_nc_cat=111&_nc_sid=5e9851&_nc_ht=scontent-arn2-1.cdninstagram.com&_nc_ohc=E6Ys8FjQnYIQ7kNvwHpiSMb&efg=eyJ2ZW5jb2RlX3RhZyI6Inhwdl9wcm9ncmVzc2l2ZS5JTlNUQUdSQU0uQ0xJUFMuQzMuNzIwLmRhc2hfYmFzZWxpbmVfMV92MSIsInhwdl9hc3NldF9pZCI6MTc5MDg2ODExMDc1NTE0MDQsImFzc2V0X2FnZV9kYXlzIjo3LCJ2aV91c2VjYXNlX2lkIjoxMDA5OSwiZHVyYXRpb25fcyI6OCwidXJsZ2VuX3NvdXJjZSI6Ind3dyJ9&ccb=17-1&vs=15b94c7321f73597&_nc_vs=HBksFQIYUmlnX3hwdl9yZWVsc19wZXJtYW5lbnRfc3JfcHJvZC80RDQwN0NGOUQ5RjgwQTUwMUY1QjgzODRGM0VDNDlBMl92aWRlb19kYXNoaW5pdC5tcDQVAALIARIAFQIYUWlnX3hwdl9wbGFjZW1lbnRfcGVybWFuZW50X3YyLzVGNENDMzI1Njk4Q0Q5REM5ODg0QTU0M0Y4ODdBREEzX2F1ZGlvX2Rhc2hpbml0Lm1wNBUCAsgBEgAoABgAGwKIB3VzZV9vaWwBMRJwcm9ncmVzc2l2ZV9yZWNpcGUBMRUAACbY0v38t_bPPxUCKAJDMywXQCAQ5WBBiTcYEmRhc2hfYmFzZWxpbmVfMV92MREAdf4HZeadAQA&_nc_gid=wx_qkN2rksywAQwL4ifpyQ&_nc_ss=7a3ba&_nc_zt=28&oh=00_AQIUGQTM90alx1_LtCjof7TfabVpWJttURkfcJxKh7Rk4Q&oe=6AB2C530,1789332935
nadiabennt,359555,"Spanish 🛫 Miami
Vet Student | @univmiami 
23",DdPIKl_Iiwd,"Red, maroon, or blue ?",694,21,36380,https://scontent-arn2-1.cdninstagram.com/o1/v/t16/f2/m84/AQPNlbPbu7lQQqZZuE-0fbA3NwK1u4UaifOUew9d0SLUmQaZ8Dl3hjPl3y16jJAsYuld4TsQtxo3KVny_hGhuiPNgrIULM5vbjYhjKg.mp4?_nc_cat=100&_nc_sid=5e9851&_nc_ht=scontent-arn2-1.cdninstagram.com&_nc_ohc=1ZKeR2Vn__IQ7kNvwEhS8yp&efg=eyJ2ZW5jb2RlX3RhZyI6Inhwdl9wcm9ncmVzc2l2ZS5JTlNUQUdSQU0uQ0xJUFMuQzMuNzIwLmRhc2hfYmFzZWxpbmVfMV92MSIsInhwdl9hc3NldF9pZCI6MTEwODAyMTI1NDkwODIyNCwiYXNzZXRfYWdlX2RheXMiOjgsInZpX3VzZWNhc2VfaWQiOjEwODI3LCJkdXJhdGlvbl9zIjoyNSwidXJsZ2VuX3NvdXJjZSI6Ind3dyJ9&ccb=17-1&vs=1a4215b69de753d6&_nc_vs=HBksFQIYTGlnX2JhY2tmaWxsX3RpbWVsaW5lX3ZvZC80RjQyMjRBMTdBQThENjM4QjcwRjQzNzJGMEIwODZCOF92aWRlb19kYXNoaW5pdC5tcDQVAALIARIAFQIYUWlnX3hwdl9wbGFjZW1lbnRfcGVybWFuZW50X3YyL0JDNEI5OUU2NkZDMkUxMkY1NzNEMTY2MzRBM0YwMkI4X2F1ZGlvX2Rhc2hpbml0Lm1wNBUCAsgBEgAoABgAGwKIB3VzZV9vaWwBMRJwcm9ncmVzc2l2ZV9yZWNpcGUBMRUAACaApevUqe_3AxUCKAJDMywXQDlEGJN0vGoYEmRhc2hfYmFzZWxpbmVfMV92MREAdf4HZZapAQA&_nc_gid=wx_qkN2rksywAQwL4ifpyQ&_nc_ss=7a3ba&_nc_zt=28&oh=00_AQKKQkoepCnwDAzWeKSFQAuTFCbZ4YAy8wPPyh8MGemPQQ&oe=6AB2CDA0,1789321513
nadiabennt,359555,"Spanish 🛫 Miami
Vet Student | @univmiami 
23",DdNIBXuDhZs,:),2242,82,89575,https://scontent-arn2-1.cdninstagram.com/o1/v/t2/f2/m86/AQPZ49s-Ort1hlXlW6EJ7BWymrE-etNOkHAdcOrRSaofDXvmx1n7ASxI4DLvxvVRpgpJzs3Ifx04IfrxGzMex_io-iLFkNeBAADaGes.mp4?_nc_cat=102&_nc_sid=5e9851&_nc_ht=scontent-arn2-1.cdninstagram.com&_nc_ohc=wj25FV7Wp6cQ7kNvwEBsM8m&efg=eyJ2ZW5jb2RlX3RhZyI6Inhwdl9wcm9ncmVzc2l2ZS5JTlNUQUdSQU0uQ0xJUFMuQzMuNzIwLmRhc2hfYmFzZWxpbmVfMV92MSIsInhwdl9hc3NldF9pZCI6MTc5MDg1MjQ3NzQ1NTE0MDQsImFzc2V0X2FnZV9kYXlzIjo4LCJ2aV91c2VjYXNlX2lkIjoxMDA5OSwiZHVyYXRpb25fcyI6MTIsInVybGdlbl9zb3VyY2UiOiJ3d3cifQ%3D%3D&ccb=17-1&vs=7870cc3cfc88484f&_nc_vs=HBksFQIYUmlnX3hwdl9yZWVsc19wZXJtYW5lbnRfc3JfcHJvZC9CQzQxRkYxMDkyNUJEMzU5MjlDRjk4Q0IxRTBFMDQ5Rl92aWRlb19kYXNoaW5pdC5tcDQVAALIARIAFQIYUWlnX3hwdl9wbGFjZW1lbnRfcGVybWFuZW50X3YyLzg2NDgyNzcxQzUxRjc2NDJFQzY5RkMxRjQ4RjdCMTgxX2F1ZGlvX2Rhc2hpbml0Lm1wNBUCAsgBEgAoABgAGwKIB3VzZV9vaWwBMRJwcm9ncmVzc2l2ZV9yZWNpcGUBMRUAACbYvZuaq-3PPxUCKAJDMywXQCnqfvnbItEYEmRhc2hfYmFzZWxpbmVfMV92MREAdf4HZeadAQA&_nc_gid=wx_qkN2rksywAQwL4ifpyQ&_nc_ss=7a3ba&_nc_zt=28&oh=00_AQJOePAXAS7T4S-30h5vhbHWlmuvLfsdPNWkahA-orrYSw&oe=6AB2E1CF,1789254361
nadiabennt,359555,"Spanish 🛫 Miami
Vet Student | @univmiami 
23",DdM9Z5jHEWl,"I'm right, aren't I?",554,61,34610,https://scontent-arn2-1.cdninstagram.com/o1/v/t2/f2/m86/AQM8X_gio0acKNWhjl6XLUpfhghMHBNPoxzthMoxubsDJe6PzmV-Pw_yI12dUaSSsfEskcK9PUb3VdzZp-IGxIYIrPfP-TzSYjVNapk.mp4?_nc_cat=100&_nc_sid=5e9851&_nc_ht=scontent-arn2-1.cdninstagram.com&_nc_ohc=LDlfGL1tD0kQ7kNvwEjgY-Q&efg=eyJ2ZW5jb2RlX3RhZyI6Inhwdl9wcm9ncmVzc2l2ZS5JTlNUQUdSQU0uQ0xJUFMuQzMuNzIwLmRhc2hfYmFzZWxpbmVfMV92MSIsInhwdl9hc3NldF9pZCI6MTc5MDg1MTEyNDQ1NTE0MDQsImFzc2V0X2FnZV9kYXlzIjo4LCJ2aV91c2VjYXNlX2lkIjoxMDA5OSwiZHVyYXRpb25fcyI6MTEsInVybGdlbl9zb3VyY2UiOiJ3d3cifQ%3D%3D&ccb=17-1&vs=e5f32946246b4994&_nc_vs=HBksFQIYUmlnX3hwdl9yZWVsc19wZXJtYW5lbnRfc3JfcHJvZC83MzQ3MDY2RjMxQzI2OEUxNjZGNTBFQjI2RjlGQTNCRF92aWRlb19kYXNoaW5pdC5tcDQVAALIARIAFQIYUWlnX3hwdl9wbGFjZW1lbnRfcGVybWFuZW50X3YyL0I4NEJCNTU2QTYwRjQ5RjVBOUMzQjAyMDdDMUU5OThCX2F1ZGlvX2Rhc2hpbml0Lm1wNBUCAsgBEgAoABgAGwKIB3VzZV9vaWwBMRJwcm9ncmVzc2l2ZV9yZWNpcGUBMRUAACbYk4CzxuzPPxUCKAJDMywXQCYzMzMzMzMYEmRhc2hfYmFzZWxpbmVfMV92MREAdf4HZeadAQA&_nc_gid=wx_qkN2rksywAQwL4ifpyQ&_nc_ss=7a3ba&_nc_zt=28&oh=00_AQL_vQelo9dI74K0M9HNfVbaVMAXP05s22u-wBFk_D8NgQ&oe=6AB2D031,1789248786
nadiabennt,359555,"Spanish 🛫 Miami
Vet Student | @univmiami 
23",DdMu8-3ALFb,ready to be your teacher,3957,72,160412,https://scontent-arn2-1.cdninstagram.com/o1/v/t2/f2/m86/AQPcKFmiVnlBPDOWFUnWXd23GUuVIMVo-3D0jND1hCIloIUXgKpKlrk968edOSk0GZ_mhrRTse7i_RlksLcmoiy4MsiBcau1ag0vMRo.mp4?_nc_cat=101&_nc_sid=5e9851&_nc_ht=scontent-arn2-1.cdninstagram.com&_nc_ohc=FI91DwbN40QQ7kNvwFv2-8T&efg=eyJ2ZW5jb2RlX3RhZyI6Inhwdl9wcm9ncmVzc2l2ZS5JTlNUQUdSQU0uQ0xJUFMuQzMuNzIwLmRhc2hfYmFzZWxpbmVfMV92MSIsInhwdl9hc3NldF9pZCI6MTc5MDg0OTA4MTE1NTE0MDQsImFzc2V0X2FnZV9kYXlzIjo4LCJ2aV91c2VjYXNlX2lkIjoxMDA5OSwiZHVyYXRpb25fcyI6MTMsInVybGdlbl9zb3VyY2UiOiJ3d3cifQ%3D%3D&ccb=17-1&vs=6b1b1a8106f906de&_nc_vs=HBksFQIYUmlnX3hwdl9yZWVsc19wZXJtYW5lbnRfc3JfcHJvZC80QzREQjUyREQ1REE5NUFBNzMyN0QxMUE0Q0UyNTdCQl92aWRlb19kYXNoaW5pdC5tcDQVAALIARIAFQIYUWlnX3hwdl9wbGFjZW1lbnRfcGVybWFuZW50X3YyL0RGNDg2QTlGMjNBRDM5QzU3QjFGNzc3Q0JEREIzQzk2X2F1ZGlvX2Rhc2hpbml0Lm1wNBUCAsgBEgAoABgAGwKIB3VzZV9vaWwBMRJwcm9ncmVzc2l2ZV9yZWNpcGUBMRUAACbYusmUruvPPxUCKAJDMywXQCozMzMzMzMYEmRhc2hfYmFzZWxpbmVfMV92MREAdf4HZeadAQA&_nc_gid=29cFxghdMXD-e9UtUDhIFQ&_nc_ss=7a3ba&_nc_zt=28&oh=00_AQIOegAICHDYJ6QUQRZyJ3Ni0cZr6rROPE_rRErFEb1eTw&oe=6AB2DB52,1789241207
nadiabennt,359555,"Spanish 🛫 Miami
Vet Student | @univmiami 
23",DdKjQbcDass,This stuff help me relax,1663,44,63291,https://scontent-arn2-1.cdninstagram.com/o1/v/t2/f2/m86/AQNurs2HOBYbAC7HZHVrVlU1180ITcum02N2UIW_AZj32HbpobK2b_r28NuFv9kb-p10YUbE3LwdymEecIDi6YRHuO8_oyzfu0gxELg.mp4?_nc_cat=107&_nc_sid=5e9851&_nc_ht=scontent-arn2-1.cdninstagram.com&_nc_ohc=H7fWD45-Sq8Q7kNvwHHdP3O&efg=eyJ2ZW5jb2RlX3RhZyI6Inhwdl9wcm9ncmVzc2l2ZS5JTlNUQUdSQU0uQ0xJUFMuQzMuNzIwLmRhc2hfYmFzZWxpbmVfMV92MSIsInhwdl9hc3NldF9pZCI6MTc5MDgzNTA4OTc1NTE0MDQsImFzc2V0X2FnZV9kYXlzIjo5LCJ2aV91c2VjYXNlX2lkIjoxMDA5OSwiZHVyYXRpb25fcyI6MTcsInVybGdlbl9zb3VyY2UiOiJ3d3cifQ%3D%3D&ccb=17-1&vs=5600b8aaf823fe79&_nc_vs=HBksFQIYUmlnX3hwdl9yZWVsc19wZXJtYW5lbnRfc3JfcHJvZC8zODQ1MEFFMEQxMDE2NzQ2NzA1MzM2RTM1NzREMTBBNF92aWRlb19kYXNoaW5pdC5tcDQVAALIARIAFQIYUWlnX3hwdl9wbGFjZW1lbnRfcGVybWFuZW50X3YyLzc1NEUyQ0NFNkIyQjc0MUFBQzY3OTk5QzkzNjMzQzlFX2F1ZGlvX2Rhc2hpbml0Lm1wNBUCAsgBEgAoABgAGwKIB3VzZV9vaWwBMRJwcm9ncmVzc2l2ZV9yZWNpcGUBMRUAACbY4Jfcm-PPPxUCKAJDMywXQDFVP3ztkWgYEmRhc2hfYmFzZWxpbmVfMV92MREAdf4HZeadAQA&_nc_gid=29cFxghdMXD-e9UtUDhIFQ&_nc_ss=7a3ba&_nc_zt=28&oh=00_AQJUXk_04fx3bV6GU3IbeN2MAWNfvsytk-tzmAaDeBjCng&oe=6AB2E054,1789167965
nadiabennt,359555,"Spanish 🛫 Miami
Vet Student | @univmiami 
23",DdKYCXqiUlV,help help a spider,1791,24,84666,https://scontent-arn2-1.cdninstagram.com/o1/v/t2/f2/m86/AQPBlO91SOrML6Sj9bzcxCDyS1ojMTVATx1XhzVNIW0ctxW_QdOEbJNQExJ7zJM_BSDAxA2v595k2_w5nACaPfkcqcVEVGl01ikoQN0.mp4?_nc_cat=110&_nc_sid=5e9851&_nc_ht=scontent-arn2-1.cdninstagram.com&_nc_ohc=-uMHyT9Hv1QQ7kNvwHbbQ3r&efg=eyJ2ZW5jb2RlX3RhZyI6Inhwdl9wcm9ncmVzc2l2ZS5JTlNUQUdSQU0uQ0xJUFMuQzMuNzIwLmRhc2hfYmFzZWxpbmVfMV92MSIsInhwdl9hc3NldF9pZCI6MTc5MDgzNDIyODE1NTE0MDQsImFzc2V0X2FnZV9kYXlzIjo5LCJ2aV91c2VjYXNlX2lkIjoxMDA5OSwiZHVyYXRpb25fcyI6MTAsInVybGdlbl9zb3VyY2UiOiJ3d3cifQ%3D%3D&ccb=17-1&vs=d498a75103862c94&_nc_vs=HBksFQIYUmlnX3hwdl9yZWVsc19wZXJtYW5lbnRfc3JfcHJvZC8yQTQ5MUQyODczMjBDRUQwOTJCNUM3NEI4NDQzNEE5NF92aWRlb19kYXNoaW5pdC5tcDQVAALIARIAFQIYUWlnX3hwdl9wbGFjZW1lbnRfcGVybWFuZW50X3YyLzZDNDFBNEEzRDFCNTdGMDNBNzgzQzNCOTREQTBGM0I4X2F1ZGlvX2Rhc2hpbml0Lm1wNBUCAsgBEgAoABgAGwKIB3VzZV9vaWwBMRJwcm9ncmVzc2l2ZV9yZWNpcGUBMRUAACbY-KnD2-LPPxUCKAJDMywXQCQzMzMzMzMYEmRhc2hfYmFzZWxpbmVfMV92MREAdf4HZeadAQA&_nc_gid=29cFxghdMXD-e9UtUDhIFQ&_nc_ss=7a3ba&_nc_zt=28&oh=00_AQJbsB1REDrZraOKaWCNjzswNwKJ9kkCDH0e6bY_orN2oQ&oe=6AB2DCB3,1789162093
nadiabennt,359555,"Spanish 🛫 Miami
Vet Student | @univmiami 
23",DdKGyUyCaSB,I just do things,2478,39,148134,https://scontent-arn2-1.cdninstagram.com/o1/v/t2/f2/m86/AQMJjQVRaxVJusNZO_EwwCq9rsBhIbxF65P5lIgZBS7-IzuXvo7wqJhdcBQImjoHlp8PUJihu5aodi31pkh6dEdFvw22KIpwkZtVKDE.mp4?_nc_cat=107&_nc_sid=5e9851&_nc_ht=scontent-arn2-1.cdninstagram.com&_nc_ohc=E7CWut0EkZoQ7kNvwH6UWEL&efg=eyJ2ZW5jb2RlX3RhZyI6Inhwdl9wcm9ncmVzc2l2ZS5JTlNUQUdSQU0uQ0xJUFMuQzMuNzIwLmRhc2hfYmFzZWxpbmVfMV92MSIsInhwdl9hc3NldF9pZCI6MTc5MDgzMjg2NTg1NTE0MDQsImFzc2V0X2FnZV9kYXlzIjo5LCJ2aV91c2VjYXNlX2lkIjoxMDA5OSwiZHVyYXRpb25fcyI6MjEsInVybGdlbl9zb3VyY2UiOiJ3d3cifQ%3D%3D&ccb=17-1&vs=6dd63a8852533416&_nc_vs=HBksFQIYUmlnX3hwdl9yZWVsc19wZXJtYW5lbnRfc3JfcHJvZC8wQjRBMkY5NDVDNDNEMjYzQThGOUIzQTA1MUYwRTM5MV92aWRlb19kYXNoaW5pdC5tcDQVAALIARIAFQIYUWlnX3hwdl9wbGFjZW1lbnRfcGVybWFuZW50X3YyL0VGNDdDOUJDNkI2OUE3MTU3QTAyRTQ1MTg4M0YwNzg2X2F1ZGlvX2Rhc2hpbml0Lm1wNBUCAsgBEgAoABgAGwKIB3VzZV9vaWwBMRJwcm9ncmVzc2l2ZV9yZWNpcGUBMRUAACbYibaD9uHPPxUCKAJDMywXQDVEGJN0vGoYEmRhc2hfYmFzZWxpbmVfMV92MREAdf4HZeadAQA&_nc_gid=29cFxghdMXD-e9UtUDhIFQ&_nc_ss=7a3ba&_nc_zt=28&oh=00_AQLW5gWFjAdcxkfasYz-pmzHC-CCzQc9j3AFCm9mZUCblg&oe=6AB2C880,1789153040
nadiabennt,359555,"Spanish 🛫 Miami
Vet Student | @univmiami 
23",DdIBY7ajvYB,Miami mami,642,13,27824,https://scontent-arn2-1.cdninstagram.com/o1/v/t2/f2/m86/AQNrgFyECV5tbsBZ6BSqaN4USvMsCwfq8DH7fViZ4ZAPJ8cruZp1F0EEajXM70QbT3eCnOKnIrZJw7CIZYyVPR_dG0mYQT0_ge-6l6g.mp4?_nc_cat=104&_nc_sid=5e9851&_nc_ht=scontent-arn2-1.cdninstagram.com&_nc_ohc=DnecuUFixL4Q7kNvwGl2Q2P&efg=eyJ2ZW5jb2RlX3RhZyI6Inhwdl9wcm9ncmVzc2l2ZS5JTlNUQUdSQU0uQ0xJUFMuQzMuNzIwLmRhc2hfYmFzZWxpbmVfMV92MSIsInhwdl9hc3NldF9pZCI6MTc5MDgyMDE0MTk1NTE0MDQsImFzc2V0X2FnZV9kYXlzIjoxMCwidmlfdXNlY2FzZV9pZCI6MTAwOTksImR1cmF0aW9uX3MiOjE0LCJ1cmxnZW5fc291cmNlIjoid3d3In0%3D&ccb=17-1&vs=9b411ffc4f62d203&_nc_vs=HBksFQIYUmlnX3hwdl9yZWVsc19wZXJtYW5lbnRfc3JfcHJvZC84RjQzQkFCRjlEMjc2NkYzREFERDJEQjMxOEMzNDE5M192aWRlb19kYXNoaW5pdC5tcDQVAALIARIAFQIYUWlnX3hwdl9wbGFjZW1lbnRfcGVybWFuZW50X3YyL0JENDM1RkFDODAzNUVBMzZBNkU3MzY2QjRCMUZBNUJEX2F1ZGlvX2Rhc2hpbml0Lm1wNBUCAsgBEgAoABgAGwKIB3VzZV9vaWwBMRJwcm9ncmVzc2l2ZV9yZWNpcGUBMRUAACbYyu2CwtrPPxUCKAJDMywXQCwzMzMzMzMYEmRhc2hfYmFzZWxpbmVfMV92MREAdf4HZeadAQA&_nc_gid=29cFxghdMXD-e9UtUDhIFQ&_nc_ss=7a3ba&_nc_zt=28&oh=00_AQIPGJAJ1QmJXShOZrJ-UnxgLxPfj7zZsRXg-Uj8fyC1ag&oe=6AB2CB65,1789083102
nadiabennt,359555,"Spanish 🛫 Miami
Vet Student | @univmiami 
23",DdH1AnpDc7l,white hope,594,12,24237,https://scontent-arn2-1.cdninstagram.com/o1/v/t2/f2/m86/AQOvY6u6DscUX5R1QewWUOvPSk0YTo8xyPM66X7BuM-gZ5IMXVPitTAhCvRMIt5gOKWyQKudb5pCKjXEZGwn4fGw-wRIJkOjiiM7bS8.mp4?_nc_cat=100&_nc_sid=5e9851&_nc_ht=scontent-arn2-1.cdninstagram.com&_nc_ohc=DYuY0n_815wQ7kNvwFp6-kz&efg=eyJ2ZW5jb2RlX3RhZyI6Inhwdl9wcm9ncmVzc2l2ZS5JTlNUQUdSQU0uQ0xJUFMuQzMuNzIwLmRhc2hfYmFzZWxpbmVfMV92MSIsInhwdl9hc3NldF9pZCI6MTc5MDgxOTIwNzc1NTE0MDQsImFzc2V0X2FnZV9kYXlzIjoxMCwidmlfdXNlY2FzZV9pZCI6MTAwOTksImR1cmF0aW9uX3MiOjksInVybGdlbl9zb3VyY2UiOiJ3d3cifQ%3D%3D&ccb=17-1&vs=d4ae5f6b62cd2222&_nc_vs=HBksFQIYUmlnX3hwdl9yZWVsc19wZXJtYW5lbnRfc3JfcHJvZC81QjQxNzEyMjU2N0YzMzIwNUFDRDYxNEI3RjZBQjhBQ192aWRlb19kYXNoaW5pdC5tcDQVAALIARIAFQIYUWlnX3hwdl9wbGFjZW1lbnRfcGVybWFuZW50X3YyLzczNDhBRkY2QkNDN0M4RUNCM0JDNDZCRjkzNDczOTlEX2F1ZGlvX2Rhc2hpbml0Lm1wNBUCAsgBEgAoABgAGwKIB3VzZV9vaWwBMRJwcm9ncmVzc2l2ZV9yZWNpcGUBMRUAACbY3NC1_NnPPxUCKAJDMywXQCIzMzMzMzMYEmRhc2hfYmFzZWxpbmVfMV92MREAdf4HZeadAQA&_nc_gid=29cFxghdMXD-e9UtUDhIFQ&_nc_ss=7a3ba&_nc_zt=28&oh=00_AQKtxqHpqoMvCbjc8KIIYIznLRnu-g9LZ5ZJLP7WJOG_nA&oe=6AB2D4E1,1789076612
nadiabennt,359555,"Spanish 🛫 Miami
Vet Student | @univmiami 
23",DdHoRYHEk_O,save a horse,1046,13,42877,https://scontent-arn2-1.cdninstagram.com/o1/v/t2/f2/m86/AQOzdRqc4fhnmY3Gar_43IfVu-kdJsM_Bxr9Xo2nYYiL-t4xOnJEwV8aQdAXW-yhOoUhHj_eDVUgG1pko8upTJYKE5neaoQdsfdPKxA.mp4?_nc_cat=107&_nc_sid=5e9851&_nc_ht=scontent-arn2-1.cdninstagram.com&_nc_ohc=1PTOE7mOK5EQ7kNvwGwDxaT&efg=eyJ2ZW5jb2RlX3RhZyI6Inhwdl9wcm9ncmVzc2l2ZS5JTlNUQUdSQU0uQ0xJUFMuQzMuNzIwLmRhc2hfYmFzZWxpbmVfMV92MSIsInhwdl9hc3NldF9pZCI6MTc5MDgxODI5MTg1NTE0MDQsImFzc2V0X2FnZV9kYXlzIjoxMCwidmlfdXNlY2FzZV9pZCI6MTAwOTksImR1cmF0aW9uX3MiOjExLCJ1cmxnZW5fc291cmNlIjoid3d3In0%3D&ccb=17-1&vs=72797c73ad1c768e&_nc_vs=HBksFQIYUmlnX3hwdl9yZWVsc19wZXJtYW5lbnRfc3JfcHJvZC85MzQzNTMzNDcyN0RCOTE3ODc3OURDQjQ4MEMzODlCOV92aWRlb19kYXNoaW5pdC5tcDQVAALIARIAFQIYUWlnX3hwdl9wbGFjZW1lbnRfcGVybWFuZW50X3YyLzkwNDNCMjI1MUU5RUI0ODlGMTdBODk0NjQ3QkI0NEFBX2F1ZGlvX2Rhc2hpbml0Lm1wNBUCAsgBEgAoABgAGwKIB3VzZV9vaWwBMRJwcm9ncmVzc2l2ZV9yZWNpcGUBMRUAACbY3faWuNnPPxUCKAJDMywXQCYzMzMzMzMYEmRhc2hfYmFzZWxpbmVfMV92MREAdf4HZeadAQA&_nc_gid=29cFxghdMXD-e9UtUDhIFQ&_nc_ss=7a3ba&_nc_zt=28&oh=00_AQJWOc_lq5imNWN6gc12dmG0LXU6mlmRtlMJJW39tkAM9A&oe=6AB2C4CC,1789069928
nadiabennt,359555,"Spanish 🛫 Miami
Vet Student | @univmiami 
23",DdFjNyHCtUB,You’re a funny old man,794,20,44611,https://scontent-arn2-1.cdninstagram.com/o1/v/t2/f2/m86/AQP29ZKbzhju7i2lX0HZiaUV2KhvFrU88EzBK5mh_XZQV6uVwPojDDb3kZU6PoaCIO85s6H1G_7zLWFbQDm7HjnOV4aCDUY_nMHv_KI.mp4?_nc_cat=105&_nc_sid=5e9851&_nc_ht=scontent-arn2-1.cdninstagram.com&_nc_ohc=gH6BZkIpxg4Q7kNvwE6zwZX&efg=eyJ2ZW5jb2RlX3RhZyI6Inhwdl9wcm9ncmVzc2l2ZS5JTlNUQUdSQU0uQ0xJUFMuQzMuNzIwLmRhc2hfYmFzZWxpbmVfMV92MSIsInhwdl9hc3NldF9pZCI6MTc5MDgwNTkwNjM1NTE0MDQsImFzc2V0X2FnZV9kYXlzIjoxMSwidmlfdXNlY2FzZV9pZCI6MTAwOTksImR1cmF0aW9uX3MiOjgsInVybGdlbl9zb3VyY2UiOiJ3d3cifQ%3D%3D&ccb=17-1&vs=6b8abf7cd2c0c0e&_nc_vs=HBksFQIYUmlnX3hwdl9yZWVsc19wZXJtYW5lbnRfc3JfcHJvZC82MjQ4OTI3MUREQkIxOEExNDIwMEMwQjc2RTExODVCNV92aWRlb19kYXNoaW5pdC5tcDQVAALIARIAFQIYUWlnX3hwdl9wbGFjZW1lbnRfcGVybWFuZW50X3YyL0Y2NEI1RTc2N0ZEQTdFREM1NDhDMjYyNzNENzJCOUI5X2F1ZGlvX2Rhc2hpbml0Lm1wNBUCAsgBEgAoABgAGwKIB3VzZV9vaWwBMRJwcm9ncmVzc2l2ZV9yZWNpcGUBMRUAACbYlsyxndLPPxUCKAJDMywXQCAzMzMzMzMYEmRhc2hfYmFzZWxpbmVfMV92MREAdf4HZeadAQA&_nc_gid=29cFxghdMXD-e9UtUDhIFQ&_nc_ss=7a3ba&_nc_zt=28&oh=00_AQKom1IvIbK_yhgFb4xrnIoe_yrKMIwDFNynQD-B-_zc1Q&oe=6AB2DDC2,1789000170
naomi_wonng,7333,"Naomi 💼 Office Asst | LDN ✈️ NYC I don’t make the laws, I just run the room. 😉 Quiet authority.",DdM8ZDEtlHp,A quick glance back before stepping into the room. Naomi never misses a detail. 🌿  #model #fashion #ootd #fashionmodel #modellife,18,0,363,https://scontent-cph2-1.cdninstagram.com/o1/v/t2/f2/m86/AQNKsW688dr1I2AAeygv6BjBRs7NsHVonCXlUzmpiLuRaCjkI-AGRmUunM-HkwPIHsYMsz-8A9v3UiX_1U1ltcW1S8qDTe7Aaok4mxs.mp4?_nc_cat=110&_nc_sid=5e9851&_nc_ht=scontent-cph2-1.cdninstagram.com&_nc_ohc=L8OTDnN5pzUQ7kNvwHRRIgV&efg=eyJ2ZW5jb2RlX3RhZyI6Inhwdl9wcm9ncmVzc2l2ZS5JTlNUQUdSQU0uQ0xJUFMuQzMuNzIwLmRhc2hfYmFzZWxpbmVfMV92MSIsInhwdl9hc3NldF9pZCI6MTA4MjMzNDEzMTA0NzYzMywiYXNzZXRfYWdlX2RheXMiOjgsInZpX3VzZWNhc2VfaWQiOjEwMDk5LCJkdXJhdGlvbl9zIjo1LCJ1cmxnZW5fc291cmNlIjoid3d3In0%3D&ccb=17-1&vs=15adbb63af54c48f&_nc_vs=HBksFQIYUmlnX3hwdl9yZWVsc19wZXJtYW5lbnRfc3JfcHJvZC9DNjQxQjMxMzdCMEM1Mjg2RUU2OEMzMkQzMDVFMkY4N192aWRlb19kYXNoaW5pdC5tcDQVAALIARIAFQIYUWlnX3hwdl9wbGFjZW1lbnRfcGVybWFuZW50X3YyL0FGNEMyQUQxRDFCMEVBQzY3RDk2ODkwQjg5NDZCNEE0X2F1ZGlvX2Rhc2hpbml0Lm1wNBUCAsgBEgAoABgAGwKIB3VzZV9vaWwBMRJwcm9ncmVzc2l2ZV9yZWNpcGUBMRUAACais8bWkZjsAxUCKAJDMywXQBYhysCDEm8YEmRhc2hfYmFzZWxpbmVfMV92MREAdf4HZeadAQA&_nc_gid=KkyMbpYgYFdslpEcFzC8Ww&_nc_ss=7a3ba&_nc_zt=28&oh=00_AQIDb1CaN5A2SyKBKr9uyGqyYO2oreNR2-VffI4YLG2XDQ&oe=6AB2E2EF,1789248252
naomi_wonng,7333,"Naomi 💼 Office Asst | LDN ✈️ NYC I don’t make the laws, I just run the room. 😉 Quiet authority.",DdUlqzqt3zn,"Taking charge of the boardroom today. 🖤 Naomi proving that you can be both the boss and the best dressed in the room.
#model #fashion #ootd #fashionmodel #modellife",8,0,210,https://scontent-cph2-1.cdninstagram.com/o1/v/t2/f2/m86/AQNfu-eig3FbI19IMSYBCq-6UMAF3cVNecZwhGffX9xvN0iOwsK3F6jp1cWvloMEe5XL8XwFAGu9so04gwqujLuuGv5ulM3SqCbsi_I.mp4?_nc_cat=104&_nc_sid=5e9851&_nc_ht=scontent-cph2-1.cdninstagram.com&_nc_ohc=Myz-uwIo514Q7kNvwE-nlm7&efg=eyJ2ZW5jb2RlX3RhZyI6Inhwdl9wcm9ncmVzc2l2ZS5JTlNUQUdSQU0uQ0xJUFMuQzMuNzIwLmRhc2hfYmFzZWxpbmVfMV92MSIsInhwdl9hc3NldF9pZCI6MTY0NTU5NzQxMDIzNDI2NSwiYXNzZXRfYWdlX2RheXMiOjUsInZpX3VzZWNhc2VfaWQiOjEwMDk5LCJkdXJhdGlvbl9zIjo4LCJ1cmxnZW5fc291cmNlIjoid3d3In0%3D&ccb=17-1&vs=3d93aafcbbe7c01d&_nc_vs=HBksFQIYUmlnX3hwdl9yZWVsc19wZXJtYW5lbnRfc3JfcHJvZC84RTQyRDk3QjFGNDNEQjRENzI5MDU5ODNCQ0EzN0JBMl92aWRlb19kYXNoaW5pdC5tcDQVAALIARIAFQIYUWlnX3hwdl9wbGFjZW1lbnRfcGVybWFuZW50X3YyL0NDNEFFMDZBM0ZFMzBEMjhFQTdFRENGREY5ODk2Q0ExX2F1ZGlvX2Rhc2hpbml0Lm1wNBUCAsgBEgAoABgAGwKIB3VzZV9vaWwBMRJwcm9ncmVzc2l2ZV9yZWNpcGUBMRUAACayvqSRsKrsBRUCKAJDMywXQCAAAAAAAAAYEmRhc2hfYmFzZWxpbmVfMV92MREAdf4HZeadAQA&_nc_gid=KkyMbpYgYFdslpEcFzC8Ww&_nc_ss=7a3ba&_nc_zt=28&oh=00_AQLOMfqgucf4Wd19sNOK57mZnKDax4rdhn5RrdjAK2-eRA&oe=6AB2C60D,1789504786
naomi_wonng,7333,"Naomi 💼 Office Asst | LDN ✈️ NYC I don’t make the laws, I just run the room. 😉 Quiet authority.",DdR9YaRNabi,"Stepping into the room with complete focus and a touch of flair. Naomi making every glass door entrance feel like a runway moment. 🖤
#model #fashion #ootd #fashionmodel #modellife",188,4,1552,https://scontent-cph2-1.cdninstagram.com/o1/v/t2/f2/m86/AQNvxWW4ut2N3vT4bfjFpxTBIAsuYdDP-KEU4d66MHaa5vV6PYiw7I6kX8ecJXC6T7_NkdrW6MDdjNEBgIewNDPREBJNk4-_7XdxHok.mp4?_nc_cat=108&_nc_sid=5e9851&_nc_ht=scontent-cph2-1.cdninstagram.com&_nc_ohc=fEo1Td5C7YwQ7kNvwF11j74&efg=eyJ2ZW5jb2RlX3RhZyI6Inhwdl9wcm9ncmVzc2l2ZS5JTlNUQUdSQU0uQ0xJUFMuQzMuNzIwLmRhc2hfYmFzZWxpbmVfMV92MSIsInhwdl9hc3NldF9pZCI6MTM4NTkzOTYzMzY5ODk3MiwiYXNzZXRfYWdlX2RheXMiOjYsInZpX3VzZWNhc2VfaWQiOjEwMDk5LCJkdXJhdGlvbl9zIjo1LCJ1cmxnZW5fc291cmNlIjoid3d3In0%3D&ccb=17-1&vs=dcee04ee6d0c2f47&_nc_vs=HBksFQIYUmlnX3hwdl9yZWVsc19wZXJtYW5lbnRfc3JfcHJvZC80QzRDRkZCQjUyQTA4NjQ2QTYxOEI1MjRFQTNEREU5OV92aWRlb19kYXNoaW5pdC5tcDQVAALIARIAFQIYUWlnX3hwdl9wbGFjZW1lbnRfcGVybWFuZW50X3YyLzY1NDc4NjMyMUMwODQ2NThGRkEzOTBDRkYyM0QyMDk3X2F1ZGlvX2Rhc2hpbml0Lm1wNBUCAsgBEgAoABgAGwKIB3VzZV9vaWwBMRJwcm9ncmVzc2l2ZV9yZWNpcGUBMRUAACa44t_4pqD2BBUCKAJDMywXQBUzMzMzMzMYEmRhc2hfYmFzZWxpbmVfMV92MREAdf4HZeadAQA&_nc_gid=KkyMbpYgYFdslpEcFzC8Ww&_nc_ss=7a3ba&_nc_zt=28&oh=00_AQIiVDRLphE3SpxXRbuBGDoQjEMpsG60RsJoTBWShuPK9A&oe=6AB2D465,1789416547
naomi_wonng,7333,"Naomi 💼 Office Asst | LDN ✈️ NYC I don’t make the laws, I just run the room. 😉 Quiet authority.",DdP2Z8WocjO,Grace in every step. Naomi gliding through the glass hallway with complete focus and style. 💼  #model #fashion #ootd #fashionmodel #modellife,41,1,491,https://scontent-cph2-1.cdninstagram.com/o1/v/t2/f2/m86/AQO1cNNdFxZ0xy095vDQGXQQtZzFb6v3qgj3crnCyqXC809I-4sTOP497MR7BSvncoZZ2I1KXK2PsCqWadtCfl9LlgQdEgEXnhwjscA.mp4?_nc_cat=100&_nc_sid=5e9851&_nc_ht=scontent-cph2-1.cdninstagram.com&_nc_ohc=eDaMAUaZgKkQ7kNvwGKi781&efg=eyJ2ZW5jb2RlX3RhZyI6Inhwdl9wcm9ncmVzc2l2ZS5JTlNUQUdSQU0uQ0xJUFMuQzMuNzIwLmRhc2hfYmFzZWxpbmVfMV92MSIsInhwdl9hc3NldF9pZCI6MzgyNzA1ODM4MjI1ODU5NTksImFzc2V0X2FnZV9kYXlzIjo3LCJ2aV91c2VjYXNlX2lkIjoxMDA5OSwiZHVyYXRpb25fcyI6MTAsInVybGdlbl9zb3VyY2UiOiJ3d3cifQ%3D%3D&ccb=17-1&vs=337ea84023aed8b9&_nc_vs=HBksFQIYUmlnX3hwdl9yZWVsc19wZXJtYW5lbnRfc3JfcHJvZC9FRDRDRDdBMURDM0MwQzAzM0JGQUUyMTBERUZENEI4OF92aWRlb19kYXNoaW5pdC5tcDQVAALIARIAFQIYUWlnX3hwdl9wbGFjZW1lbnRfcGVybWFuZW50X3YyLzdCNEY4QTBCRUQzMjZCOTVCOEE0QzVBRjFFNTRBRDlDX2F1ZGlvX2Rhc2hpbml0Lm1wNBUCAsgBEgAoABgAGwKIB3VzZV9vaWwBMRJwcm9ncmVzc2l2ZV9yZWNpcGUBMRUAACbOwbyhlbn7hwEVAigCQzMsF0AliDEm6XjVGBJkYXNoX2Jhc2VsaW5lXzFfdjERAHX-B2XmnQEA&_nc_gid=KkyMbpYgYFdslpEcFzC8Ww&_nc_ss=7a3ba&_nc_zt=28&oh=00_AQJ82Oz6hlL6fgZlnsRU48wNA4aQBAHKV8Jk_xZzpnbnjA&oe=6AB2E13D,1789345815
naomi_wonng,7333,"Naomi 💼 Office Asst | LDN ✈️ NYC I don’t make the laws, I just run the room. 😉 Quiet authority.",DdPBDOvo5ka,Soft pink hues to brighten up the office floor. Naomi bringing effortless grace into the room. 🌸  #model #fashion #ootd #fashionmodel #modellife,11,1,339,https://scontent-arn2-1.cdninstagram.com/o1/v/t2/f2/m86/AQM8HCUFLF14npkuwU2nqSsKUpXFqwBeNkKDhCd7tJy0YNxkirPDL8Jq20RFc-Fcl1X0-HVm-ArXt1fhH1_w9g-QYBtumbmLOw4DBbA.mp4?_nc_cat=109&_nc_sid=5e9851&_nc_ht=scontent-arn2-1.cdninstagram.com&_nc_ohc=VZOoafKR2d0Q7kNvwGX1YfM&efg=eyJ2ZW5jb2RlX3RhZyI6Inhwdl9wcm9ncmVzc2l2ZS5JTlNUQUdSQU0uQ0xJUFMuQzMuNzIwLmRhc2hfYmFzZWxpbmVfMV92MSIsInhwdl9hc3NldF9pZCI6MTA4ODg5NDIzMDE2MjUwMywiYXNzZXRfYWdlX2RheXMiOjcsInZpX3VzZWNhc2VfaWQiOjEwMDk5LCJkdXJhdGlvbl9zIjo1LCJ1cmxnZW5fc291cmNlIjoid3d3In0%3D&ccb=17-1&vs=a71a2f22dc42d6aa&_nc_vs=HBksFQIYUmlnX3hwdl9yZWVsc19wZXJtYW5lbnRfc3JfcHJvZC83NjREMUQ4NkYzMDM2MUIxQ0I4M0JBMjFBMDlBQzZBOF92aWRlb19kYXNoaW5pdC5tcDQVAALIARIAFQIYUWlnX3hwdl9wbGFjZW1lbnRfcGVybWFuZW50X3YyL0QzNDk3OUQ5OTY0NjZENDA1N0EwNTFCMjVEQjgxOUI5X2F1ZGlvX2Rhc2hpbml0Lm1wNBUCAsgBEgAoABgAGwKIB3VzZV9vaWwBMRJwcm9ncmVzc2l2ZV9yZWNpcGUBMRUAACaOscuc_pXvAxUCKAJDMywXQBYhysCDEm8YEmRhc2hfYmFzZWxpbmVfMV92MREAdf4HZeadAQA&_nc_gid=CcjUYWV3RCQWJYCWiTA4ew&_nc_ss=7a3ba&_nc_zt=28&oh=00_AQLQaR9zOssZhBs8thhnjtnQzOP_lFLCUWkAj_6SGktpkw&oe=6AB2C782,1789317875
naomi_wonng,7333,"Naomi 💼 Office Asst | LDN ✈️ NYC I don’t make the laws, I just run the room. 😉 Quiet authority.",DdM7An1tUup,Wrapping up work calls in style. Naomi making corporate casual look like a complete runway moment. 📞  #model #fashion #ootd #fashionmodel #modellife,19,1,588,https://scontent-arn2-1.cdninstagram.com/o1/v/t2/f2/m86/AQPCB_nVLgxfG8CsK0n0332GTk3JKoSKPiHOVmvqd3BM2Z1dFi6tb4_06VND8RB5Ad9fix1Sm5RKxIGJbXyDnL_W8Vgp-uj3OYipJ0M.mp4?_nc_cat=102&_nc_sid=5e9851&_nc_ht=scontent-arn2-1.cdninstagram.com&_nc_ohc=sHUmfcjbws0Q7kNvwE81hrV&efg=eyJ2ZW5jb2RlX3RhZyI6Inhwdl9wcm9ncmVzc2l2ZS5JTlNUQUdSQU0uQ0xJUFMuQzMuNzIwLmRhc2hfYmFzZWxpbmVfMV92MSIsInhwdl9hc3NldF9pZCI6MjY0ODgxMzQwMjIzODcxNiwiYXNzZXRfYWdlX2RheXMiOjgsInZpX3VzZWNhc2VfaWQiOjEwMDk5LCJkdXJhdGlvbl9zIjo3LCJ1cmxnZW5fc291cmNlIjoid3d3In0%3D&ccb=17-1&vs=544b3632321bc65a&_nc_vs=HBksFQIYUmlnX3hwdl9yZWVsc19wZXJtYW5lbnRfc3JfcHJvZC9BMjRCMzhFRkI3NkY0QkI2QzBGOTIzQjdDNUYyOEFCM192aWRlb19kYXNoaW5pdC5tcDQVAALIARIAFQIYUWlnX3hwdl9wbGFjZW1lbnRfcGVybWFuZW50X3YyLzY4NDhEMUQ5Rjg4RTY1NDg4RTZFNDc3ODhCN0U1MkI3X2F1ZGlvX2Rhc2hpbml0Lm1wNBUCAsgBEgAoABgAGwKIB3VzZV9vaWwBMRJwcm9ncmVzc2l2ZV9yZWNpcGUBMRUAACb4u9XencW0CRUCKAJDMywXQBxmZmZmZmYYEmRhc2hfYmFzZWxpbmVfMV92MREAdf4HZeadAQA&_nc_gid=CcjUYWV3RCQWJYCWiTA4ew&_nc_ss=7a3ba&_nc_zt=28&oh=00_AQK0CLb_0Ed2JErnuHWmdbf17WtaaElMdM-31y5WkvPxKw&oe=6AB2D663,1789247545
naomi_wonng,7333,"Naomi 💼 Office Asst | LDN ✈️ NYC I don’t make the laws, I just run the room. 😉 Quiet authority.",DdKdgwltvaJ,Stepping out into the city air. Naomi taking effortless corporate chic straight to the sidewalk. 🤎 #streetstyle #ootd #fashionmodel #model #trending,30,3,528,https://scontent-arn2-1.cdninstagram.com/o1/v/t2/f2/m86/AQO3WDA_mJk1tR93E4nI70PdaZXmwlMeF3l-cZf7dBtZi0ldoVM_d2SKLh3UIwmgOB2ESGdRev3L6XaUvSD2T-K-98t9q_YF-95ydho.mp4?_nc_cat=106&_nc_sid=5e9851&_nc_ht=scontent-arn2-1.cdninstagram.com&_nc_ohc=g8xbO6ozPNIQ7kNvwH9SLAR&efg=eyJ2ZW5jb2RlX3RhZyI6Inhwdl9wcm9ncmVzc2l2ZS5JTlNUQUdSQU0uQ0xJUFMuQzMuNzIwLmRhc2hfYmFzZWxpbmVfMV92MSIsInhwdl9hc3NldF9pZCI6MTEyNjE3ODczMzQxMzY5MywiYXNzZXRfYWdlX2RheXMiOjksInZpX3VzZWNhc2VfaWQiOjEwMDk5LCJkdXJhdGlvbl9zIjo2LCJ1cmxnZW5fc291cmNlIjoid3d3In0%3D&ccb=17-1&vs=99a056dcc7cdb46&_nc_vs=HBksFQIYUmlnX3hwdl9yZWVsc19wZXJtYW5lbnRfc3JfcHJvZC80RDRDMkUxQTNFQ0RFQ0YwNDYyQTM2MDM5MEFBNjE4Q192aWRlb19kYXNoaW5pdC5tcDQVAALIARIAFQIYUWlnX3hwdl9wbGFjZW1lbnRfcGVybWFuZW50X3YyLzZDNEQ5OEJGMjdCMDhGQ0Q4RkM4NTI3RkI1MDE0REEwX2F1ZGlvX2Rhc2hpbml0Lm1wNBUCAsgBEgAoABgAGwKIB3VzZV9vaWwBMRJwcm9ncmVzc2l2ZV9yZWNpcGUBMRUAACb61N61nZCABBUCKAJDMywXQBqp--dsi0QYEmRhc2hfYmFzZWxpbmVfMV92MREAdf4HZeadAQA&_nc_gid=CcjUYWV3RCQWJYCWiTA4ew&_nc_ss=7a3ba&_nc_zt=28&oh=00_AQJW07yRf6hKtHQIU91FujM0Bx_dQ61qYEM7f9K5JVH-6g&oe=6AB2B19B,1789165032
naomi_wonng,7333,"Naomi 💼 Office Asst | LDN ✈️ NYC I don’t make the laws, I just run the room. 😉 Quiet authority.",DdJb1tGNonz,Is it lunch time yet? Asking for a friend... 🍽️ Naomi taking a well-deserved break from the desk. #officestyle #ootd #fashionmodel #lunchbreak #instafashion,18,0,356,https://scontent-arn2-1.cdninstagram.com/o1/v/t2/f2/m86/AQNAXUfgbNBol4coCCfh72Ly7ftOxO2owARJ_hJk96dEgnFLhqmv_ETf3MtEWa9WemsJIi9SnjO46x43EKyAJRpy-4_GabiQkA8LEAw.mp4?_nc_cat=106&_nc_sid=5e9851&_nc_ht=scontent-arn2-1.cdninstagram.com&_nc_ohc=CxuXt3ou098Q7kNvwEKoMU9&efg=eyJ2ZW5jb2RlX3RhZyI6Inhwdl9wcm9ncmVzc2l2ZS5JTlNUQUdSQU0uQ0xJUFMuQzMuNzIwLmRhc2hfYmFzZWxpbmVfMV92MSIsInhwdl9hc3NldF9pZCI6MTYxOTI0OTM3Mjg3NDg0MCwiYXNzZXRfYWdlX2RheXMiOjksInZpX3VzZWNhc2VfaWQiOjEwMDk5LCJkdXJhdGlvbl9zIjo1LCJ1cmxnZW5fc291cmNlIjoid3d3In0%3D&ccb=17-1&vs=428d7beec33c74e7&_nc_vs=HBksFQIYUmlnX3hwdl9yZWVsc19wZXJtYW5lbnRfc3JfcHJvZC8wMTQ1NDI3NTI4NTA0OEMxOEE2MTgyNDg1MTREODQ5MF92aWRlb19kYXNoaW5pdC5tcDQVAALIARIAFQIYUWlnX3hwdl9wbGFjZW1lbnRfcGVybWFuZW50X3YyLzU2NDUyN0IwOUZGN0FDNDU5MUVGRUNFMzIxNjU3NUE0X2F1ZGlvX2Rhc2hpbml0Lm1wNBUCAsgBEgAoABgAGwKIB3VzZV9vaWwBMRJwcm9ncmVzc2l2ZV9yZWNpcGUBMRUAACawoeL626zgBRUCKAJDMywXQBYhysCDEm8YEmRhc2hfYmFzZWxpbmVfMV92MREAdf4HZeadAQA&_nc_gid=CcjUYWV3RCQWJYCWiTA4ew&_nc_ss=7a3ba&_nc_zt=28&oh=00_AQKUaCgrCP1RCxtuLYBE2cAwYWphF6EwyLgo2P0Tzw1jIg&oe=6AB2E5E3,1789130534
naomi_wonng,7333,"Naomi 💼 Office Asst | LDN ✈️ NYC I don’t make the laws, I just run the room. 😉 Quiet authority.",DdHxHI3NLe0,Important calls require powerful moves. Naomi commanding the office corridor in vibrant red. ❤️ #model #fashion #ootd #fashionmodel #modellife,14,1,392,https://scontent-arn2-1.cdninstagram.com/o1/v/t2/f2/m86/AQPwMEJdkTW_Lamq5_xm4Xm3HGN6CVvQh22sQMlRsM3oZVFSgk_ZANeAf1Og5cVvVRnh7mZEllPOBAz3abrumtiUQd0-6Vo8QSue7A8.mp4?_nc_cat=100&_nc_sid=5e9851&_nc_ht=scontent-arn2-1.cdninstagram.com&_nc_ohc=d1OphFV2DdQQ7kNvwF7Hw2X&efg=eyJ2ZW5jb2RlX3RhZyI6Inhwdl9wcm9ncmVzc2l2ZS5JTlNUQUdSQU0uQ0xJUFMuQzMuNzIwLmRhc2hfYmFzZWxpbmVfMV92MSIsInhwdl9hc3NldF9pZCI6NDAyNDEyODA3MTIxNjYwOCwiYXNzZXRfYWdlX2RheXMiOjEwLCJ2aV91c2VjYXNlX2lkIjoxMDA5OSwiZHVyYXRpb25fcyI6NiwidXJsZ2VuX3NvdXJjZSI6Ind3dyJ9&ccb=17-1&vs=53cea7b91f446ab4&_nc_vs=HBksFQIYUmlnX3hwdl9yZWVsc19wZXJtYW5lbnRfc3JfcHJvZC9GQzREMTlGOTZEQ0E3OEYyQkQyNDMxRUM2QUUyRjY5M192aWRlb19kYXNoaW5pdC5tcDQVAALIARIAFQIYUWlnX3hwdl9wbGFjZW1lbnRfcGVybWFuZW50X3YyLzY5NDc0Q0NDRkNEQ0VCNDExMDkzNUVFQzcxQzcxMzk2X2F1ZGlvX2Rhc2hpbml0Lm1wNBUCAsgBEgAoABgAGwKIB3VzZV9vaWwBMRJwcm9ncmVzc2l2ZV9yZWNpcGUBMRUAACbAt7nDivulDhUCKAJDMywXQBhDlYEGJN0YEmRhc2hfYmFzZWxpbmVfMV92MREAdf4HZeadAQA&_nc_gid=CcjUYWV3RCQWJYCWiTA4ew&_nc_ss=7a3ba&_nc_zt=28&oh=00_AQKpX4NRQuU3n0s83a3lLij8AoDkQ24B3ooX1vDFgiucSQ&oe=6AB2C7B5,1789074579
zara_amaya_,106070,"Alma 🇨🇴 Latina 🌴
Buenas Vibras 
""Desde Medellín, con amor ❣️”",DdY7k0kR41z,"Apenas volví y ya me quiero regresar 🥺🏖️
#lifestyle #tbt #colombia🇨🇴 #guajira #travel",614,59,4057,https://scontent-arn2-1.cdninstagram.com/o1/v/t16/f2/m84/AQOonc-ZVnqTCGouxRnFFwrgRDeQcqK8KXk4UiFQzWo9LOFnLhrn3b6yUSFCLaUZf_gOed9Ak4Bg3mveOIiLcndjMRHWtoGyz14ZYgk.mp4?_nc_cat=107&_nc_sid=5e9851&_nc_ht=scontent-arn2-1.cdninstagram.com&_nc_ohc=Kuc4i_S_dtgQ7kNvwHgxPgO&efg=eyJ2ZW5jb2RlX3RhZyI6Inhwdl9wcm9ncmVzc2l2ZS5JTlNUQUdSQU0uQ0xJUFMuQzMuNzIwLmRhc2hfYmFzZWxpbmVfMV92MSIsInhwdl9hc3NldF9pZCI6MTY3OTUzMjIyMDI1ODgxOSwiYXNzZXRfYWdlX2RheXMiOjMsInZpX3VzZWNhc2VfaWQiOjEwODI3LCJkdXJhdGlvbl9zIjoxNSwidXJsZ2VuX3NvdXJjZSI6Ind3dyJ9&ccb=17-1&vs=e306ef5504dd5c89&_nc_vs=HBksFQIYTGlnX2JhY2tmaWxsX3RpbWVsaW5lX3ZvZC83NDQ0QzU0NDc1RUEyQTk3MUI4OURBMUJERkFFRjhBNl92aWRlb19kYXNoaW5pdC5tcDQVAALIARIAFQIYUWlnX3hwdl9wbGFjZW1lbnRfcGVybWFuZW50X3YyL0RGNENERjYyQjBEQjE3NzM1REU4MzEyQ0RDQjM4MDk1X2F1ZGlvX2Rhc2hpbml0Lm1wNBUCAsgBEgAoABgAGwKIB3VzZV9vaWwBMRJwcm9ncmVzc2l2ZV9yZWNpcGUBMRUAACaG6ISW0uH7BRUCKAJDMywXQC4U_fO2RaIYEmRhc2hfYmFzZWxpbmVfMV92MREAdf4HZZapAQA&_nc_gid=xOnpaxoOmcACjyl7Qt9sKQ&_nc_ss=7a3ba&_nc_zt=28&oh=00_AQKjdeCNiDsWgZRtKI1nnNRghMGcAGcZmrNIwQAR9llBTg&oe=6AB2DEE5,1789650601
zara_amaya_,106070,"Alma 🇨🇴 Latina 🌴
Buenas Vibras 
""Desde Medellín, con amor ❣️”",DcvnJylxo_o,"⚽️❤️ MEDELLÍN TIENE HISTORIA

Hay personas que no solo hacen parte del fútbol, sino también de la memoria de una ciudad.

En este nuevo capítulo recordamos a Andrés Escobar, una figura que dejó una huella imborrable en el fútbol de Medellín y Colombia.

🎥 Dale play y acompáñanos a recordar su historia.

💬 ¿Qué recuerdo tienes de Andrés Escobar? Te leemos.

#MedellinTieneHistoria #AndresEscobar #Medellin #HistoriaDeMedellin #FutbolColombiano",250,18,6723,https://scontent-arn2-1.cdninstagram.com/o1/v/t2/f2/m86/AQNsRcN0jhq2sNCG2EwM0X4gFG633p1-u2RhdSzkQPJA0S1HhWFzgUyvsw-J_K-hBqbom2uK9CIJkpXtO7vQkcXdwKLT4wlir2wVtVw.mp4?_nc_cat=111&_nc_sid=5e9851&_nc_ht=scontent-arn2-1.cdninstagram.com&_nc_ohc=0_Y9OV_YwZwQ7kNvwEUpmB4&efg=eyJ2ZW5jb2RlX3RhZyI6Inhwdl9wcm9ncmVzc2l2ZS5JTlNUQUdSQU0uQ0xJUFMuQzMuNzIwLmRhc2hfYmFzZWxpbmVfMV92MSIsInhwdl9hc3NldF9pZCI6MjgxMTA3NzM4MTUyMDk2NzAsImFzc2V0X2FnZV9kYXlzIjoyNywidmlfdXNlY2FzZV9pZCI6MTAwOTksImR1cmF0aW9uX3MiOjE0NywidXJsZ2VuX3NvdXJjZSI6Ind3dyJ9&ccb=17-1&vs=baca2048c37dab7d&_nc_vs=HBksFQIYUmlnX3hwdl9yZWVsc19wZXJtYW5lbnRfc3JfcHJvZC8zODQ0OTE4MTZEQjQ4MzNFQzc3OUE3NEIwMTFFM0JBNV92aWRlb19kYXNoaW5pdC5tcDQVAALIARIAFQIYUWlnX3hwdl9wbGFjZW1lbnRfcGVybWFuZW50X3YyLzUwNDRGODcxMDhGQjQzNzVEMDJGOEIzOTEzMzkzMkJFX2F1ZGlvX2Rhc2hpbml0Lm1wNBUCAsgBEgAoABgAGwKIB3VzZV9vaWwBMRJwcm9ncmVzc2l2ZV9yZWNpcGUBMRUAACaMu-_5sabvYxUCKAJDMywXQGJu6XjU_fQYEmRhc2hfYmFzZWxpbmVfMV92MREAdf4HZeadAQA&_nc_gid=xOnpaxoOmcACjyl7Qt9sKQ&_nc_ss=7a3ba&_nc_zt=28&oh=00_AQITYoSqhlPzXpHTGzbwNlqpPKkVOCWETbaqFZUc0QuJMg&oe=6AB2BA68,1788264008
zara_amaya_,106070,"Alma 🇨🇴 Latina 🌴
Buenas Vibras 
""Desde Medellín, con amor ❣️”",DdW0n-ZJcyx,"Al fin mi día de descanso 😎😄✌️🏖️
#lifestyle #fyp #cabodelavela #travel#colombia",630,74,6333,https://scontent-arn2-1.cdninstagram.com/o1/v/t16/f2/m84/AQP1RyABct7FFtxjuVlT5DXKF8Ain0bFwNAm_20F3mB9wd7k8IHtnncu2rKPR421QPBnCq8zTjqBgMVh13RmnKw5FGo0XAC-yhM5iWY.mp4?_nc_cat=110&_nc_sid=5e9851&_nc_ht=scontent-arn2-1.cdninstagram.com&_nc_ohc=p_hDilHQRaoQ7kNvwH9kcmU&efg=eyJ2ZW5jb2RlX3RhZyI6Inhwdl9wcm9ncmVzc2l2ZS5JTlNUQUdSQU0uQ0xJUFMuQzMuNzIwLmRhc2hfYmFzZWxpbmVfMV92MSIsInhwdl9hc3NldF9pZCI6MTcwOTk0ODUwMDA3MTU1NCwiYXNzZXRfYWdlX2RheXMiOjQsInZpX3VzZWNhc2VfaWQiOjEwODI3LCJkdXJhdGlvbl9zIjo3LCJ1cmxnZW5fc291cmNlIjoid3d3In0%3D&ccb=17-1&vs=907a35028d3ca76d&_nc_vs=HBksFQIYTGlnX2JhY2tmaWxsX3RpbWVsaW5lX3ZvZC9DQjQ3NDdENUZGODRBMzdGOEQ1MTk1Rjc5RDBFQjRBRF92aWRlb19kYXNoaW5pdC5tcDQVAALIARIAFQIYUWlnX3hwdl9wbGFjZW1lbnRfcGVybWFuZW50X3YyLzJENDY1NDdCNEE5REMzMEU0N0E5RjhDQjVGQjlBQTk2X2F1ZGlvX2Rhc2hpbml0Lm1wNBUCAsgBEgAoABgAGwKIB3VzZV9vaWwBMRJwcm9ncmVzc2l2ZV9yZWNpcGUBMRUAACaE0vKOjcyJBhUCKAJDMywXQB4p--dsi0QYEmRhc2hfYmFzZWxpbmVfMV92MREAdf4HZZapAQA&_nc_gid=xOnpaxoOmcACjyl7Qt9sKQ&_nc_ss=7a3ba&_nc_zt=28&oh=00_AQLDD1f1zblDs-OGB-TzR2bm5cvfB8D30d5Ilpa5KfOacQ&oe=6AB2D806,1789579780
zara_amaya_,106070,"Alma 🇨🇴 Latina 🌴
Buenas Vibras 
""Desde Medellín, con amor ❣️”",DdTrThNxgo8,"El desayuno está listo mi amor 🥰 
#lifestyle #fyp #medellin #viral",5364,274,47022,https://scontent-arn2-1.cdninstagram.com/o1/v/t16/f2/m84/AQPfG1iCpduY4ZtvwjBRkCQ1LyAobFfHC1ka5iYg64KhNTl4dIhdZbSJ0v68LPpr11ejEAcxeiW8K4GE65hQGl220ta6_gBhgpxeX0A.mp4?_nc_cat=101&_nc_sid=5e9851&_nc_ht=scontent-arn2-1.cdninstagram.com&_nc_ohc=UGuSdVPAFdYQ7kNvwG0zqEM&efg=eyJ2ZW5jb2RlX3RhZyI6Inhwdl9wcm9ncmVzc2l2ZS5JTlNUQUdSQU0uQ0xJUFMuQzMuNzIwLmRhc2hfYmFzZWxpbmVfMV92MSIsInhwdl9hc3NldF9pZCI6NDQyMDA1Njc1MTU5MTM1MCwiYXNzZXRfYWdlX2RheXMiOjUsInZpX3VzZWNhc2VfaWQiOjEwODI3LCJkdXJhdGlvbl9zIjoyMSwidXJsZ2VuX3NvdXJjZSI6Ind3dyJ9&ccb=17-1&vs=e32de7b762142c82&_nc_vs=HBksFQIYTGlnX2JhY2tmaWxsX3RpbWVsaW5lX3ZvZC8zOTRENzQ0M0FFN0VCQTNGRTY5RDhDNkQwQkUzQTJCNl92aWRlb19kYXNoaW5pdC5tcDQVAALIARIAFQIYUWlnX3hwdl9wbGFjZW1lbnRfcGVybWFuZW50X3YyL0MxNEUzN0E0RTcxMjIzQzFERTIzODM5NzExQjk1MUI3X2F1ZGlvX2Rhc2hpbml0Lm1wNBUCAsgBEgAoABgAGwKIB3VzZV9vaWwBMRJwcm9ncmVzc2l2ZV9yZWNpcGUBMRUAACbsvoaJlYHaDxUCKAJDMywXQDXMzMzMzM0YEmRhc2hfYmFzZWxpbmVfMV92MREAdf4HZZapAQA&_nc_gid=xOnpaxoOmcACjyl7Qt9sKQ&_nc_ss=7a3ba&_nc_zt=28&oh=00_AQLwI-Iaj9wN4BtU9FQWZySHkyOSymlhraJZCH5jIfog3g&oe=6AB2C773,1789474253
zara_amaya_,106070,"Alma 🇨🇴 Latina 🌴
Buenas Vibras 
""Desde Medellín, con amor ❣️”",DdOrlTsRPPf,"Que chimba medalló 🤩❤️
#lifestyle #weekend #medellin #viral",972,81,6894,https://scontent-arn2-1.cdninstagram.com/o1/v/t16/f2/m84/AQPADgo6FT-uWavdxg7uUFrWrq9ASxz4q0TuubP-3DkdxZcTsMU5QvIpM9t1raVv4mTUd5jgGc3Hv51JKqa5uOO1_Lr7YkIHv2KMwOo.mp4?_nc_cat=102&_nc_sid=5e9851&_nc_ht=scontent-arn2-1.cdninstagram.com&_nc_ohc=gULkZcaX1q4Q7kNvwGeDo3b&efg=eyJ2ZW5jb2RlX3RhZyI6Inhwdl9wcm9ncmVzc2l2ZS5JTlNUQUdSQU0uQ0xJUFMuQzMuNzIwLmRhc2hfYmFzZWxpbmVfMV92MSIsInhwdl9hc3NldF9pZCI6MjU5MjUzMjY4NzkxNjQzMywiYXNzZXRfYWdlX2RheXMiOjcsInZpX3VzZWNhc2VfaWQiOjEwODI3LCJkdXJhdGlvbl9zIjoxNCwidXJsZ2VuX3NvdXJjZSI6Ind3dyJ9&ccb=17-1&vs=b5e64769b0e937e8&_nc_vs=HBksFQIYTGlnX2JhY2tmaWxsX3RpbWVsaW5lX3ZvZC9GNTRBREUyNzQ1MjNCOTdEREVGRUE5QTcyQUE1NkZCMV92aWRlb19kYXNoaW5pdC5tcDQVAALIARIAFQIYUWlnX3hwdl9wbGFjZW1lbnRfcGVybWFuZW50X3YyL0UxNDBDQkJEMUUwMEE3NTQxMTM2MEU0M0M5Q0QwQ0I0X2F1ZGlvX2Rhc2hpbml0Lm1wNBUCAsgBEgAoABgAGwKIB3VzZV9vaWwBMRJwcm9ncmVzc2l2ZV9yZWNpcGUBMRUAACaitvTeofmaCRUCKAJDMywXQCxU_fO2RaIYEmRhc2hfYmFzZWxpbmVfMV92MREAdf4HZZapAQA&_nc_gid=xOnpaxoOmcACjyl7Qt9sKQ&_nc_ss=7a3ba&_nc_zt=28&oh=00_AQIw0giIU0HuMeX-siZKLKBrdQq9-4sgbT7nkECoIi3Xqw&oe=6AB2BDF6,1789306610
zara_amaya_,106070,"Alma 🇨🇴 Latina 🌴
Buenas Vibras 
""Desde Medellín, con amor ❣️”",DdEPCS9xsSY,"Ya se me está notando los resultados del gym 🤩🍑💪🏼
#lifestyle #fyp #viral #gymlife",2665,233,21299,https://scontent-arn2-1.cdninstagram.com/o1/v/t16/f2/m84/AQP56CN2IuIkIJNjnrEkb2fOHQLr0L4_WEVheNg4v6qjNdwUE7LCAYeJfHKurcUZePunN5a0Yt8V0I0oigIYrrX5n2bIhmjx3v3a7tA.mp4?_nc_cat=101&_nc_sid=5e9851&_nc_ht=scontent-arn2-1.cdninstagram.com&_nc_ohc=_FlSHQsc1OMQ7kNvwHBrYMm&efg=eyJ2ZW5jb2RlX3RhZyI6Inhwdl9wcm9ncmVzc2l2ZS5JTlNUQUdSQU0uQ0xJUFMuQzMuNzIwLmRhc2hfYmFzZWxpbmVfMV92MSIsInhwdl9hc3NldF9pZCI6MTYzMDc4Nzk2NTA4NTE0NiwiYXNzZXRfYWdlX2RheXMiOjExLCJ2aV91c2VjYXNlX2lkIjoxMDgyNywiZHVyYXRpb25fcyI6MTEsInVybGdlbl9zb3VyY2UiOiJ3d3cifQ%3D%3D&ccb=17-1&vs=50687175e070541e&_nc_vs=HBksFQIYTGlnX2JhY2tmaWxsX3RpbWVsaW5lX3ZvZC8wMTQxQ0M3RDU1MTMwMTlFQzJCNUYzRjc2MzBFQkRBMl92aWRlb19kYXNoaW5pdC5tcDQVAALIARIAFQIYUWlnX3hwdl9wbGFjZW1lbnRfcGVybWFuZW50X3YyL0UyNEQxMUFFM0I5QzE5RkE5RjM2RjZBNTU3MDI5QzlDX2F1ZGlvX2Rhc2hpbml0Lm1wNBUCAsgBEgAoABgAGwKIB3VzZV9vaWwBMRJwcm9ncmVzc2l2ZV9yZWNpcGUBMRUAACa0l-eVrczlBRUCKAJDMywXQCe7ZFocrAgYEmRhc2hfYmFzZWxpbmVfMV92MREAdf4HZZapAQA&_nc_gid=xOnpaxoOmcACjyl7Qt9sKQ&_nc_ss=7a3ba&_nc_zt=28&oh=00_AQI1FlsnQ6R53uJf6OKHcl8bX4JxqLnx3_VtKe3TYjbjrg&oe=6AB2C31B,1788956197
zara_amaya_,106070,"Alma 🇨🇴 Latina 🌴
Buenas Vibras 
""Desde Medellín, con amor ❣️”",Dc2jYWVtmjr,"Un duchazo antes de dormir 💦🦦🌙
#lifestyle #fyp #viral #foryou",4813,266,46720,https://scontent-arn2-1.cdninstagram.com/o1/v/t16/f2/m84/AQOCcXRIU6b7FkIr8OnxdsHkrIVruYvzltx521Xe7xKWHS75u1OTiJaCKdblM-fa51bSy7ObfTgwaLx3Vp3L-ixwNZcg1i5Tr9KeMIw.mp4?_nc_cat=111&_nc_sid=5e9851&_nc_ht=scontent-arn2-1.cdninstagram.com&_nc_ohc=rJTgVi629G4Q7kNvwFoURHz&efg=eyJ2ZW5jb2RlX3RhZyI6Inhwdl9wcm9ncmVzc2l2ZS5JTlNUQUdSQU0uQ0xJUFMuQzMuNzIwLmRhc2hfYmFzZWxpbmVfMV92MSIsInhwdl9hc3NldF9pZCI6MTM3NDg4ODQ2NDgwMzU3NiwiYXNzZXRfYWdlX2RheXMiOjE3LCJ2aV91c2VjYXNlX2lkIjoxMDgyNywiZHVyYXRpb25fcyI6MTAsInVybGdlbl9zb3VyY2UiOiJ3d3cifQ%3D%3D&ccb=17-1&vs=f550cf585ab85382&_nc_vs=HBksFQIYTGlnX2JhY2tmaWxsX3RpbWVsaW5lX3ZvZC9BMTRGMUU4QUM0MDJCNjlCMzVDMTc5MzQ0NzBCRTVCOV92aWRlb19kYXNoaW5pdC5tcDQVAALIARIAFQIYUWlnX3hwdl9wbGFjZW1lbnRfcGVybWFuZW50X3YyLzY5NDY0MTI1QzdDRDA3Mzc5MTVBOEU5MEIzQjlBRTgxX2F1ZGlvX2Rhc2hpbml0Lm1wNBUCAsgBEgAoABgAGwKIB3VzZV9vaWwBMRJwcm9ncmVzc2l2ZV9yZWNpcGUBMRUAACbwm-eohZ3xBBUCKAJDMywXQCV3S8an754YEmRhc2hfYmFzZWxpbmVfMV92MREAdf4HZZapAQA&_nc_gid=xOnpaxoOmcACjyl7Qt9sKQ&_nc_ss=7a3ba&_nc_zt=28&oh=00_AQIXvVuF1aM7L4V-xu-v5oMOzj_BvK0ltmWW2V0vx6kJvQ&oe=6AB2E549,1788497021
zara_amaya_,106070,"Alma 🇨🇴 Latina 🌴
Buenas Vibras 
""Desde Medellín, con amor ❣️”",Dc0ym49Rt0d,"de mi último viaje 🇺🇸 
jaja no me quería parar de la cama 
#ᴛʙᴛ #fyp #viral #travelphotography",1453,119,20792,https://scontent-cph2-1.cdninstagram.com/o1/v/t16/f2/m84/AQMrClcXQ4ZiXDiRTjuRqbwk6HHkzF-dfV5s1wgn6TLZ7RHkn2UaFgCFeB1vbIL4dHTw9g8PvoNiFoEbHci7UVUpFDUfUHTvKPM0oP4.mp4?_nc_cat=103&_nc_sid=5e9851&_nc_ht=scontent-cph2-1.cdninstagram.com&_nc_ohc=dvFtlPhPqqIQ7kNvwF4X0rp&efg=eyJ2ZW5jb2RlX3RhZyI6Inhwdl9wcm9ncmVzc2l2ZS5JTlNUQUdSQU0uQ0xJUFMuQzMuNzIwLmRhc2hfYmFzZWxpbmVfMV92MSIsInhwdl9hc3NldF9pZCI6MTQxNDAwMzY1NzMyODc0MiwiYXNzZXRfYWdlX2RheXMiOjE3LCJ2aV91c2VjYXNlX2lkIjoxMDgyNywiZHVyYXRpb25fcyI6MTAsInVybGdlbl9zb3VyY2UiOiJ3d3cifQ%3D%3D&ccb=17-1&vs=2feaa4f82033ec3e&_nc_vs=HBksFQIYTGlnX2JhY2tmaWxsX3RpbWVsaW5lX3ZvZC8zRjQwOEYyODE5NUZEREFGQThCRjJBQkQ1MEQ4RDlBN192aWRlb19kYXNoaW5pdC5tcDQVAALIARIAFQIYUWlnX3hwdl9wbGFjZW1lbnRfcGVybWFuZW50X3YyLzQ4NDgyNjUzMkE4N0Y2QjZDRTE0Q0U3NDZGMUU0NDkzX2F1ZGlvX2Rhc2hpbml0Lm1wNBUCAsgBEgAoABgAGwKIB3VzZV9vaWwBMRJwcm9ncmVzc2l2ZV9yZWNpcGUBMRUAACbMoaab7IGDBRUCKAJDMywXQCQQ5WBBiTcYEmRhc2hfYmFzZWxpbmVfMV92MREAdf4HZZapAQA&_nc_gid=ZckFFs7rY7p1Gf1R-VX2wQ&_nc_ss=7a3ba&_nc_zt=28&oh=00_AQIakzhK3abFL04nsly9Ni6WwABxAVHvwqBTEnuh8aFryA&oe=6AB2DCE1,1788437942
zara_amaya_,106070,"Alma 🇨🇴 Latina 🌴
Buenas Vibras 
""Desde Medellín, con amor ❣️”",DcdllGdBM1z,"¿Sabías que una de las mujeres más poderosas y temidas del narcotráfico tuvo una historia profundamente ligada a Medellín? 👀

Griselda Blanco, conocida como “La Madrina”, dejó una huella que todavía genera preguntas, historias y controversia.

Pero detrás del personaje que hemos visto tantas veces en series y documentales, existe una historia real… y Medellín fue escenario de una parte de ella.

En Medellín Tiene Historia te contamos esas historias que hacen parte de nuestra ciudad, incluso las que muchos prefieren no recordar. 🇨🇴

¿Ya conocías esta historia de Griselda Blanco? 👇
Cuéntanos qué otra historia de Medellín deberíamos investigar.

#MedellínTieneHistoria #Medellín #HistoriaDeMedellín #MedellínColombia #HistoriasDeMedellín GriseldaBlanco LaMadrina Colombia HistoriasDeColombia CulturaPaisa MedellínAntioquia OrigenMedellín",370,26,8384,https://scontent-cph2-1.cdninstagram.com/o1/v/t2/f2/m86/AQOTzTs6z0PYVv7iATVjJNRRCBK-BLfJQr-lTD_NuQw_2u0YXP_cYU-Y2-9saN9cxUQTnhUxkerrP8TgQGAeT7ZdOXAAavtdPZXnINY.mp4?_nc_cat=101&_nc_sid=5e9851&_nc_ht=scontent-cph2-1.cdninstagram.com&_nc_ohc=_LkJje-_-PsQ7kNvwGK_EYq&efg=eyJ2ZW5jb2RlX3RhZyI6Inhwdl9wcm9ncmVzc2l2ZS5JTlNUQUdSQU0uQ0xJUFMuQzMuNzIwLmRhc2hfYmFzZWxpbmVfMV92MSIsInhwdl9hc3NldF9pZCI6MTM2OTU0MTU1MjA1OTc1MCwiYXNzZXRfYWdlX2RheXMiOjI3LCJ2aV91c2VjYXNlX2lkIjoxMDA5OSwiZHVyYXRpb25fcyI6MTMxLCJ1cmxnZW5fc291cmNlIjoid3d3In0%3D&ccb=17-1&vs=babd28c8962cfb57&_nc_vs=HBksFQIYUmlnX3hwdl9yZWVsc19wZXJtYW5lbnRfc3JfcHJvZC9FNjQ1QzI0M0RBREZDMTE4QzcyNzRGNThBOTA4OTNCMV92aWRlb19kYXNoaW5pdC5tcDQVAALIARIAFQIYUWlnX3hwdl9wbGFjZW1lbnRfcGVybWFuZW50X3YyLzE0NEE2RjJDREFBRkM5NDY5QzcxMEU0NTE5QzAzNUEwX2F1ZGlvX2Rhc2hpbml0Lm1wNBUCAsgBEgAoABgAGwKIB3VzZV9vaWwBMRJwcm9ncmVzc2l2ZV9yZWNpcGUBMRUAACbM1bnb5-XuBBUCKAJDMywXQGB2ZmZmZmYYEmRhc2hfYmFzZWxpbmVfMV92MREAdf4HZeadAQA&_nc_gid=ZckFFs7rY7p1Gf1R-VX2wQ&_nc_ss=7a3ba&_nc_zt=28&oh=00_AQJ94KJLAnXgmcAoDjyulz5y9X2kPT40Tw8gSVqJ567ZGw&oe=6AB2BDA6,1787659208
zara_amaya_,106070,"Alma 🇨🇴 Latina 🌴
Buenas Vibras 
""Desde Medellín, con amor ❣️”",Dcg815sJJh4,#pardaise 🏞️😎,1686,136,12148,https://scontent-cph2-1.cdninstagram.com/o1/v/t16/f2/m84/AQNaw4zW-BpRY8BSbRfDKB1YgCaSrZekVUfz8ypng3riFyPe2njE527j0VDq9f2vMAcFH5nF_GB98ye5lqY70N_R4N1fJcRXos_Ju3U.mp4?_nc_cat=111&_nc_sid=5e9851&_nc_ht=scontent-cph2-1.cdninstagram.com&_nc_ohc=LlsT58jeMU4Q7kNvwFBX6uL&efg=eyJ2ZW5jb2RlX3RhZyI6Inhwdl9wcm9ncmVzc2l2ZS5JTlNUQUdSQU0uQ0xJUFMuQzMuNzIwLmRhc2hfYmFzZWxpbmVfMV92MSIsInhwdl9hc3NldF9pZCI6MTgxMzI4ODkxMzQzNDIzNiwiYXNzZXRfYWdlX2RheXMiOjI1LCJ2aV91c2VjYXNlX2lkIjoxMDgyNywiZHVyYXRpb25fcyI6MTUsInVybGdlbl9zb3VyY2UiOiJ3d3cifQ%3D%3D&ccb=17-1&vs=e60fc3e87fd8dd6d&_nc_vs=HBkcFQIYTGlnX2JhY2tmaWxsX3RpbWVsaW5lX3ZvZC82NDQwQTlBNzk0MDFGOUI0NEU1OUE0NTQ3QUM3Q0Q5Rl92aWRlb19kYXNoaW5pdC5tcDQVAALIARIAKAAYABsCiAd1c2Vfb2lsATEScHJvZ3Jlc3NpdmVfcmVjaXBlATEVAAAm-Nn7mKfLuAYVAigCQzMsF0AvKn752yLRGBJkYXNoX2Jhc2VsaW5lXzFfdjERAHX-B2WWqQEA&_nc_gid=ZckFFs7rY7p1Gf1R-VX2wQ&_nc_ss=7a3ba&_nc_zt=28&oh=00_AQIPVfhUdhYhvyVaPeVUvO-uMtwW5jRy08JcKSuy4yFNzw&oe=6AB2D119,1787772195
zara_amaya_,106070,"Alma 🇨🇴 Latina 🌴
Buenas Vibras 
""Desde Medellín, con amor ❣️”",DcjjPCyJovR,"🍑🥵😎
#lifestyle #weekend #fyp #viral",978,106,9705,https://scontent-cph2-1.cdninstagram.com/o1/v/t16/f2/m84/AQMK2-XiNuJge9CW42IbtCCnO0fj6EcL2LUzShOeQKN4sXMwYkUsH5TbOehGlO_EQ6f8IRoeW7mrvDSqHs7fQ4AVSAVCZX8hK1jVoBo.mp4?_nc_cat=108&_nc_sid=5e9851&_nc_ht=scontent-cph2-1.cdninstagram.com&_nc_ohc=rrVkOn8R0NMQ7kNvwHGzJgj&efg=eyJ2ZW5jb2RlX3RhZyI6Inhwdl9wcm9ncmVzc2l2ZS5JTlNUQUdSQU0uQ0xJUFMuQzMuNzIwLmRhc2hfYmFzZWxpbmVfMV92MSIsInhwdl9hc3NldF9pZCI6MTQwOTIzMjQ3NzcyODg1NSwiYXNzZXRfYWdlX2RheXMiOjI0LCJ2aV91c2VjYXNlX2lkIjoxMDgyNywiZHVyYXRpb25fcyI6MTAsInVybGdlbl9zb3VyY2UiOiJ3d3cifQ%3D%3D&ccb=17-1&vs=2f904ef850f811c&_nc_vs=HBksFQIYTGlnX2JhY2tmaWxsX3RpbWVsaW5lX3ZvZC81RTQ5MjQ3OTg1NDM3RjdGM0Q3MkU4OUIyODAzRENCMF92aWRlb19kYXNoaW5pdC5tcDQVAALIARIAFQIYUWlnX3hwdl9wbGFjZW1lbnRfcGVybWFuZW50X3YyL0FCNEVCODNDMDVCNjNDNUE4MkZBODI0NDE4OTU4MEI5X2F1ZGlvX2Rhc2hpbml0Lm1wNBUCAsgBEgAoABgAGwKIB3VzZV9vaWwBMRJwcm9ncmVzc2l2ZV9yZWNpcGUBMRUAACauwe2TkOyABRUCKAJDMywXQCQU_fO2RaIYEmRhc2hfYmFzZWxpbmVfMV92MREAdf4HZZapAQA&_nc_gid=ZckFFs7rY7p1Gf1R-VX2wQ&_nc_ss=7a3ba&_nc_zt=28&oh=00_AQJUn4Exd9ZBGUU-lqZVIkZ4kJXma6GzwCX02ElGVc783A&oe=6AB2CBF0,1787859418
zara_amaya_,106070,"Alma 🇨🇴 Latina 🌴
Buenas Vibras 
""Desde Medellín, con amor ❣️”",DcL2bxCCgtg,"❤️ Dale ME GUSTA a este video y cuéntanos qué opinas.

Pablo Escobar: para algunos, un hombre que ayudó a comunidades; para otros, una figura marcada por el terror y la violencia.

Pero queremos saber tu opinión 👇🏼

🗳️ PARA TI, ¿QUIÉN FUE PABLO?

🅰️ Un hombre que ayudó a los necesitados.
🅱️ Un hombre que sembró terror.
🅲️ Una figura compleja, con ambas caras.

💬 Comenta A, B o C y cuéntanos por qué.
❤️ Dale like y comparte si quieres que más personas opinen.

#Medellín #PabloEscobar #HistoriaDeMedellín #MedellínTieneHistoria #Colombia Historia MedellínColombia OrigenMedellín",448,27,9091,https://scontent-cph2-1.cdninstagram.com/o1/v/t2/f2/m86/AQMHvTLc2SL7YBr60s2PHHu7WLT9aMr8xfmgXd38jHSb1y_PLRo7HwCcaMmp4fIQNpNe5guVJVB3tNH1H3pWn0SnMe7AJt_hVb4iLLo.mp4?_nc_cat=106&_nc_sid=5e9851&_nc_ht=scontent-cph2-1.cdninstagram.com&_nc_ohc=zDx2qUA4jRcQ7kNvwG0f62u&efg=eyJ2ZW5jb2RlX3RhZyI6Inhwdl9wcm9ncmVzc2l2ZS5JTlNUQUdSQU0uQ0xJUFMuQzMuNzIwLmRhc2hfYmFzZWxpbmVfMV92MSIsInhwdl9hc3NldF9pZCI6MTg1MDE0NjM1OTI3Nzc1OSwiYXNzZXRfYWdlX2RheXMiOjMzLCJ2aV91c2VjYXNlX2lkIjoxMDA5OSwiZHVyYXRpb25fcyI6MTUxLCJ1cmxnZW5fc291cmNlIjoid3d3In0%3D&ccb=17-1&vs=92d35faf014e8a65&_nc_vs=HBksFQIYUmlnX3hwdl9yZWVsc19wZXJtYW5lbnRfc3JfcHJvZC9CNjQ5RDYyRjQxRjdCMTk3RDFEOEVBNjM1OUU2M0JBRV92aWRlb19kYXNoaW5pdC5tcDQVAALIARIAFQIYUWlnX3hwdl9wbGFjZW1lbnRfcGVybWFuZW50X3YyL0JENDlBQThENjIyNjVBOUIyMEYxQTNGNDhEMTBFMEIxX2F1ZGlvX2Rhc2hpbml0Lm1wNBUCAsgBEgAoABgAGwKIB3VzZV9vaWwBMRJwcm9ncmVzc2l2ZV9yZWNpcGUBMRUAACb-4rfI2KzJBhUCKAJDMywXQGL1T987ZFoYEmRhc2hfYmFzZWxpbmVfMV92MREAdf4HZeadAQA&_nc_gid=ZckFFs7rY7p1Gf1R-VX2wQ&_nc_ss=7a3ba&_nc_zt=28&oh=00_AQJYsQ4k0kryvL260EEY9Melq_mvE6ryioXQAIaXYv1ycA&oe=6AB2B633,1787064550
